
C:/Repositories/pico/es-student/133-led-button-usb/debug/133_led_button_debounce_usb.elf:     file format elf32-littlearm

Sections:
Idx Name          Size      VMA       LMA       File off  Algn
  0 .boot2        00000100  10000000  10000000  00001000  2**0
                  CONTENTS, ALLOC, LOAD, READONLY, CODE
  1 .text         00006310  10000100  10000100  00001100  2**3
                  CONTENTS, ALLOC, LOAD, READONLY, CODE
  2 .rodata       00000658  10006410  10006410  00007410  2**3
                  CONTENTS, ALLOC, LOAD, READONLY, DATA
  3 .binary_info  00000020  10006a68  10006a68  00007a68  2**2
                  CONTENTS, ALLOC, LOAD, READONLY, DATA
  4 .xip_ram      00000000  15000000  15000000  000090b0  2**0
                  CONTENTS
  5 .ram_vector_table 000000c0  20000000  20000000  0000a000  2**2
                  ALLOC
  6 .uninitialized_data 00000000  200000c0  200000c0  000090b0  2**0
                  CONTENTS
  7 .data         00000ff0  200000c0  10006a88  000080c0  2**4
                  CONTENTS, ALLOC, LOAD, READONLY, CODE
  8 .tdata        00000000  200010b0  200010b0  000090b0  2**0
                  CONTENTS, ALLOC, LOAD, DATA, THREAD_LOCAL
  9 .tbss         00000000  200010b0  200010b0  00000000  2**0
                  ALLOC, THREAD_LOCAL
 10 .tbss_space   00000000  200010b0  200010b0  000090b0  2**0
                  CONTENTS
 11 .bss          00000c18  200010b0  10007a78  000090b0  2**3
                  ALLOC
 12 .tls0         00000000  20001cc8  20001cc8  000090b0  2**0
                  CONTENTS
 13 .tls1         00000000  20001cc8  20001cc8  000090b0  2**0
                  CONTENTS
 14 .persistent_data 00000000  20001cc8  20001cc8  000090b0  2**0
                  CONTENTS
 15 .dummy_pre_heap 00000000  20001cc8  20001cc8  000090b0  2**0
                  CONTENTS
 16 .heap         00000800  20001cc8  20001cc8  0000a000  2**2
                  ALLOC, READONLY
 17 .scratch_x    00000000  20040000  20040000  000090b0  2**0
                  CONTENTS
 18 .scratch_y    00000000  20041000  20041000  000090b0  2**0
                  CONTENTS
 19 .stack_dummy  00000800  20041000  20041000  0000a000  2**5
                  ALLOC, READONLY
 20 .debug_info   0002e841  00000000  00000000  000090b0  2**0
                  CONTENTS, READONLY, DEBUGGING, OCTETS
 21 .debug_abbrev 00007cf6  00000000  00000000  000378f1  2**0
                  CONTENTS, READONLY, DEBUGGING, OCTETS
 22 .debug_loc    000254e1  00000000  00000000  0003f5e7  2**0
                  CONTENTS, READONLY, DEBUGGING, OCTETS
 23 .debug_aranges 00001608  00000000  00000000  00064ac8  2**3
                  CONTENTS, READONLY, DEBUGGING, OCTETS
 24 .debug_ranges 0000b720  00000000  00000000  000660d0  2**3
                  CONTENTS, READONLY, DEBUGGING, OCTETS
 25 .debug_line   0002148f  00000000  00000000  000717f0  2**0
                  CONTENTS, READONLY, DEBUGGING, OCTETS
 26 .debug_str    00008a6d  00000000  00000000  00092c7f  2**0
                  CONTENTS, READONLY, DEBUGGING, OCTETS
 27 .comment      00000049  00000000  00000000  0009b6ec  2**0
                  CONTENTS, READONLY
 28 .ARM.attributes 0000002a  00000000  00000000  0009b735  2**0
                  CONTENTS, READONLY
 29 .debug_frame  00002db4  00000000  00000000  0009b760  2**2
                  CONTENTS, READONLY, DEBUGGING, OCTETS

C:/Repositories/pico/es-student/133-led-button-usb/debug/133_led_button_debounce_usb.elf:     file format elf32-littlearm


Disassembly of section .boot2:

10000000 <__boot2_start__>:
10000000:	4b32b500 	.word	0x4b32b500
10000004:	60582021 	.word	0x60582021
10000008:	21026898 	.word	0x21026898
1000000c:	60984388 	.word	0x60984388
10000010:	611860d8 	.word	0x611860d8
10000014:	4b2e6158 	.word	0x4b2e6158
10000018:	60992100 	.word	0x60992100
1000001c:	61592102 	.word	0x61592102
10000020:	22f02101 	.word	0x22f02101
10000024:	492b5099 	.word	0x492b5099
10000028:	21016019 	.word	0x21016019
1000002c:	20356099 	.word	0x20356099
10000030:	f844f000 	.word	0xf844f000
10000034:	42902202 	.word	0x42902202
10000038:	2106d014 	.word	0x2106d014
1000003c:	f0006619 	.word	0xf0006619
10000040:	6e19f834 	.word	0x6e19f834
10000044:	66192101 	.word	0x66192101
10000048:	66182000 	.word	0x66182000
1000004c:	f000661a 	.word	0xf000661a
10000050:	6e19f82c 	.word	0x6e19f82c
10000054:	6e196e19 	.word	0x6e196e19
10000058:	f0002005 	.word	0xf0002005
1000005c:	2101f82f 	.word	0x2101f82f
10000060:	d1f94208 	.word	0xd1f94208
10000064:	60992100 	.word	0x60992100
10000068:	6019491b 	.word	0x6019491b
1000006c:	60592100 	.word	0x60592100
10000070:	481b491a 	.word	0x481b491a
10000074:	21016001 	.word	0x21016001
10000078:	21eb6099 	.word	0x21eb6099
1000007c:	21a06619 	.word	0x21a06619
10000080:	f0006619 	.word	0xf0006619
10000084:	2100f812 	.word	0x2100f812
10000088:	49166099 	.word	0x49166099
1000008c:	60014814 	.word	0x60014814
10000090:	60992101 	.word	0x60992101
10000094:	2800bc01 	.word	0x2800bc01
10000098:	4700d000 	.word	0x4700d000
1000009c:	49134812 	.word	0x49134812
100000a0:	c8036008 	.word	0xc8036008
100000a4:	8808f380 	.word	0x8808f380
100000a8:	b5034708 	.word	0xb5034708
100000ac:	20046a99 	.word	0x20046a99
100000b0:	d0fb4201 	.word	0xd0fb4201
100000b4:	42012001 	.word	0x42012001
100000b8:	bd03d1f8 	.word	0xbd03d1f8
100000bc:	6618b502 	.word	0x6618b502
100000c0:	f7ff6618 	.word	0xf7ff6618
100000c4:	6e18fff2 	.word	0x6e18fff2
100000c8:	bd026e18 	.word	0xbd026e18
100000cc:	40020000 	.word	0x40020000
100000d0:	18000000 	.word	0x18000000
100000d4:	00070000 	.word	0x00070000
100000d8:	005f0300 	.word	0x005f0300
100000dc:	00002221 	.word	0x00002221
100000e0:	180000f4 	.word	0x180000f4
100000e4:	a0002022 	.word	0xa0002022
100000e8:	10000100 	.word	0x10000100
100000ec:	e000ed08 	.word	0xe000ed08
	...
100000fc:	7a4eb274 	.word	0x7a4eb274

Disassembly of section .text:

10000100 <__VECTOR_TABLE>:
10000100:	20042000 	.word	0x20042000
10000104:	100001f7 	.word	0x100001f7
10000108:	100001cb 	.word	0x100001cb
1000010c:	100001cd 	.word	0x100001cd
10000110:	100001c9 	.word	0x100001c9
10000114:	100001c9 	.word	0x100001c9
10000118:	100001c9 	.word	0x100001c9
1000011c:	100001c9 	.word	0x100001c9
10000120:	100001c9 	.word	0x100001c9
10000124:	100001c9 	.word	0x100001c9
10000128:	100001c9 	.word	0x100001c9
1000012c:	100001cf 	.word	0x100001cf
10000130:	100001c9 	.word	0x100001c9
10000134:	100001c9 	.word	0x100001c9
10000138:	100001d1 	.word	0x100001d1
1000013c:	100001d3 	.word	0x100001d3
10000140:	100001c1 	.word	0x100001c1
10000144:	100001c1 	.word	0x100001c1
10000148:	100001c1 	.word	0x100001c1
1000014c:	100001c1 	.word	0x100001c1
10000150:	100001c1 	.word	0x100001c1
10000154:	100001c1 	.word	0x100001c1
10000158:	100001c1 	.word	0x100001c1
1000015c:	100001c1 	.word	0x100001c1
10000160:	100001c1 	.word	0x100001c1
10000164:	100001c1 	.word	0x100001c1
10000168:	100001c1 	.word	0x100001c1
1000016c:	100001c1 	.word	0x100001c1
10000170:	100001c1 	.word	0x100001c1
10000174:	100001c1 	.word	0x100001c1
10000178:	100001c1 	.word	0x100001c1
1000017c:	100001c1 	.word	0x100001c1
10000180:	100001c1 	.word	0x100001c1
10000184:	100001c1 	.word	0x100001c1
10000188:	100001c1 	.word	0x100001c1
1000018c:	100001c1 	.word	0x100001c1
10000190:	100001c1 	.word	0x100001c1
10000194:	100001c1 	.word	0x100001c1
10000198:	100001c1 	.word	0x100001c1
1000019c:	100001c1 	.word	0x100001c1
100001a0:	100001c1 	.word	0x100001c1
100001a4:	100001c1 	.word	0x100001c1
100001a8:	100001c1 	.word	0x100001c1
100001ac:	100001c1 	.word	0x100001c1
100001b0:	100001c1 	.word	0x100001c1
100001b4:	100001c1 	.word	0x100001c1
100001b8:	100001c1 	.word	0x100001c1
100001bc:	100001c1 	.word	0x100001c1

100001c0 <__unhandled_user_irq>:
100001c0:	f3ef 8005 	mrs	r0, IPSR
100001c4:	3810      	subs	r0, #16

100001c6 <unhandled_user_irq_num_in_r0>:
100001c6:	be00      	bkpt	0x0000

100001c8 <isr_invalid>:
100001c8:	be00      	bkpt	0x0000

100001ca <isr_nmi>:
100001ca:	be00      	bkpt	0x0000

100001cc <isr_hardfault>:
100001cc:	be00      	bkpt	0x0000

100001ce <isr_svcall>:
100001ce:	be00      	bkpt	0x0000

100001d0 <isr_pendsv>:
100001d0:	be00      	bkpt	0x0000

100001d2 <isr_systick>:
100001d2:	be00      	bkpt	0x0000

100001d4 <__default_isrs_end>:
100001d4:	7188ebf2 	.word	0x7188ebf2
100001d8:	10006a68 	.word	0x10006a68
100001dc:	10006a88 	.word	0x10006a88
100001e0:	10000238 	.word	0x10000238
100001e4:	e71aa390 	.word	0xe71aa390

100001e8 <_entry_point>:
100001e8:	2000      	movs	r0, #0

100001ea <_enter_vtable_in_r0>:
100001ea:	491e      	ldr	r1, [pc, #120]	; (10000264 <data_cpy_table+0x2c>)
100001ec:	6008      	str	r0, [r1, #0]
100001ee:	c806      	ldmia	r0!, {r1, r2}
100001f0:	f381 8808 	msr	MSP, r1
100001f4:	4710      	bx	r2

100001f6 <_reset_handler>:
100001f6:	481c      	ldr	r0, [pc, #112]	; (10000268 <data_cpy_table+0x30>)
100001f8:	6800      	ldr	r0, [r0, #0]
100001fa:	2800      	cmp	r0, #0
100001fc:	d001      	beq.n	10000202 <hold_non_core0_in_bootrom+0x4>

100001fe <hold_non_core0_in_bootrom>:
100001fe:	2000      	movs	r0, #0
10000200:	e7f3      	b.n	100001ea <_enter_vtable_in_r0>
10000202:	a40d      	add	r4, pc, #52	; (adr r4, 10000238 <data_cpy_table>)
10000204:	cc0e      	ldmia	r4!, {r1, r2, r3}
10000206:	2900      	cmp	r1, #0
10000208:	d002      	beq.n	10000210 <hold_non_core0_in_bootrom+0x12>
1000020a:	f000 f812 	bl	10000232 <data_cpy>
1000020e:	e7f9      	b.n	10000204 <hold_non_core0_in_bootrom+0x6>
10000210:	4916      	ldr	r1, [pc, #88]	; (1000026c <data_cpy_table+0x34>)
10000212:	4a17      	ldr	r2, [pc, #92]	; (10000270 <data_cpy_table+0x38>)
10000214:	2000      	movs	r0, #0
10000216:	e000      	b.n	1000021a <bss_fill_test>

10000218 <bss_fill_loop>:
10000218:	c101      	stmia	r1!, {r0}

1000021a <bss_fill_test>:
1000021a:	4291      	cmp	r1, r2
1000021c:	d1fc      	bne.n	10000218 <bss_fill_loop>

1000021e <platform_entry>:
1000021e:	4915      	ldr	r1, [pc, #84]	; (10000274 <data_cpy_table+0x3c>)
10000220:	4788      	blx	r1
10000222:	4915      	ldr	r1, [pc, #84]	; (10000278 <data_cpy_table+0x40>)
10000224:	4788      	blx	r1
10000226:	4915      	ldr	r1, [pc, #84]	; (1000027c <data_cpy_table+0x44>)
10000228:	4788      	blx	r1
1000022a:	be00      	bkpt	0x0000
1000022c:	e7fd      	b.n	1000022a <platform_entry+0xc>

1000022e <data_cpy_loop>:
1000022e:	c901      	ldmia	r1!, {r0}
10000230:	c201      	stmia	r2!, {r0}

10000232 <data_cpy>:
10000232:	429a      	cmp	r2, r3
10000234:	d3fb      	bcc.n	1000022e <data_cpy_loop>

10000236 <data_cpy_done>:
10000236:	4770      	bx	lr

10000238 <data_cpy_table>:
10000238:	10006a88 	.word	0x10006a88
1000023c:	200000c0 	.word	0x200000c0
10000240:	200010b0 	.word	0x200010b0
10000244:	10007a78 	.word	0x10007a78
10000248:	20040000 	.word	0x20040000
1000024c:	20040000 	.word	0x20040000
10000250:	10007a78 	.word	0x10007a78
10000254:	20041000 	.word	0x20041000
10000258:	20041000 	.word	0x20041000
1000025c:	00000000 	.word	0x00000000
10000260:	4770      	bx	lr
10000262:	0000      	.short	0x0000
10000264:	e000ed08 	.word	0xe000ed08
10000268:	d0000000 	.word	0xd0000000
1000026c:	200010b0 	.word	0x200010b0
10000270:	20001cc8 	.word	0x20001cc8
10000274:	10003b65 	.word	0x10003b65
10000278:	10000281 	.word	0x10000281
1000027c:	10003b5d 	.word	0x10003b5d

10000280 <main>:
10000280:	b5f8      	push	{r3, r4, r5, r6, r7, lr}
10000282:	46de      	mov	lr, fp
10000284:	4657      	mov	r7, sl
10000286:	464e      	mov	r6, r9
10000288:	4645      	mov	r5, r8
1000028a:	b5e0      	push	{r5, r6, r7, lr}
1000028c:	f003 fda6 	bl	10003ddc <stdio_init_all>
10000290:	2019      	movs	r0, #25
10000292:	f000 f85f 	bl	10000354 <gpio_init>
10000296:	25d0      	movs	r5, #208	; 0xd0
10000298:	2380      	movs	r3, #128	; 0x80
1000029a:	2680      	movs	r6, #128	; 0x80
1000029c:	049b      	lsls	r3, r3, #18
1000029e:	062d      	lsls	r5, r5, #24
100002a0:	626b      	str	r3, [r5, #36]	; 0x24
100002a2:	200f      	movs	r0, #15
100002a4:	0236      	lsls	r6, r6, #8
100002a6:	f000 f855 	bl	10000354 <gpio_init>
100002aa:	2200      	movs	r2, #0
100002ac:	2101      	movs	r1, #1
100002ae:	200f      	movs	r0, #15
100002b0:	62ae      	str	r6, [r5, #40]	; 0x28
100002b2:	f000 f835 	bl	10000320 <gpio_set_pulls>
100002b6:	2300      	movs	r3, #0
100002b8:	4698      	mov	r8, r3
100002ba:	4b16      	ldr	r3, [pc, #88]	; (10000314 <main+0x94>)
100002bc:	2700      	movs	r7, #0
100002be:	469b      	mov	fp, r3
100002c0:	4b15      	ldr	r3, [pc, #84]	; (10000318 <main+0x98>)
100002c2:	469a      	mov	sl, r3
100002c4:	2301      	movs	r3, #1
100002c6:	4699      	mov	r9, r3
100002c8:	686c      	ldr	r4, [r5, #4]
100002ca:	2014      	movs	r0, #20
100002cc:	f000 feae 	bl	1000102c <sleep_ms>
100002d0:	4234      	tst	r4, r6
100002d2:	d00a      	beq.n	100002ea <main+0x6a>
100002d4:	686b      	ldr	r3, [r5, #4]
100002d6:	4233      	tst	r3, r6
100002d8:	d007      	beq.n	100002ea <main+0x6a>
100002da:	2301      	movs	r3, #1
100002dc:	686c      	ldr	r4, [r5, #4]
100002de:	2014      	movs	r0, #20
100002e0:	4698      	mov	r8, r3
100002e2:	f000 fea3 	bl	1000102c <sleep_ms>
100002e6:	4234      	tst	r4, r6
100002e8:	d1f4      	bne.n	100002d4 <main+0x54>
100002ea:	4643      	mov	r3, r8
100002ec:	2b00      	cmp	r3, #0
100002ee:	d0eb      	beq.n	100002c8 <main+0x48>
100002f0:	464b      	mov	r3, r9
100002f2:	405f      	eors	r7, r3
100002f4:	2380      	movs	r3, #128	; 0x80
100002f6:	b2ff      	uxtb	r7, r7
100002f8:	049b      	lsls	r3, r3, #18
100002fa:	2f00      	cmp	r7, #0
100002fc:	d007      	beq.n	1000030e <main+0x8e>
100002fe:	4659      	mov	r1, fp
10000300:	616b      	str	r3, [r5, #20]
10000302:	4650      	mov	r0, sl
10000304:	f003 fe44 	bl	10003f90 <__wrap_printf>
10000308:	2300      	movs	r3, #0
1000030a:	4698      	mov	r8, r3
1000030c:	e7dc      	b.n	100002c8 <main+0x48>
1000030e:	4903      	ldr	r1, [pc, #12]	; (1000031c <main+0x9c>)
10000310:	61ab      	str	r3, [r5, #24]
10000312:	e7f6      	b.n	10000302 <main+0x82>
10000314:	10006410 	.word	0x10006410
10000318:	10006418 	.word	0x10006418
1000031c:	10006414 	.word	0x10006414

10000320 <gpio_set_pulls>:
10000320:	4b0b      	ldr	r3, [pc, #44]	; (10000350 <gpio_set_pulls+0x30>)
10000322:	0080      	lsls	r0, r0, #2
10000324:	469c      	mov	ip, r3
10000326:	4460      	add	r0, ip
10000328:	2900      	cmp	r1, #0
1000032a:	d10e      	bne.n	1000034a <gpio_set_pulls+0x2a>
1000032c:	2300      	movs	r3, #0
1000032e:	3104      	adds	r1, #4
10000330:	2a00      	cmp	r2, #0
10000332:	d100      	bne.n	10000336 <gpio_set_pulls+0x16>
10000334:	0019      	movs	r1, r3
10000336:	2280      	movs	r2, #128	; 0x80
10000338:	6803      	ldr	r3, [r0, #0]
1000033a:	0152      	lsls	r2, r2, #5
1000033c:	4059      	eors	r1, r3
1000033e:	4694      	mov	ip, r2
10000340:	230c      	movs	r3, #12
10000342:	4460      	add	r0, ip
10000344:	400b      	ands	r3, r1
10000346:	6003      	str	r3, [r0, #0]
10000348:	4770      	bx	lr
1000034a:	210c      	movs	r1, #12
1000034c:	2308      	movs	r3, #8
1000034e:	e7ef      	b.n	10000330 <gpio_set_pulls+0x10>
10000350:	4001c004 	.word	0x4001c004

10000354 <gpio_init>:
10000354:	2301      	movs	r3, #1
10000356:	22d0      	movs	r2, #208	; 0xd0
10000358:	4083      	lsls	r3, r0
1000035a:	2140      	movs	r1, #64	; 0x40
1000035c:	0612      	lsls	r2, r2, #24
1000035e:	6293      	str	r3, [r2, #40]	; 0x28
10000360:	6193      	str	r3, [r2, #24]
10000362:	4a09      	ldr	r2, [pc, #36]	; (10000388 <gpio_init+0x34>)
10000364:	0083      	lsls	r3, r0, #2
10000366:	189a      	adds	r2, r3, r2
10000368:	6812      	ldr	r2, [r2, #0]
1000036a:	00c0      	lsls	r0, r0, #3
1000036c:	4051      	eors	r1, r2
1000036e:	22c0      	movs	r2, #192	; 0xc0
10000370:	400a      	ands	r2, r1
10000372:	4906      	ldr	r1, [pc, #24]	; (1000038c <gpio_init+0x38>)
10000374:	468c      	mov	ip, r1
10000376:	4463      	add	r3, ip
10000378:	601a      	str	r2, [r3, #0]
1000037a:	4b05      	ldr	r3, [pc, #20]	; (10000390 <gpio_init+0x3c>)
1000037c:	469c      	mov	ip, r3
1000037e:	2305      	movs	r3, #5
10000380:	4460      	add	r0, ip
10000382:	6043      	str	r3, [r0, #4]
10000384:	4770      	bx	lr
10000386:	46c0      	nop			; (mov r8, r8)
10000388:	4001c004 	.word	0x4001c004
1000038c:	4001d004 	.word	0x4001d004
10000390:	40014000 	.word	0x40014000

10000394 <rp2040_chip_version>:
10000394:	2380      	movs	r3, #128	; 0x80
10000396:	05db      	lsls	r3, r3, #23
10000398:	6818      	ldr	r0, [r3, #0]
1000039a:	0f00      	lsrs	r0, r0, #28
1000039c:	4770      	bx	lr
1000039e:	46c0      	nop			; (mov r8, r8)

100003a0 <panic>:
100003a0:	b40f      	push	{r0, r1, r2, r3}
100003a2:	b500      	push	{lr}
100003a4:	4808      	ldr	r0, [pc, #32]	; (100003c8 <panic+0x28>)
100003a6:	b083      	sub	sp, #12
100003a8:	f003 fd68 	bl	10003e7c <__wrap_puts>
100003ac:	9b04      	ldr	r3, [sp, #16]
100003ae:	2b00      	cmp	r3, #0
100003b0:	d007      	beq.n	100003c2 <panic+0x22>
100003b2:	a905      	add	r1, sp, #20
100003b4:	0018      	movs	r0, r3
100003b6:	9101      	str	r1, [sp, #4]
100003b8:	f003 fbb4 	bl	10003b24 <weak_raw_vprintf>
100003bc:	4803      	ldr	r0, [pc, #12]	; (100003cc <panic+0x2c>)
100003be:	f003 fd5d 	bl	10003e7c <__wrap_puts>
100003c2:	2001      	movs	r0, #1
100003c4:	f003 fbc6 	bl	10003b54 <_exit>
100003c8:	10006420 	.word	0x10006420
100003cc:	10006544 	.word	0x10006544

100003d0 <hw_claim_or_assert>:
100003d0:	b570      	push	{r4, r5, r6, lr}
100003d2:	f3ef 8c10 	mrs	ip, PRIMASK
100003d6:	b672      	cpsid	i
100003d8:	4d0d      	ldr	r5, [pc, #52]	; (10000410 <hw_claim_or_assert+0x40>)
100003da:	682b      	ldr	r3, [r5, #0]
100003dc:	2b00      	cmp	r3, #0
100003de:	d0fc      	beq.n	100003da <hw_claim_or_assert+0xa>
100003e0:	f3bf 8f5f 	dmb	sy
100003e4:	2407      	movs	r4, #7
100003e6:	08cb      	lsrs	r3, r1, #3
100003e8:	18c6      	adds	r6, r0, r3
100003ea:	5cc0      	ldrb	r0, [r0, r3]
100003ec:	2301      	movs	r3, #1
100003ee:	400c      	ands	r4, r1
100003f0:	40a3      	lsls	r3, r4
100003f2:	001c      	movs	r4, r3
100003f4:	4004      	ands	r4, r0
100003f6:	4203      	tst	r3, r0
100003f8:	d107      	bne.n	1000040a <hw_claim_or_assert+0x3a>
100003fa:	4303      	orrs	r3, r0
100003fc:	7033      	strb	r3, [r6, #0]
100003fe:	f3bf 8f5f 	dmb	sy
10000402:	602c      	str	r4, [r5, #0]
10000404:	f38c 8810 	msr	PRIMASK, ip
10000408:	bd70      	pop	{r4, r5, r6, pc}
1000040a:	0010      	movs	r0, r2
1000040c:	f7ff ffc8 	bl	100003a0 <panic>
10000410:	d000012c 	.word	0xd000012c

10000414 <hw_claim_unused_from_range>:
10000414:	b5f8      	push	{r3, r4, r5, r6, r7, lr}
10000416:	4647      	mov	r7, r8
10000418:	46ce      	mov	lr, r9
1000041a:	4688      	mov	r8, r1
1000041c:	b580      	push	{r7, lr}
1000041e:	f3ef 8c10 	mrs	ip, PRIMASK
10000422:	b672      	cpsid	i
10000424:	4d21      	ldr	r5, [pc, #132]	; (100004ac <hw_claim_unused_from_range+0x98>)
10000426:	682c      	ldr	r4, [r5, #0]
10000428:	2c00      	cmp	r4, #0
1000042a:	d0fc      	beq.n	10000426 <hw_claim_unused_from_range+0x12>
1000042c:	f3bf 8f5f 	dmb	sy
10000430:	429a      	cmp	r2, r3
10000432:	d82c      	bhi.n	1000048e <hw_claim_unused_from_range+0x7a>
10000434:	08d4      	lsrs	r4, r2, #3
10000436:	2707      	movs	r7, #7
10000438:	5d05      	ldrb	r5, [r0, r4]
1000043a:	1906      	adds	r6, r0, r4
1000043c:	2401      	movs	r4, #1
1000043e:	4017      	ands	r7, r2
10000440:	40bc      	lsls	r4, r7
10000442:	422c      	tst	r4, r5
10000444:	d01f      	beq.n	10000486 <hw_claim_unused_from_range+0x72>
10000446:	2107      	movs	r1, #7
10000448:	2701      	movs	r7, #1
1000044a:	4689      	mov	r9, r1
1000044c:	e009      	b.n	10000462 <hw_claim_unused_from_range+0x4e>
1000044e:	08d4      	lsrs	r4, r2, #3
10000450:	5d05      	ldrb	r5, [r0, r4]
10000452:	1906      	adds	r6, r0, r4
10000454:	464c      	mov	r4, r9
10000456:	0039      	movs	r1, r7
10000458:	4014      	ands	r4, r2
1000045a:	40a1      	lsls	r1, r4
1000045c:	000c      	movs	r4, r1
1000045e:	4229      	tst	r1, r5
10000460:	d011      	beq.n	10000486 <hw_claim_unused_from_range+0x72>
10000462:	3201      	adds	r2, #1
10000464:	4293      	cmp	r3, r2
10000466:	d2f2      	bcs.n	1000044e <hw_claim_unused_from_range+0x3a>
10000468:	2001      	movs	r0, #1
1000046a:	4240      	negs	r0, r0
1000046c:	f3bf 8f5f 	dmb	sy
10000470:	2200      	movs	r2, #0
10000472:	4b0e      	ldr	r3, [pc, #56]	; (100004ac <hw_claim_unused_from_range+0x98>)
10000474:	601a      	str	r2, [r3, #0]
10000476:	f38c 8810 	msr	PRIMASK, ip
1000047a:	2800      	cmp	r0, #0
1000047c:	db0f      	blt.n	1000049e <hw_claim_unused_from_range+0x8a>
1000047e:	bcc0      	pop	{r6, r7}
10000480:	46b9      	mov	r9, r7
10000482:	46b0      	mov	r8, r6
10000484:	bdf8      	pop	{r3, r4, r5, r6, r7, pc}
10000486:	432c      	orrs	r4, r5
10000488:	0010      	movs	r0, r2
1000048a:	7034      	strb	r4, [r6, #0]
1000048c:	e7ee      	b.n	1000046c <hw_claim_unused_from_range+0x58>
1000048e:	f3bf 8f5f 	dmb	sy
10000492:	2300      	movs	r3, #0
10000494:	602b      	str	r3, [r5, #0]
10000496:	f38c 8810 	msr	PRIMASK, ip
1000049a:	2001      	movs	r0, #1
1000049c:	4240      	negs	r0, r0
1000049e:	4643      	mov	r3, r8
100004a0:	2b00      	cmp	r3, #0
100004a2:	d0ec      	beq.n	1000047e <hw_claim_unused_from_range+0x6a>
100004a4:	9808      	ldr	r0, [sp, #32]
100004a6:	f7ff ff7b 	bl	100003a0 <panic>
100004aa:	46c0      	nop			; (mov r8, r8)
100004ac:	d000012c 	.word	0xd000012c

100004b0 <next_striped_spin_lock_num>:
100004b0:	4a04      	ldr	r2, [pc, #16]	; (100004c4 <next_striped_spin_lock_num+0x14>)
100004b2:	7810      	ldrb	r0, [r2, #0]
100004b4:	1c43      	adds	r3, r0, #1
100004b6:	b2db      	uxtb	r3, r3
100004b8:	2b17      	cmp	r3, #23
100004ba:	d900      	bls.n	100004be <next_striped_spin_lock_num+0xe>
100004bc:	2310      	movs	r3, #16
100004be:	7013      	strb	r3, [r2, #0]
100004c0:	4770      	bx	lr
100004c2:	46c0      	nop			; (mov r8, r8)
100004c4:	20000fc8 	.word	0x20000fc8

100004c8 <spin_lock_claim_unused>:
100004c8:	b500      	push	{lr}
100004ca:	4b05      	ldr	r3, [pc, #20]	; (100004e0 <spin_lock_claim_unused+0x18>)
100004cc:	b083      	sub	sp, #12
100004ce:	0001      	movs	r1, r0
100004d0:	9300      	str	r3, [sp, #0]
100004d2:	2218      	movs	r2, #24
100004d4:	231f      	movs	r3, #31
100004d6:	4803      	ldr	r0, [pc, #12]	; (100004e4 <spin_lock_claim_unused+0x1c>)
100004d8:	f7ff ff9c 	bl	10000414 <hw_claim_unused_from_range>
100004dc:	b003      	add	sp, #12
100004de:	bd00      	pop	{pc}
100004e0:	10006430 	.word	0x10006430
100004e4:	2000180c 	.word	0x2000180c

100004e8 <spin_locks_reset>:
100004e8:	2100      	movs	r1, #0
100004ea:	4b04      	ldr	r3, [pc, #16]	; (100004fc <spin_locks_reset+0x14>)
100004ec:	4a04      	ldr	r2, [pc, #16]	; (10000500 <spin_locks_reset+0x18>)
100004ee:	f3bf 8f5f 	dmb	sy
100004f2:	c302      	stmia	r3!, {r1}
100004f4:	4293      	cmp	r3, r2
100004f6:	d1fa      	bne.n	100004ee <spin_locks_reset+0x6>
100004f8:	4770      	bx	lr
100004fa:	46c0      	nop			; (mov r8, r8)
100004fc:	d0000100 	.word	0xd0000100
10000500:	d0000180 	.word	0xd0000180

10000504 <runtime_init_per_core_irq_priorities>:
10000504:	4b05      	ldr	r3, [pc, #20]	; (1000051c <runtime_init_per_core_irq_priorities+0x18>)
10000506:	4a06      	ldr	r2, [pc, #24]	; (10000520 <runtime_init_per_core_irq_priorities+0x1c>)
10000508:	6013      	str	r3, [r2, #0]
1000050a:	4a06      	ldr	r2, [pc, #24]	; (10000524 <runtime_init_per_core_irq_priorities+0x20>)
1000050c:	6013      	str	r3, [r2, #0]
1000050e:	6053      	str	r3, [r2, #4]
10000510:	6093      	str	r3, [r2, #8]
10000512:	60d3      	str	r3, [r2, #12]
10000514:	6113      	str	r3, [r2, #16]
10000516:	6153      	str	r3, [r2, #20]
10000518:	6193      	str	r3, [r2, #24]
1000051a:	4770      	bx	lr
1000051c:	80808080 	.word	0x80808080
10000520:	e000e400 	.word	0xe000e400
10000524:	e000e404 	.word	0xe000e404

10000528 <irq_set_enabled>:
10000528:	231f      	movs	r3, #31
1000052a:	4018      	ands	r0, r3
1000052c:	3b1e      	subs	r3, #30
1000052e:	4083      	lsls	r3, r0
10000530:	2900      	cmp	r1, #0
10000532:	d005      	beq.n	10000540 <irq_set_enabled+0x18>
10000534:	21c0      	movs	r1, #192	; 0xc0
10000536:	4a04      	ldr	r2, [pc, #16]	; (10000548 <irq_set_enabled+0x20>)
10000538:	0049      	lsls	r1, r1, #1
1000053a:	5053      	str	r3, [r2, r1]
1000053c:	6013      	str	r3, [r2, #0]
1000053e:	4770      	bx	lr
10000540:	2280      	movs	r2, #128	; 0x80
10000542:	4901      	ldr	r1, [pc, #4]	; (10000548 <irq_set_enabled+0x20>)
10000544:	508b      	str	r3, [r1, r2]
10000546:	e7fa      	b.n	1000053e <irq_set_enabled+0x16>
10000548:	e000e100 	.word	0xe000e100

1000054c <irq_is_enabled>:
1000054c:	2201      	movs	r2, #1
1000054e:	4082      	lsls	r2, r0
10000550:	4b03      	ldr	r3, [pc, #12]	; (10000560 <irq_is_enabled+0x14>)
10000552:	681b      	ldr	r3, [r3, #0]
10000554:	4013      	ands	r3, r2
10000556:	1e5a      	subs	r2, r3, #1
10000558:	4193      	sbcs	r3, r2
1000055a:	b2d8      	uxtb	r0, r3
1000055c:	4770      	bx	lr
1000055e:	46c0      	nop			; (mov r8, r8)
10000560:	e000e100 	.word	0xe000e100

10000564 <irq_set_pending>:
10000564:	2301      	movs	r3, #1
10000566:	4083      	lsls	r3, r0
10000568:	4a01      	ldr	r2, [pc, #4]	; (10000570 <irq_set_pending+0xc>)
1000056a:	6013      	str	r3, [r2, #0]
1000056c:	4770      	bx	lr
1000056e:	46c0      	nop			; (mov r8, r8)
10000570:	e000e200 	.word	0xe000e200

10000574 <irq_has_shared_handler>:
10000574:	4b06      	ldr	r3, [pc, #24]	; (10000590 <irq_has_shared_handler+0x1c>)
10000576:	3010      	adds	r0, #16
10000578:	689b      	ldr	r3, [r3, #8]
1000057a:	0080      	lsls	r0, r0, #2
1000057c:	58c3      	ldr	r3, [r0, r3]
1000057e:	4a05      	ldr	r2, [pc, #20]	; (10000594 <irq_has_shared_handler+0x20>)
10000580:	2000      	movs	r0, #0
10000582:	1a9b      	subs	r3, r3, r2
10000584:	2247      	movs	r2, #71	; 0x47
10000586:	429a      	cmp	r2, r3
10000588:	4140      	adcs	r0, r0
1000058a:	b2c0      	uxtb	r0, r0
1000058c:	4770      	bx	lr
1000058e:	46c0      	nop			; (mov r8, r8)
10000590:	e000ed00 	.word	0xe000ed00
10000594:	20000fcc 	.word	0x20000fcc

10000598 <irq_set_exclusive_handler>:
10000598:	b510      	push	{r4, lr}
1000059a:	f3ef 8c10 	mrs	ip, PRIMASK
1000059e:	b672      	cpsid	i
100005a0:	4a0f      	ldr	r2, [pc, #60]	; (100005e0 <irq_set_exclusive_handler+0x48>)
100005a2:	6813      	ldr	r3, [r2, #0]
100005a4:	2b00      	cmp	r3, #0
100005a6:	d0fc      	beq.n	100005a2 <irq_set_exclusive_handler+0xa>
100005a8:	f3bf 8f5f 	dmb	sy
100005ac:	4b0d      	ldr	r3, [pc, #52]	; (100005e4 <irq_set_exclusive_handler+0x4c>)
100005ae:	3010      	adds	r0, #16
100005b0:	689b      	ldr	r3, [r3, #8]
100005b2:	0080      	lsls	r0, r0, #2
100005b4:	581b      	ldr	r3, [r3, r0]
100005b6:	4a0c      	ldr	r2, [pc, #48]	; (100005e8 <irq_set_exclusive_handler+0x50>)
100005b8:	4293      	cmp	r3, r2
100005ba:	d003      	beq.n	100005c4 <irq_set_exclusive_handler+0x2c>
100005bc:	4299      	cmp	r1, r3
100005be:	d001      	beq.n	100005c4 <irq_set_exclusive_handler+0x2c>
100005c0:	f000 fffc 	bl	100015bc <hard_assertion_failure>
100005c4:	4b07      	ldr	r3, [pc, #28]	; (100005e4 <irq_set_exclusive_handler+0x4c>)
100005c6:	689b      	ldr	r3, [r3, #8]
100005c8:	5019      	str	r1, [r3, r0]
100005ca:	f3bf 8f5f 	dmb	sy
100005ce:	f3bf 8f5f 	dmb	sy
100005d2:	2200      	movs	r2, #0
100005d4:	4b02      	ldr	r3, [pc, #8]	; (100005e0 <irq_set_exclusive_handler+0x48>)
100005d6:	601a      	str	r2, [r3, #0]
100005d8:	f38c 8810 	msr	PRIMASK, ip
100005dc:	bd10      	pop	{r4, pc}
100005de:	46c0      	nop			; (mov r8, r8)
100005e0:	d0000124 	.word	0xd0000124
100005e4:	e000ed00 	.word	0xe000ed00
100005e8:	100001c1 	.word	0x100001c1

100005ec <irq_add_shared_handler>:
100005ec:	b5f0      	push	{r4, r5, r6, r7, lr}
100005ee:	46de      	mov	lr, fp
100005f0:	4657      	mov	r7, sl
100005f2:	464e      	mov	r6, r9
100005f4:	4645      	mov	r5, r8
100005f6:	b5e0      	push	{r5, r6, r7, lr}
100005f8:	b083      	sub	sp, #12
100005fa:	9101      	str	r1, [sp, #4]
100005fc:	f3ef 8b10 	mrs	fp, PRIMASK
10000600:	b672      	cpsid	i
10000602:	495a      	ldr	r1, [pc, #360]	; (1000076c <irq_add_shared_handler+0x180>)
10000604:	680b      	ldr	r3, [r1, #0]
10000606:	2b00      	cmp	r3, #0
10000608:	d0fc      	beq.n	10000604 <irq_add_shared_handler+0x18>
1000060a:	f3bf 8f5f 	dmb	sy
1000060e:	2100      	movs	r1, #0
10000610:	4b57      	ldr	r3, [pc, #348]	; (10000770 <irq_add_shared_handler+0x184>)
10000612:	5659      	ldrsb	r1, [r3, r1]
10000614:	4689      	mov	r9, r1
10000616:	2900      	cmp	r1, #0
10000618:	da00      	bge.n	1000061c <irq_add_shared_handler+0x30>
1000061a:	e0a5      	b.n	10000768 <irq_add_shared_handler+0x17c>
1000061c:	0049      	lsls	r1, r1, #1
1000061e:	000d      	movs	r5, r1
10000620:	4c54      	ldr	r4, [pc, #336]	; (10000774 <irq_add_shared_handler+0x188>)
10000622:	444d      	add	r5, r9
10000624:	00ad      	lsls	r5, r5, #2
10000626:	1967      	adds	r7, r4, r5
10000628:	468a      	mov	sl, r1
1000062a:	79b9      	ldrb	r1, [r7, #6]
1000062c:	3010      	adds	r0, #16
1000062e:	7019      	strb	r1, [r3, #0]
10000630:	4b51      	ldr	r3, [pc, #324]	; (10000778 <irq_add_shared_handler+0x18c>)
10000632:	0081      	lsls	r1, r0, #2
10000634:	689b      	ldr	r3, [r3, #8]
10000636:	9100      	str	r1, [sp, #0]
10000638:	585b      	ldr	r3, [r3, r1]
1000063a:	4698      	mov	r8, r3
1000063c:	1b1b      	subs	r3, r3, r4
1000063e:	2b47      	cmp	r3, #71	; 0x47
10000640:	d82b      	bhi.n	1000069a <irq_add_shared_handler+0xae>
10000642:	2101      	movs	r1, #1
10000644:	4640      	mov	r0, r8
10000646:	4388      	bics	r0, r1
10000648:	79c3      	ldrb	r3, [r0, #7]
1000064a:	4293      	cmp	r3, r2
1000064c:	d808      	bhi.n	10000660 <irq_add_shared_handler+0x74>
1000064e:	e062      	b.n	10000716 <irq_add_shared_handler+0x12a>
10000650:	004b      	lsls	r3, r1, #1
10000652:	185b      	adds	r3, r3, r1
10000654:	009b      	lsls	r3, r3, #2
10000656:	18e3      	adds	r3, r4, r3
10000658:	79de      	ldrb	r6, [r3, #7]
1000065a:	4296      	cmp	r6, r2
1000065c:	d94c      	bls.n	100006f8 <irq_add_shared_handler+0x10c>
1000065e:	0018      	movs	r0, r3
10000660:	2106      	movs	r1, #6
10000662:	5641      	ldrsb	r1, [r0, r1]
10000664:	2900      	cmp	r1, #0
10000666:	daf3      	bge.n	10000650 <irq_add_shared_handler+0x64>
10000668:	1d03      	adds	r3, r0, #4
1000066a:	469c      	mov	ip, r3
1000066c:	4d43      	ldr	r5, [pc, #268]	; (1000077c <irq_add_shared_handler+0x190>)
1000066e:	4666      	mov	r6, ip
10000670:	1f3b      	subs	r3, r7, #4
10000672:	1b9b      	subs	r3, r3, r6
10000674:	4f42      	ldr	r7, [pc, #264]	; (10000780 <irq_add_shared_handler+0x194>)
10000676:	051b      	lsls	r3, r3, #20
10000678:	0d5b      	lsrs	r3, r3, #21
1000067a:	433b      	orrs	r3, r7
1000067c:	8083      	strh	r3, [r0, #4]
1000067e:	464b      	mov	r3, r9
10000680:	7183      	strb	r3, [r0, #6]
10000682:	4653      	mov	r3, sl
10000684:	444b      	add	r3, r9
10000686:	009b      	lsls	r3, r3, #2
10000688:	18e4      	adds	r4, r4, r3
1000068a:	4b3e      	ldr	r3, [pc, #248]	; (10000784 <irq_add_shared_handler+0x198>)
1000068c:	80a5      	strh	r5, [r4, #4]
1000068e:	6023      	str	r3, [r4, #0]
10000690:	9b01      	ldr	r3, [sp, #4]
10000692:	71a1      	strb	r1, [r4, #6]
10000694:	71e2      	strb	r2, [r4, #7]
10000696:	60a3      	str	r3, [r4, #8]
10000698:	e019      	b.n	100006ce <irq_add_shared_handler+0xe2>
1000069a:	4b3b      	ldr	r3, [pc, #236]	; (10000788 <irq_add_shared_handler+0x19c>)
1000069c:	4598      	cmp	r8, r3
1000069e:	d000      	beq.n	100006a2 <irq_add_shared_handler+0xb6>
100006a0:	e062      	b.n	10000768 <irq_add_shared_handler+0x17c>
100006a2:	4b3a      	ldr	r3, [pc, #232]	; (1000078c <irq_add_shared_handler+0x1a0>)
100006a4:	4936      	ldr	r1, [pc, #216]	; (10000780 <irq_add_shared_handler+0x194>)
100006a6:	5363      	strh	r3, [r4, r5]
100006a8:	4b39      	ldr	r3, [pc, #228]	; (10000790 <irq_add_shared_handler+0x1a4>)
100006aa:	3502      	adds	r5, #2
100006ac:	1964      	adds	r4, r4, r5
100006ae:	3b04      	subs	r3, #4
100006b0:	1b1b      	subs	r3, r3, r4
100006b2:	051b      	lsls	r3, r3, #20
100006b4:	0d5b      	lsrs	r3, r3, #21
100006b6:	430b      	orrs	r3, r1
100006b8:	807b      	strh	r3, [r7, #2]
100006ba:	4b36      	ldr	r3, [pc, #216]	; (10000794 <irq_add_shared_handler+0x1a8>)
100006bc:	71fa      	strb	r2, [r7, #7]
100006be:	80bb      	strh	r3, [r7, #4]
100006c0:	23ff      	movs	r3, #255	; 0xff
100006c2:	71bb      	strb	r3, [r7, #6]
100006c4:	9b01      	ldr	r3, [sp, #4]
100006c6:	60bb      	str	r3, [r7, #8]
100006c8:	2301      	movs	r3, #1
100006ca:	431f      	orrs	r7, r3
100006cc:	46b8      	mov	r8, r7
100006ce:	4641      	mov	r1, r8
100006d0:	4b29      	ldr	r3, [pc, #164]	; (10000778 <irq_add_shared_handler+0x18c>)
100006d2:	9a00      	ldr	r2, [sp, #0]
100006d4:	689b      	ldr	r3, [r3, #8]
100006d6:	5099      	str	r1, [r3, r2]
100006d8:	f3bf 8f5f 	dmb	sy
100006dc:	f3bf 8f5f 	dmb	sy
100006e0:	2200      	movs	r2, #0
100006e2:	4b22      	ldr	r3, [pc, #136]	; (1000076c <irq_add_shared_handler+0x180>)
100006e4:	601a      	str	r2, [r3, #0]
100006e6:	f38b 8810 	msr	PRIMASK, fp
100006ea:	b003      	add	sp, #12
100006ec:	bcf0      	pop	{r4, r5, r6, r7}
100006ee:	46bb      	mov	fp, r7
100006f0:	46b2      	mov	sl, r6
100006f2:	46a9      	mov	r9, r5
100006f4:	46a0      	mov	r8, r4
100006f6:	bdf0      	pop	{r4, r5, r6, r7, pc}
100006f8:	1d03      	adds	r3, r0, #4
100006fa:	469c      	mov	ip, r3
100006fc:	8883      	ldrh	r3, [r0, #4]
100006fe:	3504      	adds	r5, #4
10000700:	055b      	lsls	r3, r3, #21
10000702:	151b      	asrs	r3, r3, #20
10000704:	4463      	add	r3, ip
10000706:	1965      	adds	r5, r4, r5
10000708:	1b5d      	subs	r5, r3, r5
1000070a:	23e0      	movs	r3, #224	; 0xe0
1000070c:	052d      	lsls	r5, r5, #20
1000070e:	0d6d      	lsrs	r5, r5, #21
10000710:	021b      	lsls	r3, r3, #8
10000712:	431d      	orrs	r5, r3
10000714:	e7ab      	b.n	1000066e <irq_add_shared_handler+0x82>
10000716:	4b20      	ldr	r3, [pc, #128]	; (10000798 <irq_add_shared_handler+0x1ac>)
10000718:	71fa      	strb	r2, [r7, #7]
1000071a:	469c      	mov	ip, r3
1000071c:	0003      	movs	r3, r0
1000071e:	4666      	mov	r6, ip
10000720:	1b1b      	subs	r3, r3, r4
10000722:	415b      	adcs	r3, r3
10000724:	435e      	muls	r6, r3
10000726:	0d36      	lsrs	r6, r6, #20
10000728:	4b18      	ldr	r3, [pc, #96]	; (1000078c <irq_add_shared_handler+0x1a0>)
1000072a:	46b4      	mov	ip, r6
1000072c:	5363      	strh	r3, [r4, r5]
1000072e:	1cab      	adds	r3, r5, #2
10000730:	4698      	mov	r8, r3
10000732:	44a0      	add	r8, r4
10000734:	4646      	mov	r6, r8
10000736:	4b16      	ldr	r3, [pc, #88]	; (10000790 <irq_add_shared_handler+0x1a4>)
10000738:	3b04      	subs	r3, #4
1000073a:	1b9b      	subs	r3, r3, r6
1000073c:	051b      	lsls	r3, r3, #20
1000073e:	4e10      	ldr	r6, [pc, #64]	; (10000780 <irq_add_shared_handler+0x194>)
10000740:	0d5b      	lsrs	r3, r3, #21
10000742:	4333      	orrs	r3, r6
10000744:	807b      	strh	r3, [r7, #2]
10000746:	1d2b      	adds	r3, r5, #4
10000748:	18e3      	adds	r3, r4, r3
1000074a:	1ac3      	subs	r3, r0, r3
1000074c:	3b04      	subs	r3, #4
1000074e:	051b      	lsls	r3, r3, #20
10000750:	0d5b      	lsrs	r3, r3, #21
10000752:	4333      	orrs	r3, r6
10000754:	80bb      	strh	r3, [r7, #4]
10000756:	4663      	mov	r3, ip
10000758:	71bb      	strb	r3, [r7, #6]
1000075a:	9b01      	ldr	r3, [sp, #4]
1000075c:	60bb      	str	r3, [r7, #8]
1000075e:	4b09      	ldr	r3, [pc, #36]	; (10000784 <irq_add_shared_handler+0x198>)
10000760:	430f      	orrs	r7, r1
10000762:	46b8      	mov	r8, r7
10000764:	6003      	str	r3, [r0, #0]
10000766:	e7b2      	b.n	100006ce <irq_add_shared_handler+0xe2>
10000768:	f000 ff28 	bl	100015bc <hard_assertion_failure>
1000076c:	d0000124 	.word	0xd0000124
10000770:	20001cc1 	.word	0x20001cc1
10000774:	20000fcc 	.word	0x20000fcc
10000778:	e000ed00 	.word	0xe000ed00
1000077c:	0000bd01 	.word	0x0000bd01
10000780:	ffffe000 	.word	0xffffe000
10000784:	47804801 	.word	0x47804801
10000788:	100001c1 	.word	0x100001c1
1000078c:	ffffa100 	.word	0xffffa100
10000790:	20001014 	.word	0x20001014
10000794:	ffffbd01 	.word	0xffffbd01
10000798:	0000aaaa 	.word	0x0000aaaa

1000079c <irq_add_tail_to_free_list>:
1000079c:	b570      	push	{r4, r5, r6, lr}
1000079e:	2401      	movs	r4, #1
100007a0:	4304      	orrs	r4, r0
100007a2:	f3ef 8105 	mrs	r1, IPSR
100007a6:	f3ef 8c10 	mrs	ip, PRIMASK
100007aa:	b672      	cpsid	i
100007ac:	4a27      	ldr	r2, [pc, #156]	; (1000084c <irq_add_tail_to_free_list+0xb0>)
100007ae:	6813      	ldr	r3, [r2, #0]
100007b0:	2b00      	cmp	r3, #0
100007b2:	d0fc      	beq.n	100007ae <irq_add_tail_to_free_list+0x12>
100007b4:	f3bf 8f5f 	dmb	sy
100007b8:	4a25      	ldr	r2, [pc, #148]	; (10000850 <irq_add_tail_to_free_list+0xb4>)
100007ba:	0005      	movs	r5, r0
100007bc:	4b25      	ldr	r3, [pc, #148]	; (10000854 <irq_add_tail_to_free_list+0xb8>)
100007be:	1aad      	subs	r5, r5, r2
100007c0:	416d      	adcs	r5, r5
100007c2:	436b      	muls	r3, r5
100007c4:	0d1b      	lsrs	r3, r3, #20
100007c6:	4d24      	ldr	r5, [pc, #144]	; (10000858 <irq_add_tail_to_free_list+0xbc>)
100007c8:	0089      	lsls	r1, r1, #2
100007ca:	68ae      	ldr	r6, [r5, #8]
100007cc:	b25b      	sxtb	r3, r3
100007ce:	5876      	ldr	r6, [r6, r1]
100007d0:	42a6      	cmp	r6, r4
100007d2:	d024      	beq.n	1000081e <irq_add_tail_to_free_list+0x82>
100007d4:	2106      	movs	r1, #6
100007d6:	5651      	ldrsb	r1, [r2, r1]
100007d8:	4299      	cmp	r1, r3
100007da:	d024      	beq.n	10000826 <irq_add_tail_to_free_list+0x8a>
100007dc:	2112      	movs	r1, #18
100007de:	5651      	ldrsb	r1, [r2, r1]
100007e0:	4299      	cmp	r1, r3
100007e2:	d02a      	beq.n	1000083a <irq_add_tail_to_free_list+0x9e>
100007e4:	211e      	movs	r1, #30
100007e6:	5651      	ldrsb	r1, [r2, r1]
100007e8:	4299      	cmp	r1, r3
100007ea:	d028      	beq.n	1000083e <irq_add_tail_to_free_list+0xa2>
100007ec:	212a      	movs	r1, #42	; 0x2a
100007ee:	5651      	ldrsb	r1, [r2, r1]
100007f0:	4299      	cmp	r1, r3
100007f2:	d026      	beq.n	10000842 <irq_add_tail_to_free_list+0xa6>
100007f4:	2136      	movs	r1, #54	; 0x36
100007f6:	5651      	ldrsb	r1, [r2, r1]
100007f8:	4299      	cmp	r1, r3
100007fa:	d024      	beq.n	10000846 <irq_add_tail_to_free_list+0xaa>
100007fc:	2142      	movs	r1, #66	; 0x42
100007fe:	5651      	ldrsb	r1, [r2, r1]
10000800:	2405      	movs	r4, #5
10000802:	4299      	cmp	r1, r3
10000804:	d010      	beq.n	10000828 <irq_add_tail_to_free_list+0x8c>
10000806:	4a15      	ldr	r2, [pc, #84]	; (1000085c <irq_add_tail_to_free_list+0xc0>)
10000808:	7811      	ldrb	r1, [r2, #0]
1000080a:	7013      	strb	r3, [r2, #0]
1000080c:	7181      	strb	r1, [r0, #6]
1000080e:	f3bf 8f5f 	dmb	sy
10000812:	2200      	movs	r2, #0
10000814:	4b0d      	ldr	r3, [pc, #52]	; (1000084c <irq_add_tail_to_free_list+0xb0>)
10000816:	601a      	str	r2, [r3, #0]
10000818:	f38c 8810 	msr	PRIMASK, ip
1000081c:	bd70      	pop	{r4, r5, r6, pc}
1000081e:	68aa      	ldr	r2, [r5, #8]
10000820:	4c0f      	ldr	r4, [pc, #60]	; (10000860 <irq_add_tail_to_free_list+0xc4>)
10000822:	5054      	str	r4, [r2, r1]
10000824:	e7ef      	b.n	10000806 <irq_add_tail_to_free_list+0x6a>
10000826:	2400      	movs	r4, #0
10000828:	0061      	lsls	r1, r4, #1
1000082a:	1909      	adds	r1, r1, r4
1000082c:	0089      	lsls	r1, r1, #2
1000082e:	1852      	adds	r2, r2, r1
10000830:	21ff      	movs	r1, #255	; 0xff
10000832:	7191      	strb	r1, [r2, #6]
10000834:	490b      	ldr	r1, [pc, #44]	; (10000864 <irq_add_tail_to_free_list+0xc8>)
10000836:	8091      	strh	r1, [r2, #4]
10000838:	e7e5      	b.n	10000806 <irq_add_tail_to_free_list+0x6a>
1000083a:	2401      	movs	r4, #1
1000083c:	e7f4      	b.n	10000828 <irq_add_tail_to_free_list+0x8c>
1000083e:	2402      	movs	r4, #2
10000840:	e7f2      	b.n	10000828 <irq_add_tail_to_free_list+0x8c>
10000842:	2403      	movs	r4, #3
10000844:	e7f0      	b.n	10000828 <irq_add_tail_to_free_list+0x8c>
10000846:	2404      	movs	r4, #4
10000848:	e7ee      	b.n	10000828 <irq_add_tail_to_free_list+0x8c>
1000084a:	46c0      	nop			; (mov r8, r8)
1000084c:	d0000124 	.word	0xd0000124
10000850:	20000fcc 	.word	0x20000fcc
10000854:	0000aaaa 	.word	0x0000aaaa
10000858:	e000ed00 	.word	0xe000ed00
1000085c:	20001cc1 	.word	0x20001cc1
10000860:	100001c1 	.word	0x100001c1
10000864:	ffffbd01 	.word	0xffffbd01

10000868 <user_irq_claim_unused>:
10000868:	b500      	push	{lr}
1000086a:	4b07      	ldr	r3, [pc, #28]	; (10000888 <user_irq_claim_unused+0x20>)
1000086c:	b083      	sub	sp, #12
1000086e:	0001      	movs	r1, r0
10000870:	9300      	str	r3, [sp, #0]
10000872:	2200      	movs	r2, #0
10000874:	2305      	movs	r3, #5
10000876:	4805      	ldr	r0, [pc, #20]	; (1000088c <user_irq_claim_unused+0x24>)
10000878:	f7ff fdcc 	bl	10000414 <hw_claim_unused_from_range>
1000087c:	2800      	cmp	r0, #0
1000087e:	db01      	blt.n	10000884 <user_irq_claim_unused+0x1c>
10000880:	231f      	movs	r3, #31
10000882:	1a18      	subs	r0, r3, r0
10000884:	b003      	add	sp, #12
10000886:	bd00      	pop	{pc}
10000888:	1000644c 	.word	0x1000644c
1000088c:	20001cc5 	.word	0x20001cc5

10000890 <lock_init>:
10000890:	4b02      	ldr	r3, [pc, #8]	; (1000089c <lock_init+0xc>)
10000892:	469c      	mov	ip, r3
10000894:	4461      	add	r1, ip
10000896:	0089      	lsls	r1, r1, #2
10000898:	6001      	str	r1, [r0, #0]
1000089a:	4770      	bx	lr
1000089c:	34000040 	.word	0x34000040

100008a0 <runtime_init_mutex>:
100008a0:	b5f8      	push	{r3, r4, r5, r6, r7, lr}
100008a2:	4d13      	ldr	r5, [pc, #76]	; (100008f0 <runtime_init_mutex+0x50>)
100008a4:	4e13      	ldr	r6, [pc, #76]	; (100008f4 <runtime_init_mutex+0x54>)
100008a6:	002c      	movs	r4, r5
100008a8:	27ff      	movs	r7, #255	; 0xff
100008aa:	42b5      	cmp	r5, r6
100008ac:	d21e      	bcs.n	100008ec <runtime_init_mutex+0x4c>
100008ae:	6823      	ldr	r3, [r4, #0]
100008b0:	2b00      	cmp	r3, #0
100008b2:	d00f      	beq.n	100008d4 <runtime_init_mutex+0x34>
100008b4:	f7ff fdfc 	bl	100004b0 <next_striped_spin_lock_num>
100008b8:	0001      	movs	r1, r0
100008ba:	0028      	movs	r0, r5
100008bc:	f7ff ffe8 	bl	10000890 <lock_init>
100008c0:	80a7      	strh	r7, [r4, #4]
100008c2:	f3bf 8f5f 	dmb	sy
100008c6:	3408      	adds	r4, #8
100008c8:	42b4      	cmp	r4, r6
100008ca:	d20f      	bcs.n	100008ec <runtime_init_mutex+0x4c>
100008cc:	6823      	ldr	r3, [r4, #0]
100008ce:	0025      	movs	r5, r4
100008d0:	2b00      	cmp	r3, #0
100008d2:	d1ef      	bne.n	100008b4 <runtime_init_mutex+0x14>
100008d4:	f7ff fdec 	bl	100004b0 <next_striped_spin_lock_num>
100008d8:	0001      	movs	r1, r0
100008da:	0028      	movs	r0, r5
100008dc:	f7ff ffd8 	bl	10000890 <lock_init>
100008e0:	7127      	strb	r7, [r4, #4]
100008e2:	f3bf 8f5f 	dmb	sy
100008e6:	3408      	adds	r4, #8
100008e8:	42b4      	cmp	r4, r6
100008ea:	d3ef      	bcc.n	100008cc <runtime_init_mutex+0x2c>
100008ec:	bdf8      	pop	{r3, r4, r5, r6, r7, pc}
100008ee:	46c0      	nop			; (mov r8, r8)
100008f0:	200010a8 	.word	0x200010a8
100008f4:	200010b0 	.word	0x200010b0

100008f8 <mutex_init>:
100008f8:	b510      	push	{r4, lr}
100008fa:	0004      	movs	r4, r0
100008fc:	f7ff fdd8 	bl	100004b0 <next_striped_spin_lock_num>
10000900:	0001      	movs	r1, r0
10000902:	0020      	movs	r0, r4
10000904:	f7ff ffc4 	bl	10000890 <lock_init>
10000908:	23ff      	movs	r3, #255	; 0xff
1000090a:	7123      	strb	r3, [r4, #4]
1000090c:	f3bf 8f5f 	dmb	sy
10000910:	bd10      	pop	{r4, pc}
10000912:	46c0      	nop			; (mov r8, r8)

10000914 <critical_section_init>:
10000914:	b510      	push	{r4, lr}
10000916:	0004      	movs	r4, r0
10000918:	2001      	movs	r0, #1
1000091a:	f7ff fdd5 	bl	100004c8 <spin_lock_claim_unused>
1000091e:	4b04      	ldr	r3, [pc, #16]	; (10000930 <critical_section_init+0x1c>)
10000920:	469c      	mov	ip, r3
10000922:	4460      	add	r0, ip
10000924:	0080      	lsls	r0, r0, #2
10000926:	6020      	str	r0, [r4, #0]
10000928:	f3bf 8f5f 	dmb	sy
1000092c:	bd10      	pop	{r4, pc}
1000092e:	46c0      	nop			; (mov r8, r8)
10000930:	34000040 	.word	0x34000040

10000934 <critical_section_init_with_lock_num>:
10000934:	4b03      	ldr	r3, [pc, #12]	; (10000944 <critical_section_init_with_lock_num+0x10>)
10000936:	469c      	mov	ip, r3
10000938:	4461      	add	r1, ip
1000093a:	0089      	lsls	r1, r1, #2
1000093c:	6001      	str	r1, [r0, #0]
1000093e:	f3bf 8f5f 	dmb	sy
10000942:	4770      	bx	lr
10000944:	34000040 	.word	0x34000040

10000948 <sleep_until_callback>:
10000948:	4b0a      	ldr	r3, [pc, #40]	; (10000974 <sleep_until_callback+0x2c>)
1000094a:	6819      	ldr	r1, [r3, #0]
1000094c:	f3ef 8010 	mrs	r0, PRIMASK
10000950:	b672      	cpsid	i
10000952:	680a      	ldr	r2, [r1, #0]
10000954:	2a00      	cmp	r2, #0
10000956:	d0fc      	beq.n	10000952 <sleep_until_callback+0xa>
10000958:	f3bf 8f5f 	dmb	sy
1000095c:	681b      	ldr	r3, [r3, #0]
1000095e:	f3bf 8f5f 	dmb	sy
10000962:	2200      	movs	r2, #0
10000964:	601a      	str	r2, [r3, #0]
10000966:	f380 8810 	msr	PRIMASK, r0
1000096a:	bf40      	sev
1000096c:	2000      	movs	r0, #0
1000096e:	2100      	movs	r1, #0
10000970:	4770      	bx	lr
10000972:	46c0      	nop			; (mov r8, r8)
10000974:	20001ca0 	.word	0x20001ca0

10000978 <alarm_pool_irq_handler>:
10000978:	b5f0      	push	{r4, r5, r6, r7, lr}
1000097a:	46de      	mov	lr, fp
1000097c:	4657      	mov	r7, sl
1000097e:	464e      	mov	r6, r9
10000980:	4645      	mov	r5, r8
10000982:	b5e0      	push	{r5, r6, r7, lr}
10000984:	b085      	sub	sp, #20
10000986:	f3ef 8205 	mrs	r2, IPSR
1000098a:	2303      	movs	r3, #3
1000098c:	4013      	ands	r3, r2
1000098e:	009a      	lsls	r2, r3, #2
10000990:	0011      	movs	r1, r2
10000992:	9203      	str	r2, [sp, #12]
10000994:	4ab6      	ldr	r2, [pc, #728]	; (10000c70 <alarm_pool_irq_handler+0x2f8>)
10000996:	5852      	ldr	r2, [r2, r1]
10000998:	4690      	mov	r8, r2
1000099a:	2201      	movs	r2, #1
1000099c:	409a      	lsls	r2, r3
1000099e:	4691      	mov	r9, r2
100009a0:	4bb4      	ldr	r3, [pc, #720]	; (10000c74 <alarm_pool_irq_handler+0x2fc>)
100009a2:	601a      	str	r2, [r3, #0]
100009a4:	464b      	mov	r3, r9
100009a6:	48b4      	ldr	r0, [pc, #720]	; (10000c78 <alarm_pool_irq_handler+0x300>)
100009a8:	6343      	str	r3, [r0, #52]	; 0x34
100009aa:	4643      	mov	r3, r8
100009ac:	2208      	movs	r2, #8
100009ae:	5e9b      	ldrsh	r3, [r3, r2]
100009b0:	469a      	mov	sl, r3
100009b2:	2b00      	cmp	r3, #0
100009b4:	da3d      	bge.n	10000a32 <alarm_pool_irq_handler+0xba>
100009b6:	4643      	mov	r3, r8
100009b8:	889b      	ldrh	r3, [r3, #4]
100009ba:	b21b      	sxth	r3, r3
100009bc:	2b00      	cmp	r3, #0
100009be:	db00      	blt.n	100009c2 <alarm_pool_irq_handler+0x4a>
100009c0:	e0a1      	b.n	10000b06 <alarm_pool_irq_handler+0x18e>
100009c2:	4643      	mov	r3, r8
100009c4:	799b      	ldrb	r3, [r3, #6]
100009c6:	2b00      	cmp	r3, #0
100009c8:	d000      	beq.n	100009cc <alarm_pool_irq_handler+0x54>
100009ca:	e0f3      	b.n	10000bb4 <alarm_pool_irq_handler+0x23c>
100009cc:	4643      	mov	r3, r8
100009ce:	2408      	movs	r4, #8
100009d0:	5f1c      	ldrsh	r4, [r3, r4]
100009d2:	2c00      	cmp	r4, #0
100009d4:	db23      	blt.n	10000a1e <alarm_pool_irq_handler+0xa6>
100009d6:	4642      	mov	r2, r8
100009d8:	6952      	ldr	r2, [r2, #20]
100009da:	0063      	lsls	r3, r4, #1
100009dc:	4694      	mov	ip, r2
100009de:	191b      	adds	r3, r3, r4
100009e0:	00db      	lsls	r3, r3, #3
100009e2:	4463      	add	r3, ip
100009e4:	689c      	ldr	r4, [r3, #8]
100009e6:	68dd      	ldr	r5, [r3, #12]
100009e8:	1c63      	adds	r3, r4, #1
100009ea:	d100      	bne.n	100009ee <alarm_pool_irq_handler+0x76>
100009ec:	e10f      	b.n	10000c0e <alarm_pool_irq_handler+0x296>
100009ee:	48a2      	ldr	r0, [pc, #648]	; (10000c78 <alarm_pool_irq_handler+0x300>)
100009f0:	9903      	ldr	r1, [sp, #12]
100009f2:	4684      	mov	ip, r0
100009f4:	4461      	add	r1, ip
100009f6:	6a82      	ldr	r2, [r0, #40]	; 0x28
100009f8:	690b      	ldr	r3, [r1, #16]
100009fa:	1aa6      	subs	r6, r4, r2
100009fc:	1a9b      	subs	r3, r3, r2
100009fe:	429e      	cmp	r6, r3
10000a00:	d315      	bcc.n	10000a2e <alarm_pool_irq_handler+0xb6>
10000a02:	464a      	mov	r2, r9
10000a04:	6a03      	ldr	r3, [r0, #32]
10000a06:	421a      	tst	r2, r3
10000a08:	d011      	beq.n	10000a2e <alarm_pool_irq_handler+0xb6>
10000a0a:	489b      	ldr	r0, [pc, #620]	; (10000c78 <alarm_pool_irq_handler+0x300>)
10000a0c:	f000 fbc0 	bl	10001190 <timer_time_us_64>
10000a10:	1a24      	subs	r4, r4, r0
10000a12:	418d      	sbcs	r5, r1
10000a14:	2d00      	cmp	r5, #0
10000a16:	dc02      	bgt.n	10000a1e <alarm_pool_irq_handler+0xa6>
10000a18:	d1c4      	bne.n	100009a4 <alarm_pool_irq_handler+0x2c>
10000a1a:	2c00      	cmp	r4, #0
10000a1c:	d0c2      	beq.n	100009a4 <alarm_pool_irq_handler+0x2c>
10000a1e:	bf40      	sev
10000a20:	b005      	add	sp, #20
10000a22:	bcf0      	pop	{r4, r5, r6, r7}
10000a24:	46bb      	mov	fp, r7
10000a26:	46b2      	mov	sl, r6
10000a28:	46a9      	mov	r9, r5
10000a2a:	46a0      	mov	r8, r4
10000a2c:	bdf0      	pop	{r4, r5, r6, r7, pc}
10000a2e:	610c      	str	r4, [r1, #16]
10000a30:	e7eb      	b.n	10000a0a <alarm_pool_irq_handler+0x92>
10000a32:	4642      	mov	r2, r8
10000a34:	6952      	ldr	r2, [r2, #20]
10000a36:	005b      	lsls	r3, r3, #1
10000a38:	4693      	mov	fp, r2
10000a3a:	4453      	add	r3, sl
10000a3c:	00db      	lsls	r3, r3, #3
10000a3e:	449b      	add	fp, r3
10000a40:	465b      	mov	r3, fp
10000a42:	689e      	ldr	r6, [r3, #8]
10000a44:	68df      	ldr	r7, [r3, #12]
10000a46:	f000 fba3 	bl	10001190 <timer_time_us_64>
10000a4a:	1b80      	subs	r0, r0, r6
10000a4c:	41b9      	sbcs	r1, r7
10000a4e:	2900      	cmp	r1, #0
10000a50:	dbb1      	blt.n	100009b6 <alarm_pool_irq_handler+0x3e>
10000a52:	2f00      	cmp	r7, #0
10000a54:	da00      	bge.n	10000a58 <alarm_pool_irq_handler+0xe0>
10000a56:	e0e5      	b.n	10000c24 <alarm_pool_irq_handler+0x2ac>
10000a58:	465b      	mov	r3, fp
10000a5a:	4a88      	ldr	r2, [pc, #544]	; (10000c7c <alarm_pool_irq_handler+0x304>)
10000a5c:	691b      	ldr	r3, [r3, #16]
10000a5e:	4293      	cmp	r3, r2
10000a60:	d100      	bne.n	10000a64 <alarm_pool_irq_handler+0xec>
10000a62:	e0d8      	b.n	10000c16 <alarm_pool_irq_handler+0x29e>
10000a64:	4641      	mov	r1, r8
10000a66:	465a      	mov	r2, fp
10000a68:	2008      	movs	r0, #8
10000a6a:	5e08      	ldrsh	r0, [r1, r0]
10000a6c:	8852      	ldrh	r2, [r2, #2]
10000a6e:	0400      	lsls	r0, r0, #16
10000a70:	4310      	orrs	r0, r2
10000a72:	465a      	mov	r2, fp
10000a74:	6951      	ldr	r1, [r2, #20]
10000a76:	4798      	blx	r3
10000a78:	0004      	movs	r4, r0
10000a7a:	000d      	movs	r5, r1
10000a7c:	0023      	movs	r3, r4
10000a7e:	432b      	orrs	r3, r5
10000a80:	d100      	bne.n	10000a84 <alarm_pool_irq_handler+0x10c>
10000a82:	e0cf      	b.n	10000c24 <alarm_pool_irq_handler+0x2ac>
10000a84:	2d00      	cmp	r5, #0
10000a86:	db00      	blt.n	10000a8a <alarm_pool_irq_handler+0x112>
10000a88:	e0e8      	b.n	10000c5c <alarm_pool_irq_handler+0x2e4>
10000a8a:	1b36      	subs	r6, r6, r4
10000a8c:	41af      	sbcs	r7, r5
10000a8e:	0034      	movs	r4, r6
10000a90:	003d      	movs	r5, r7
10000a92:	465b      	mov	r3, fp
10000a94:	609c      	str	r4, [r3, #8]
10000a96:	60dd      	str	r5, [r3, #12]
10000a98:	2100      	movs	r1, #0
10000a9a:	5e59      	ldrsh	r1, [r3, r1]
10000a9c:	2900      	cmp	r1, #0
10000a9e:	da00      	bge.n	10000aa2 <alarm_pool_irq_handler+0x12a>
10000aa0:	e789      	b.n	100009b6 <alarm_pool_irq_handler+0x3e>
10000aa2:	4643      	mov	r3, r8
10000aa4:	695b      	ldr	r3, [r3, #20]
10000aa6:	0022      	movs	r2, r4
10000aa8:	469c      	mov	ip, r3
10000aaa:	002b      	movs	r3, r5
10000aac:	0048      	lsls	r0, r1, #1
10000aae:	1840      	adds	r0, r0, r1
10000ab0:	00c0      	lsls	r0, r0, #3
10000ab2:	4460      	add	r0, ip
10000ab4:	6886      	ldr	r6, [r0, #8]
10000ab6:	68c7      	ldr	r7, [r0, #12]
10000ab8:	1b92      	subs	r2, r2, r6
10000aba:	41bb      	sbcs	r3, r7
10000abc:	2b00      	cmp	r3, #0
10000abe:	da00      	bge.n	10000ac2 <alarm_pool_irq_handler+0x14a>
10000ac0:	e779      	b.n	100009b6 <alarm_pool_irq_handler+0x3e>
10000ac2:	4643      	mov	r3, r8
10000ac4:	4666      	mov	r6, ip
10000ac6:	0002      	movs	r2, r0
10000ac8:	9400      	str	r4, [sp, #0]
10000aca:	9501      	str	r5, [sp, #4]
10000acc:	8119      	strh	r1, [r3, #8]
10000ace:	e00c      	b.n	10000aea <alarm_pool_irq_handler+0x172>
10000ad0:	007b      	lsls	r3, r7, #1
10000ad2:	19db      	adds	r3, r3, r7
10000ad4:	00db      	lsls	r3, r3, #3
10000ad6:	18f3      	adds	r3, r6, r3
10000ad8:	9800      	ldr	r0, [sp, #0]
10000ada:	9901      	ldr	r1, [sp, #4]
10000adc:	689c      	ldr	r4, [r3, #8]
10000ade:	68dd      	ldr	r5, [r3, #12]
10000ae0:	1b00      	subs	r0, r0, r4
10000ae2:	41a9      	sbcs	r1, r5
10000ae4:	2900      	cmp	r1, #0
10000ae6:	db04      	blt.n	10000af2 <alarm_pool_irq_handler+0x17a>
10000ae8:	001a      	movs	r2, r3
10000aea:	2300      	movs	r3, #0
10000aec:	5ed7      	ldrsh	r7, [r2, r3]
10000aee:	2f00      	cmp	r7, #0
10000af0:	daee      	bge.n	10000ad0 <alarm_pool_irq_handler+0x158>
10000af2:	465b      	mov	r3, fp
10000af4:	801f      	strh	r7, [r3, #0]
10000af6:	4653      	mov	r3, sl
10000af8:	8013      	strh	r3, [r2, #0]
10000afa:	4643      	mov	r3, r8
10000afc:	889b      	ldrh	r3, [r3, #4]
10000afe:	b21b      	sxth	r3, r3
10000b00:	2b00      	cmp	r3, #0
10000b02:	da00      	bge.n	10000b06 <alarm_pool_irq_handler+0x18e>
10000b04:	e75d      	b.n	100009c2 <alarm_pool_irq_handler+0x4a>
10000b06:	4643      	mov	r3, r8
10000b08:	691a      	ldr	r2, [r3, #16]
10000b0a:	f3ef 8110 	mrs	r1, PRIMASK
10000b0e:	b672      	cpsid	i
10000b10:	6813      	ldr	r3, [r2, #0]
10000b12:	2b00      	cmp	r3, #0
10000b14:	d0fc      	beq.n	10000b10 <alarm_pool_irq_handler+0x198>
10000b16:	f3bf 8f5f 	dmb	sy
10000b1a:	4643      	mov	r3, r8
10000b1c:	889b      	ldrh	r3, [r3, #4]
10000b1e:	4642      	mov	r2, r8
10000b20:	b21b      	sxth	r3, r3
10000b22:	469a      	mov	sl, r3
10000b24:	2301      	movs	r3, #1
10000b26:	425b      	negs	r3, r3
10000b28:	8093      	strh	r3, [r2, #4]
10000b2a:	6913      	ldr	r3, [r2, #16]
10000b2c:	f3bf 8f5f 	dmb	sy
10000b30:	2200      	movs	r2, #0
10000b32:	601a      	str	r2, [r3, #0]
10000b34:	f381 8810 	msr	PRIMASK, r1
10000b38:	4653      	mov	r3, sl
10000b3a:	2b00      	cmp	r3, #0
10000b3c:	da00      	bge.n	10000b40 <alarm_pool_irq_handler+0x1c8>
10000b3e:	e740      	b.n	100009c2 <alarm_pool_irq_handler+0x4a>
10000b40:	4643      	mov	r3, r8
10000b42:	695b      	ldr	r3, [r3, #20]
10000b44:	469c      	mov	ip, r3
10000b46:	2308      	movs	r3, #8
10000b48:	4443      	add	r3, r8
10000b4a:	469b      	mov	fp, r3
10000b4c:	4653      	mov	r3, sl
10000b4e:	005f      	lsls	r7, r3, #1
10000b50:	4643      	mov	r3, r8
10000b52:	4457      	add	r7, sl
10000b54:	00ff      	lsls	r7, r7, #3
10000b56:	2208      	movs	r2, #8
10000b58:	5e9a      	ldrsh	r2, [r3, r2]
10000b5a:	4467      	add	r7, ip
10000b5c:	465e      	mov	r6, fp
10000b5e:	68bc      	ldr	r4, [r7, #8]
10000b60:	68fd      	ldr	r5, [r7, #12]
10000b62:	2a00      	cmp	r2, #0
10000b64:	db19      	blt.n	10000b9a <alarm_pool_irq_handler+0x222>
10000b66:	003b      	movs	r3, r7
10000b68:	9400      	str	r4, [sp, #0]
10000b6a:	9501      	str	r5, [sp, #4]
10000b6c:	4667      	mov	r7, ip
10000b6e:	469c      	mov	ip, r3
10000b70:	e004      	b.n	10000b7c <alarm_pool_irq_handler+0x204>
10000b72:	001e      	movs	r6, r3
10000b74:	2300      	movs	r3, #0
10000b76:	5ef2      	ldrsh	r2, [r6, r3]
10000b78:	2a00      	cmp	r2, #0
10000b7a:	db0b      	blt.n	10000b94 <alarm_pool_irq_handler+0x21c>
10000b7c:	9800      	ldr	r0, [sp, #0]
10000b7e:	9901      	ldr	r1, [sp, #4]
10000b80:	0053      	lsls	r3, r2, #1
10000b82:	189b      	adds	r3, r3, r2
10000b84:	00db      	lsls	r3, r3, #3
10000b86:	18fb      	adds	r3, r7, r3
10000b88:	689c      	ldr	r4, [r3, #8]
10000b8a:	68dd      	ldr	r5, [r3, #12]
10000b8c:	1b00      	subs	r0, r0, r4
10000b8e:	41a9      	sbcs	r1, r5
10000b90:	2900      	cmp	r1, #0
10000b92:	daee      	bge.n	10000b72 <alarm_pool_irq_handler+0x1fa>
10000b94:	4663      	mov	r3, ip
10000b96:	46bc      	mov	ip, r7
10000b98:	001f      	movs	r7, r3
10000b9a:	4653      	mov	r3, sl
10000b9c:	8033      	strh	r3, [r6, #0]
10000b9e:	2100      	movs	r1, #0
10000ba0:	5e7b      	ldrsh	r3, [r7, r1]
10000ba2:	803a      	strh	r2, [r7, #0]
10000ba4:	469a      	mov	sl, r3
10000ba6:	2b00      	cmp	r3, #0
10000ba8:	dad0      	bge.n	10000b4c <alarm_pool_irq_handler+0x1d4>
10000baa:	4643      	mov	r3, r8
10000bac:	799b      	ldrb	r3, [r3, #6]
10000bae:	2b00      	cmp	r3, #0
10000bb0:	d100      	bne.n	10000bb4 <alarm_pool_irq_handler+0x23c>
10000bb2:	e70b      	b.n	100009cc <alarm_pool_irq_handler+0x54>
10000bb4:	2300      	movs	r3, #0
10000bb6:	4642      	mov	r2, r8
10000bb8:	7193      	strb	r3, [r2, #6]
10000bba:	4643      	mov	r3, r8
10000bbc:	4646      	mov	r6, r8
10000bbe:	2108      	movs	r1, #8
10000bc0:	5e59      	ldrsh	r1, [r3, r1]
10000bc2:	3608      	adds	r6, #8
10000bc4:	1c4b      	adds	r3, r1, #1
10000bc6:	d100      	bne.n	10000bca <alarm_pool_irq_handler+0x252>
10000bc8:	e729      	b.n	10000a1e <alarm_pool_irq_handler+0xa6>
10000bca:	4647      	mov	r7, r8
10000bcc:	468c      	mov	ip, r1
10000bce:	6955      	ldr	r5, [r2, #20]
10000bd0:	e002      	b.n	10000bd8 <alarm_pool_irq_handler+0x260>
10000bd2:	0006      	movs	r6, r0
10000bd4:	1c4b      	adds	r3, r1, #1
10000bd6:	d017      	beq.n	10000c08 <alarm_pool_irq_handler+0x290>
10000bd8:	004b      	lsls	r3, r1, #1
10000bda:	185b      	adds	r3, r3, r1
10000bdc:	00db      	lsls	r3, r3, #3
10000bde:	18e8      	adds	r0, r5, r3
10000be0:	000a      	movs	r2, r1
10000be2:	5ee9      	ldrsh	r1, [r5, r3]
10000be4:	8843      	ldrh	r3, [r0, #2]
10000be6:	b21b      	sxth	r3, r3
10000be8:	2b00      	cmp	r3, #0
10000bea:	daf2      	bge.n	10000bd2 <alarm_pool_irq_handler+0x25a>
10000bec:	2301      	movs	r3, #1
10000bee:	425b      	negs	r3, r3
10000bf0:	17dc      	asrs	r4, r3, #31
10000bf2:	6083      	str	r3, [r0, #8]
10000bf4:	60c4      	str	r4, [r0, #12]
10000bf6:	4562      	cmp	r2, ip
10000bf8:	d0ec      	beq.n	10000bd4 <alarm_pool_irq_handler+0x25c>
10000bfa:	8031      	strh	r1, [r6, #0]
10000bfc:	893b      	ldrh	r3, [r7, #8]
10000bfe:	4694      	mov	ip, r2
10000c00:	8003      	strh	r3, [r0, #0]
10000c02:	813a      	strh	r2, [r7, #8]
10000c04:	1c4b      	adds	r3, r1, #1
10000c06:	d1e7      	bne.n	10000bd8 <alarm_pool_irq_handler+0x260>
10000c08:	46b8      	mov	r8, r7
10000c0a:	4664      	mov	r4, ip
10000c0c:	e6e1      	b.n	100009d2 <alarm_pool_irq_handler+0x5a>
10000c0e:	1c6b      	adds	r3, r5, #1
10000c10:	d000      	beq.n	10000c14 <alarm_pool_irq_handler+0x29c>
10000c12:	e6ec      	b.n	100009ee <alarm_pool_irq_handler+0x76>
10000c14:	e6f9      	b.n	10000a0a <alarm_pool_irq_handler+0x92>
10000c16:	465b      	mov	r3, fp
10000c18:	695c      	ldr	r4, [r3, #20]
10000c1a:	0020      	movs	r0, r4
10000c1c:	6923      	ldr	r3, [r4, #16]
10000c1e:	4798      	blx	r3
10000c20:	2800      	cmp	r0, #0
10000c22:	d121      	bne.n	10000c68 <alarm_pool_irq_handler+0x2f0>
10000c24:	465b      	mov	r3, fp
10000c26:	4642      	mov	r2, r8
10000c28:	881b      	ldrh	r3, [r3, #0]
10000c2a:	8113      	strh	r3, [r2, #8]
10000c2c:	6912      	ldr	r2, [r2, #16]
10000c2e:	f3ef 8310 	mrs	r3, PRIMASK
10000c32:	b672      	cpsid	i
10000c34:	6811      	ldr	r1, [r2, #0]
10000c36:	2900      	cmp	r1, #0
10000c38:	d0fc      	beq.n	10000c34 <alarm_pool_irq_handler+0x2bc>
10000c3a:	f3bf 8f5f 	dmb	sy
10000c3e:	4642      	mov	r2, r8
10000c40:	4659      	mov	r1, fp
10000c42:	8852      	ldrh	r2, [r2, #2]
10000c44:	800a      	strh	r2, [r1, #0]
10000c46:	4642      	mov	r2, r8
10000c48:	4651      	mov	r1, sl
10000c4a:	8051      	strh	r1, [r2, #2]
10000c4c:	6912      	ldr	r2, [r2, #16]
10000c4e:	f3bf 8f5f 	dmb	sy
10000c52:	2100      	movs	r1, #0
10000c54:	6011      	str	r1, [r2, #0]
10000c56:	f383 8810 	msr	PRIMASK, r3
10000c5a:	e6ac      	b.n	100009b6 <alarm_pool_irq_handler+0x3e>
10000c5c:	4806      	ldr	r0, [pc, #24]	; (10000c78 <alarm_pool_irq_handler+0x300>)
10000c5e:	f000 fa97 	bl	10001190 <timer_time_us_64>
10000c62:	1824      	adds	r4, r4, r0
10000c64:	414d      	adcs	r5, r1
10000c66:	e714      	b.n	10000a92 <alarm_pool_irq_handler+0x11a>
10000c68:	6865      	ldr	r5, [r4, #4]
10000c6a:	6824      	ldr	r4, [r4, #0]
10000c6c:	e706      	b.n	10000a7c <alarm_pool_irq_handler+0x104>
10000c6e:	46c0      	nop			; (mov r8, r8)
10000c70:	20001c84 	.word	0x20001c84
10000c74:	4005703c 	.word	0x4005703c
10000c78:	40054000 	.word	0x40054000
10000c7c:	10000979 	.word	0x10000979

10000c80 <runtime_init_default_alarm_pool>:
10000c80:	b570      	push	{r4, r5, r6, lr}
10000c82:	4c2e      	ldr	r4, [pc, #184]	; (10000d3c <runtime_init_default_alarm_pool+0xbc>)
10000c84:	6925      	ldr	r5, [r4, #16]
10000c86:	2d00      	cmp	r5, #0
10000c88:	d004      	beq.n	10000c94 <runtime_init_default_alarm_pool+0x14>
10000c8a:	210a      	movs	r1, #10
10000c8c:	482c      	ldr	r0, [pc, #176]	; (10000d40 <runtime_init_default_alarm_pool+0xc0>)
10000c8e:	f7ff fdff 	bl	10000890 <lock_init>
10000c92:	bd70      	pop	{r4, r5, r6, pc}
10000c94:	4e2b      	ldr	r6, [pc, #172]	; (10000d44 <runtime_init_default_alarm_pool+0xc4>)
10000c96:	2103      	movs	r1, #3
10000c98:	0030      	movs	r0, r6
10000c9a:	f000 fa6f 	bl	1000117c <timer_hardware_alarm_claim>
10000c9e:	60e6      	str	r6, [r4, #12]
10000ca0:	f7ff fc06 	bl	100004b0 <next_striped_spin_lock_num>
10000ca4:	4b28      	ldr	r3, [pc, #160]	; (10000d48 <runtime_init_default_alarm_pool+0xc8>)
10000ca6:	2203      	movs	r2, #3
10000ca8:	469c      	mov	ip, r3
10000caa:	23d0      	movs	r3, #208	; 0xd0
10000cac:	7022      	strb	r2, [r4, #0]
10000cae:	061b      	lsls	r3, r3, #24
10000cb0:	681b      	ldr	r3, [r3, #0]
10000cb2:	2101      	movs	r1, #1
10000cb4:	7063      	strb	r3, [r4, #1]
10000cb6:	4b25      	ldr	r3, [pc, #148]	; (10000d4c <runtime_init_default_alarm_pool+0xcc>)
10000cb8:	4460      	add	r0, ip
10000cba:	60a3      	str	r3, [r4, #8]
10000cbc:	230f      	movs	r3, #15
10000cbe:	0080      	lsls	r0, r0, #2
10000cc0:	6120      	str	r0, [r4, #16]
10000cc2:	2002      	movs	r0, #2
10000cc4:	8063      	strh	r3, [r4, #2]
10000cc6:	6963      	ldr	r3, [r4, #20]
10000cc8:	4249      	negs	r1, r1
10000cca:	80a1      	strh	r1, [r4, #4]
10000ccc:	8019      	strh	r1, [r3, #0]
10000cce:	3102      	adds	r1, #2
10000cd0:	8619      	strh	r1, [r3, #48]	; 0x30
10000cd2:	3147      	adds	r1, #71	; 0x47
10000cd4:	831d      	strh	r5, [r3, #24]
10000cd6:	5258      	strh	r0, [r3, r1]
10000cd8:	3118      	adds	r1, #24
10000cda:	525a      	strh	r2, [r3, r1]
10000cdc:	3275      	adds	r2, #117	; 0x75
10000cde:	395c      	subs	r1, #92	; 0x5c
10000ce0:	5299      	strh	r1, [r3, r2]
10000ce2:	3218      	adds	r2, #24
10000ce4:	3101      	adds	r1, #1
10000ce6:	5299      	strh	r1, [r3, r2]
10000ce8:	3218      	adds	r2, #24
10000cea:	3101      	adds	r1, #1
10000cec:	5299      	strh	r1, [r3, r2]
10000cee:	3218      	adds	r2, #24
10000cf0:	3101      	adds	r1, #1
10000cf2:	5299      	strh	r1, [r3, r2]
10000cf4:	3508      	adds	r5, #8
10000cf6:	3218      	adds	r2, #24
10000cf8:	529d      	strh	r5, [r3, r2]
10000cfa:	3102      	adds	r1, #2
10000cfc:	3218      	adds	r2, #24
10000cfe:	5299      	strh	r1, [r3, r2]
10000d00:	3218      	adds	r2, #24
10000d02:	3101      	adds	r1, #1
10000d04:	5299      	strh	r1, [r3, r2]
10000d06:	3218      	adds	r2, #24
10000d08:	3101      	adds	r1, #1
10000d0a:	5299      	strh	r1, [r3, r2]
10000d0c:	3218      	adds	r2, #24
10000d0e:	3101      	adds	r1, #1
10000d10:	5299      	strh	r1, [r3, r2]
10000d12:	3218      	adds	r2, #24
10000d14:	3101      	adds	r1, #1
10000d16:	5299      	strh	r1, [r3, r2]
10000d18:	3218      	adds	r2, #24
10000d1a:	3101      	adds	r1, #1
10000d1c:	5299      	strh	r1, [r3, r2]
10000d1e:	4b0c      	ldr	r3, [pc, #48]	; (10000d50 <runtime_init_default_alarm_pool+0xd0>)
10000d20:	490c      	ldr	r1, [pc, #48]	; (10000d54 <runtime_init_default_alarm_pool+0xd4>)
10000d22:	60dc      	str	r4, [r3, #12]
10000d24:	3001      	adds	r0, #1
10000d26:	6235      	str	r5, [r6, #32]
10000d28:	f7ff fc36 	bl	10000598 <irq_set_exclusive_handler>
10000d2c:	2101      	movs	r1, #1
10000d2e:	2003      	movs	r0, #3
10000d30:	f7ff fbfa 	bl	10000528 <irq_set_enabled>
10000d34:	4b08      	ldr	r3, [pc, #32]	; (10000d58 <runtime_init_default_alarm_pool+0xd8>)
10000d36:	601d      	str	r5, [r3, #0]
10000d38:	e7a7      	b.n	10000c8a <runtime_init_default_alarm_pool+0xa>
10000d3a:	46c0      	nop			; (mov r8, r8)
10000d3c:	2000102c 	.word	0x2000102c
10000d40:	20001ca0 	.word	0x20001ca0
10000d44:	40054000 	.word	0x40054000
10000d48:	34000040 	.word	0x34000040
10000d4c:	0010ffff 	.word	0x0010ffff
10000d50:	20001c84 	.word	0x20001c84
10000d54:	10000979 	.word	0x10000979
10000d58:	40056038 	.word	0x40056038

10000d5c <alarm_pool_get_default>:
10000d5c:	4800      	ldr	r0, [pc, #0]	; (10000d60 <alarm_pool_get_default+0x4>)
10000d5e:	4770      	bx	lr
10000d60:	2000102c 	.word	0x2000102c

10000d64 <alarm_pool_add_alarm_at>:
10000d64:	b5f8      	push	{r3, r4, r5, r6, r7, lr}
10000d66:	001f      	movs	r7, r3
10000d68:	ab08      	add	r3, sp, #32
10000d6a:	781b      	ldrb	r3, [r3, #0]
10000d6c:	0004      	movs	r4, r0
10000d6e:	0016      	movs	r6, r2
10000d70:	2b00      	cmp	r3, #0
10000d72:	d107      	bne.n	10000d84 <alarm_pool_add_alarm_at+0x20>
10000d74:	f000 fa14 	bl	100011a0 <time_us_64>
10000d78:	0032      	movs	r2, r6
10000d7a:	003b      	movs	r3, r7
10000d7c:	1a12      	subs	r2, r2, r0
10000d7e:	418b      	sbcs	r3, r1
10000d80:	2b00      	cmp	r3, #0
10000d82:	db4c      	blt.n	10000e1e <alarm_pool_add_alarm_at+0xba>
10000d84:	6922      	ldr	r2, [r4, #16]
10000d86:	f3ef 8010 	mrs	r0, PRIMASK
10000d8a:	b672      	cpsid	i
10000d8c:	6813      	ldr	r3, [r2, #0]
10000d8e:	2b00      	cmp	r3, #0
10000d90:	d0fc      	beq.n	10000d8c <alarm_pool_add_alarm_at+0x28>
10000d92:	f3bf 8f5f 	dmb	sy
10000d96:	6962      	ldr	r2, [r4, #20]
10000d98:	2302      	movs	r3, #2
10000d9a:	5ee1      	ldrsh	r1, [r4, r3]
10000d9c:	4694      	mov	ip, r2
10000d9e:	004b      	lsls	r3, r1, #1
10000da0:	185b      	adds	r3, r3, r1
10000da2:	00db      	lsls	r3, r3, #3
10000da4:	4463      	add	r3, ip
10000da6:	2900      	cmp	r1, #0
10000da8:	db01      	blt.n	10000dae <alarm_pool_add_alarm_at+0x4a>
10000daa:	881a      	ldrh	r2, [r3, #0]
10000dac:	8062      	strh	r2, [r4, #2]
10000dae:	6922      	ldr	r2, [r4, #16]
10000db0:	f3bf 8f5f 	dmb	sy
10000db4:	2500      	movs	r5, #0
10000db6:	6015      	str	r5, [r2, #0]
10000db8:	f380 8810 	msr	PRIMASK, r0
10000dbc:	2900      	cmp	r1, #0
10000dbe:	db30      	blt.n	10000e22 <alarm_pool_add_alarm_at+0xbe>
10000dc0:	9a06      	ldr	r2, [sp, #24]
10000dc2:	609e      	str	r6, [r3, #8]
10000dc4:	60df      	str	r7, [r3, #12]
10000dc6:	611a      	str	r2, [r3, #16]
10000dc8:	9a07      	ldr	r2, [sp, #28]
10000dca:	615a      	str	r2, [r3, #20]
10000dcc:	885a      	ldrh	r2, [r3, #2]
10000dce:	3201      	adds	r2, #1
10000dd0:	0452      	lsls	r2, r2, #17
10000dd2:	0c52      	lsrs	r2, r2, #17
10000dd4:	1c16      	adds	r6, r2, #0
10000dd6:	2a00      	cmp	r2, #0
10000dd8:	d01f      	beq.n	10000e1a <alarm_pool_add_alarm_at+0xb6>
10000dda:	b2b0      	uxth	r0, r6
10000ddc:	040a      	lsls	r2, r1, #16
10000dde:	805e      	strh	r6, [r3, #2]
10000de0:	4310      	orrs	r0, r2
10000de2:	6926      	ldr	r6, [r4, #16]
10000de4:	f3ef 8510 	mrs	r5, PRIMASK
10000de8:	b672      	cpsid	i
10000dea:	6832      	ldr	r2, [r6, #0]
10000dec:	2a00      	cmp	r2, #0
10000dee:	d0fc      	beq.n	10000dea <alarm_pool_add_alarm_at+0x86>
10000df0:	f3bf 8f5f 	dmb	sy
10000df4:	88a2      	ldrh	r2, [r4, #4]
10000df6:	801a      	strh	r2, [r3, #0]
10000df8:	80a1      	strh	r1, [r4, #4]
10000dfa:	6923      	ldr	r3, [r4, #16]
10000dfc:	f3bf 8f5f 	dmb	sy
10000e00:	2200      	movs	r2, #0
10000e02:	601a      	str	r2, [r3, #0]
10000e04:	f385 8810 	msr	PRIMASK, r5
10000e08:	4907      	ldr	r1, [pc, #28]	; (10000e28 <alarm_pool_add_alarm_at+0xc4>)
10000e0a:	7823      	ldrb	r3, [r4, #0]
10000e0c:	468c      	mov	ip, r1
10000e0e:	3201      	adds	r2, #1
10000e10:	409a      	lsls	r2, r3
10000e12:	68e3      	ldr	r3, [r4, #12]
10000e14:	4463      	add	r3, ip
10000e16:	601a      	str	r2, [r3, #0]
10000e18:	bdf8      	pop	{r3, r4, r5, r6, r7, pc}
10000e1a:	2601      	movs	r6, #1
10000e1c:	e7dd      	b.n	10000dda <alarm_pool_add_alarm_at+0x76>
10000e1e:	2000      	movs	r0, #0
10000e20:	e7fa      	b.n	10000e18 <alarm_pool_add_alarm_at+0xb4>
10000e22:	2001      	movs	r0, #1
10000e24:	4240      	negs	r0, r0
10000e26:	e7f7      	b.n	10000e18 <alarm_pool_add_alarm_at+0xb4>
10000e28:	0000203c 	.word	0x0000203c

10000e2c <alarm_pool_add_alarm_at_force_in_context>:
10000e2c:	b570      	push	{r4, r5, r6, lr}
10000e2e:	46c6      	mov	lr, r8
10000e30:	0001      	movs	r1, r0
10000e32:	b500      	push	{lr}
10000e34:	6904      	ldr	r4, [r0, #16]
10000e36:	f3ef 8c10 	mrs	ip, PRIMASK
10000e3a:	b672      	cpsid	i
10000e3c:	6820      	ldr	r0, [r4, #0]
10000e3e:	2800      	cmp	r0, #0
10000e40:	d0fc      	beq.n	10000e3c <alarm_pool_add_alarm_at_force_in_context+0x10>
10000e42:	f3bf 8f5f 	dmb	sy
10000e46:	2002      	movs	r0, #2
10000e48:	5e0d      	ldrsh	r5, [r1, r0]
10000e4a:	6948      	ldr	r0, [r1, #20]
10000e4c:	006c      	lsls	r4, r5, #1
10000e4e:	4680      	mov	r8, r0
10000e50:	1964      	adds	r4, r4, r5
10000e52:	00e4      	lsls	r4, r4, #3
10000e54:	4444      	add	r4, r8
10000e56:	2d00      	cmp	r5, #0
10000e58:	db01      	blt.n	10000e5e <alarm_pool_add_alarm_at_force_in_context+0x32>
10000e5a:	8820      	ldrh	r0, [r4, #0]
10000e5c:	8048      	strh	r0, [r1, #2]
10000e5e:	6908      	ldr	r0, [r1, #16]
10000e60:	f3bf 8f5f 	dmb	sy
10000e64:	2600      	movs	r6, #0
10000e66:	6006      	str	r6, [r0, #0]
10000e68:	f38c 8810 	msr	PRIMASK, ip
10000e6c:	2d00      	cmp	r5, #0
10000e6e:	db30      	blt.n	10000ed2 <alarm_pool_add_alarm_at_force_in_context+0xa6>
10000e70:	60e3      	str	r3, [r4, #12]
10000e72:	8863      	ldrh	r3, [r4, #2]
10000e74:	9805      	ldr	r0, [sp, #20]
10000e76:	3301      	adds	r3, #1
10000e78:	6120      	str	r0, [r4, #16]
10000e7a:	045b      	lsls	r3, r3, #17
10000e7c:	9806      	ldr	r0, [sp, #24]
10000e7e:	0c5b      	lsrs	r3, r3, #17
10000e80:	60a2      	str	r2, [r4, #8]
10000e82:	6160      	str	r0, [r4, #20]
10000e84:	1c1a      	adds	r2, r3, #0
10000e86:	2b00      	cmp	r3, #0
10000e88:	d021      	beq.n	10000ece <alarm_pool_add_alarm_at_force_in_context+0xa2>
10000e8a:	b290      	uxth	r0, r2
10000e8c:	042b      	lsls	r3, r5, #16
10000e8e:	8062      	strh	r2, [r4, #2]
10000e90:	4318      	orrs	r0, r3
10000e92:	690a      	ldr	r2, [r1, #16]
10000e94:	f3ef 8610 	mrs	r6, PRIMASK
10000e98:	b672      	cpsid	i
10000e9a:	6813      	ldr	r3, [r2, #0]
10000e9c:	2b00      	cmp	r3, #0
10000e9e:	d0fc      	beq.n	10000e9a <alarm_pool_add_alarm_at_force_in_context+0x6e>
10000ea0:	f3bf 8f5f 	dmb	sy
10000ea4:	888b      	ldrh	r3, [r1, #4]
10000ea6:	8023      	strh	r3, [r4, #0]
10000ea8:	808d      	strh	r5, [r1, #4]
10000eaa:	690b      	ldr	r3, [r1, #16]
10000eac:	f3bf 8f5f 	dmb	sy
10000eb0:	2200      	movs	r2, #0
10000eb2:	601a      	str	r2, [r3, #0]
10000eb4:	f386 8810 	msr	PRIMASK, r6
10000eb8:	780b      	ldrb	r3, [r1, #0]
10000eba:	3201      	adds	r2, #1
10000ebc:	409a      	lsls	r2, r3
10000ebe:	68cb      	ldr	r3, [r1, #12]
10000ec0:	4905      	ldr	r1, [pc, #20]	; (10000ed8 <alarm_pool_add_alarm_at_force_in_context+0xac>)
10000ec2:	468c      	mov	ip, r1
10000ec4:	4463      	add	r3, ip
10000ec6:	601a      	str	r2, [r3, #0]
10000ec8:	bc40      	pop	{r6}
10000eca:	46b0      	mov	r8, r6
10000ecc:	bd70      	pop	{r4, r5, r6, pc}
10000ece:	2201      	movs	r2, #1
10000ed0:	e7db      	b.n	10000e8a <alarm_pool_add_alarm_at_force_in_context+0x5e>
10000ed2:	2001      	movs	r0, #1
10000ed4:	4240      	negs	r0, r0
10000ed6:	e7f7      	b.n	10000ec8 <alarm_pool_add_alarm_at_force_in_context+0x9c>
10000ed8:	0000203c 	.word	0x0000203c

10000edc <alarm_pool_cancel_alarm>:
10000edc:	b510      	push	{r4, lr}
10000ede:	8943      	ldrh	r3, [r0, #10]
10000ee0:	140a      	asrs	r2, r1, #16
10000ee2:	4293      	cmp	r3, r2
10000ee4:	dd33      	ble.n	10000f4e <alarm_pool_cancel_alarm+0x72>
10000ee6:	0053      	lsls	r3, r2, #1
10000ee8:	189b      	adds	r3, r3, r2
10000eea:	6942      	ldr	r2, [r0, #20]
10000eec:	00db      	lsls	r3, r3, #3
10000eee:	4694      	mov	ip, r2
10000ef0:	6904      	ldr	r4, [r0, #16]
10000ef2:	4463      	add	r3, ip
10000ef4:	f3ef 8c10 	mrs	ip, PRIMASK
10000ef8:	b672      	cpsid	i
10000efa:	6822      	ldr	r2, [r4, #0]
10000efc:	2a00      	cmp	r2, #0
10000efe:	d0fc      	beq.n	10000efa <alarm_pool_cancel_alarm+0x1e>
10000f00:	f3bf 8f5f 	dmb	sy
10000f04:	885a      	ldrh	r2, [r3, #2]
10000f06:	0409      	lsls	r1, r1, #16
10000f08:	b294      	uxth	r4, r2
10000f0a:	0c09      	lsrs	r1, r1, #16
10000f0c:	428a      	cmp	r2, r1
10000f0e:	d008      	beq.n	10000f22 <alarm_pool_cancel_alarm+0x46>
10000f10:	6903      	ldr	r3, [r0, #16]
10000f12:	f3bf 8f5f 	dmb	sy
10000f16:	2200      	movs	r2, #0
10000f18:	601a      	str	r2, [r3, #0]
10000f1a:	f38c 8810 	msr	PRIMASK, ip
10000f1e:	2000      	movs	r0, #0
10000f20:	bd10      	pop	{r4, pc}
10000f22:	2280      	movs	r2, #128	; 0x80
10000f24:	0212      	lsls	r2, r2, #8
10000f26:	4314      	orrs	r4, r2
10000f28:	805c      	strh	r4, [r3, #2]
10000f2a:	2301      	movs	r3, #1
10000f2c:	6902      	ldr	r2, [r0, #16]
10000f2e:	7183      	strb	r3, [r0, #6]
10000f30:	f3bf 8f5f 	dmb	sy
10000f34:	2100      	movs	r1, #0
10000f36:	6011      	str	r1, [r2, #0]
10000f38:	f38c 8810 	msr	PRIMASK, ip
10000f3c:	4905      	ldr	r1, [pc, #20]	; (10000f54 <alarm_pool_cancel_alarm+0x78>)
10000f3e:	7802      	ldrb	r2, [r0, #0]
10000f40:	468c      	mov	ip, r1
10000f42:	4093      	lsls	r3, r2
10000f44:	68c2      	ldr	r2, [r0, #12]
10000f46:	2001      	movs	r0, #1
10000f48:	4462      	add	r2, ip
10000f4a:	6013      	str	r3, [r2, #0]
10000f4c:	e7e8      	b.n	10000f20 <alarm_pool_cancel_alarm+0x44>
10000f4e:	2000      	movs	r0, #0
10000f50:	e7e6      	b.n	10000f20 <alarm_pool_cancel_alarm+0x44>
10000f52:	46c0      	nop			; (mov r8, r8)
10000f54:	0000203c 	.word	0x0000203c

10000f58 <alarm_pool_core_num>:
10000f58:	7840      	ldrb	r0, [r0, #1]
10000f5a:	4770      	bx	lr

10000f5c <sleep_until>:
10000f5c:	b5f0      	push	{r4, r5, r6, r7, lr}
10000f5e:	0004      	movs	r4, r0
10000f60:	000d      	movs	r5, r1
10000f62:	2606      	movs	r6, #6
10000f64:	4276      	negs	r6, r6
10000f66:	17f7      	asrs	r7, r6, #31
10000f68:	46c6      	mov	lr, r8
10000f6a:	1936      	adds	r6, r6, r4
10000f6c:	416f      	adcs	r7, r5
10000f6e:	b500      	push	{lr}
10000f70:	b082      	sub	sp, #8
10000f72:	428f      	cmp	r7, r1
10000f74:	d814      	bhi.n	10000fa0 <sleep_until+0x44>
10000f76:	d011      	beq.n	10000f9c <sleep_until+0x40>
10000f78:	f000 f912 	bl	100011a0 <time_us_64>
10000f7c:	0032      	movs	r2, r6
10000f7e:	003b      	movs	r3, r7
10000f80:	1a12      	subs	r2, r2, r0
10000f82:	418b      	sbcs	r3, r1
10000f84:	2b00      	cmp	r3, #0
10000f86:	dc15      	bgt.n	10000fb4 <sleep_until+0x58>
10000f88:	2b00      	cmp	r3, #0
10000f8a:	d044      	beq.n	10001016 <sleep_until+0xba>
10000f8c:	0020      	movs	r0, r4
10000f8e:	0029      	movs	r1, r5
10000f90:	f000 f910 	bl	100011b4 <busy_wait_until>
10000f94:	b002      	add	sp, #8
10000f96:	bc80      	pop	{r7}
10000f98:	46b8      	mov	r8, r7
10000f9a:	bdf0      	pop	{r4, r5, r6, r7, pc}
10000f9c:	4286      	cmp	r6, r0
10000f9e:	d9eb      	bls.n	10000f78 <sleep_until+0x1c>
10000fa0:	2600      	movs	r6, #0
10000fa2:	2700      	movs	r7, #0
10000fa4:	f000 f8fc 	bl	100011a0 <time_us_64>
10000fa8:	0032      	movs	r2, r6
10000faa:	003b      	movs	r3, r7
10000fac:	1a12      	subs	r2, r2, r0
10000fae:	418b      	sbcs	r3, r1
10000fb0:	2b00      	cmp	r3, #0
10000fb2:	dde9      	ble.n	10000f88 <sleep_until+0x2c>
10000fb4:	f000 f8f4 	bl	100011a0 <time_us_64>
10000fb8:	0032      	movs	r2, r6
10000fba:	003b      	movs	r3, r7
10000fbc:	1a12      	subs	r2, r2, r0
10000fbe:	418b      	sbcs	r3, r1
10000fc0:	2b00      	cmp	r3, #0
10000fc2:	db0a      	blt.n	10000fda <sleep_until+0x7e>
10000fc4:	2300      	movs	r3, #0
10000fc6:	9301      	str	r3, [sp, #4]
10000fc8:	4b14      	ldr	r3, [pc, #80]	; (1000101c <sleep_until+0xc0>)
10000fca:	0032      	movs	r2, r6
10000fcc:	9300      	str	r3, [sp, #0]
10000fce:	4814      	ldr	r0, [pc, #80]	; (10001020 <sleep_until+0xc4>)
10000fd0:	003b      	movs	r3, r7
10000fd2:	f7ff ff2b 	bl	10000e2c <alarm_pool_add_alarm_at_force_in_context>
10000fd6:	2800      	cmp	r0, #0
10000fd8:	dbd8      	blt.n	10000f8c <sleep_until+0x30>
10000fda:	46b0      	mov	r8, r6
10000fdc:	2600      	movs	r6, #0
10000fde:	46bc      	mov	ip, r7
10000fe0:	4a10      	ldr	r2, [pc, #64]	; (10001024 <sleep_until+0xc8>)
10000fe2:	4f11      	ldr	r7, [pc, #68]	; (10001028 <sleep_until+0xcc>)
10000fe4:	6a7b      	ldr	r3, [r7, #36]	; 0x24
10000fe6:	459c      	cmp	ip, r3
10000fe8:	d804      	bhi.n	10000ff4 <sleep_until+0x98>
10000fea:	6ab9      	ldr	r1, [r7, #40]	; 0x28
10000fec:	4588      	cmp	r8, r1
10000fee:	d9cd      	bls.n	10000f8c <sleep_until+0x30>
10000ff0:	459c      	cmp	ip, r3
10000ff2:	d1cb      	bne.n	10000f8c <sleep_until+0x30>
10000ff4:	6811      	ldr	r1, [r2, #0]
10000ff6:	f3ef 8010 	mrs	r0, PRIMASK
10000ffa:	b672      	cpsid	i
10000ffc:	680b      	ldr	r3, [r1, #0]
10000ffe:	2b00      	cmp	r3, #0
10001000:	d0fc      	beq.n	10000ffc <sleep_until+0xa0>
10001002:	f3bf 8f5f 	dmb	sy
10001006:	6813      	ldr	r3, [r2, #0]
10001008:	f3bf 8f5f 	dmb	sy
1000100c:	601e      	str	r6, [r3, #0]
1000100e:	f380 8810 	msr	PRIMASK, r0
10001012:	bf20      	wfe
10001014:	e7e6      	b.n	10000fe4 <sleep_until+0x88>
10001016:	2a00      	cmp	r2, #0
10001018:	d0b8      	beq.n	10000f8c <sleep_until+0x30>
1000101a:	e7cb      	b.n	10000fb4 <sleep_until+0x58>
1000101c:	10000949 	.word	0x10000949
10001020:	2000102c 	.word	0x2000102c
10001024:	20001ca0 	.word	0x20001ca0
10001028:	40054000 	.word	0x40054000

1000102c <sleep_ms>:
1000102c:	b570      	push	{r4, r5, r6, lr}
1000102e:	0006      	movs	r6, r0
10001030:	f000 f8b6 	bl	100011a0 <time_us_64>
10001034:	22fa      	movs	r2, #250	; 0xfa
10001036:	0004      	movs	r4, r0
10001038:	000d      	movs	r5, r1
1000103a:	2300      	movs	r3, #0
1000103c:	0030      	movs	r0, r6
1000103e:	2100      	movs	r1, #0
10001040:	0092      	lsls	r2, r2, #2
10001042:	f001 fa2f 	bl	100024a4 <__wrap___aeabi_lmul>
10001046:	1900      	adds	r0, r0, r4
10001048:	4169      	adcs	r1, r5
1000104a:	2900      	cmp	r1, #0
1000104c:	db02      	blt.n	10001054 <sleep_ms+0x28>
1000104e:	f7ff ff85 	bl	10000f5c <sleep_until>
10001052:	bd70      	pop	{r4, r5, r6, pc}
10001054:	2001      	movs	r0, #1
10001056:	4901      	ldr	r1, [pc, #4]	; (1000105c <sleep_ms+0x30>)
10001058:	4240      	negs	r0, r0
1000105a:	e7f8      	b.n	1000104e <sleep_ms+0x22>
1000105c:	7fffffff 	.word	0x7fffffff

10001060 <best_effort_wfe_or_timeout>:
10001060:	b5f0      	push	{r4, r5, r6, r7, lr}
10001062:	46d6      	mov	lr, sl
10001064:	464f      	mov	r7, r9
10001066:	4646      	mov	r6, r8
10001068:	b5c0      	push	{r6, r7, lr}
1000106a:	0004      	movs	r4, r0
1000106c:	000d      	movs	r5, r1
1000106e:	b082      	sub	sp, #8
10001070:	f3ef 8305 	mrs	r3, IPSR
10001074:	2b00      	cmp	r3, #0
10001076:	d130      	bne.n	100010da <best_effort_wfe_or_timeout+0x7a>
10001078:	4b3c      	ldr	r3, [pc, #240]	; (1000116c <best_effort_wfe_or_timeout+0x10c>)
1000107a:	469a      	mov	sl, r3
1000107c:	681b      	ldr	r3, [r3, #0]
1000107e:	4283      	cmp	r3, r0
10001080:	d026      	beq.n	100010d0 <best_effort_wfe_or_timeout+0x70>
10001082:	4b3b      	ldr	r3, [pc, #236]	; (10001170 <best_effort_wfe_or_timeout+0x110>)
10001084:	002f      	movs	r7, r5
10001086:	4698      	mov	r8, r3
10001088:	68db      	ldr	r3, [r3, #12]
1000108a:	4699      	mov	r9, r3
1000108c:	4643      	mov	r3, r8
1000108e:	4648      	mov	r0, r9
10001090:	781e      	ldrb	r6, [r3, #0]
10001092:	f000 f87d 	bl	10001190 <timer_time_us_64>
10001096:	000b      	movs	r3, r1
10001098:	4649      	mov	r1, r9
1000109a:	3604      	adds	r6, #4
1000109c:	00b6      	lsls	r6, r6, #2
1000109e:	0002      	movs	r2, r0
100010a0:	5871      	ldr	r1, [r6, r1]
100010a2:	0026      	movs	r6, r4
100010a4:	2000      	movs	r0, #0
100010a6:	1ab6      	subs	r6, r6, r2
100010a8:	419f      	sbcs	r7, r3
100010aa:	1a89      	subs	r1, r1, r2
100010ac:	42b8      	cmp	r0, r7
100010ae:	dc24      	bgt.n	100010fa <best_effort_wfe_or_timeout+0x9a>
100010b0:	d021      	beq.n	100010f6 <best_effort_wfe_or_timeout+0x96>
100010b2:	bf20      	wfe
100010b4:	4a2f      	ldr	r2, [pc, #188]	; (10001174 <best_effort_wfe_or_timeout+0x114>)
100010b6:	6a53      	ldr	r3, [r2, #36]	; 0x24
100010b8:	42ab      	cmp	r3, r5
100010ba:	d32a      	bcc.n	10001112 <best_effort_wfe_or_timeout+0xb2>
100010bc:	6a92      	ldr	r2, [r2, #40]	; 0x28
100010be:	2001      	movs	r0, #1
100010c0:	42a2      	cmp	r2, r4
100010c2:	d34a      	bcc.n	1000115a <best_effort_wfe_or_timeout+0xfa>
100010c4:	b002      	add	sp, #8
100010c6:	bce0      	pop	{r5, r6, r7}
100010c8:	46ba      	mov	sl, r7
100010ca:	46b1      	mov	r9, r6
100010cc:	46a8      	mov	r8, r5
100010ce:	bdf0      	pop	{r4, r5, r6, r7, pc}
100010d0:	4653      	mov	r3, sl
100010d2:	685b      	ldr	r3, [r3, #4]
100010d4:	428b      	cmp	r3, r1
100010d6:	d1d4      	bne.n	10001082 <best_effort_wfe_or_timeout+0x22>
100010d8:	e7eb      	b.n	100010b2 <best_effort_wfe_or_timeout+0x52>
100010da:	4a26      	ldr	r2, [pc, #152]	; (10001174 <best_effort_wfe_or_timeout+0x114>)
100010dc:	2000      	movs	r0, #0
100010de:	6a53      	ldr	r3, [r2, #36]	; 0x24
100010e0:	428b      	cmp	r3, r1
100010e2:	d3ef      	bcc.n	100010c4 <best_effort_wfe_or_timeout+0x64>
100010e4:	6a92      	ldr	r2, [r2, #40]	; 0x28
100010e6:	3001      	adds	r0, #1
100010e8:	42a2      	cmp	r2, r4
100010ea:	d2eb      	bcs.n	100010c4 <best_effort_wfe_or_timeout+0x64>
100010ec:	1a58      	subs	r0, r3, r1
100010ee:	1e42      	subs	r2, r0, #1
100010f0:	4190      	sbcs	r0, r2
100010f2:	b2c0      	uxtb	r0, r0
100010f4:	e7e6      	b.n	100010c4 <best_effort_wfe_or_timeout+0x64>
100010f6:	42b1      	cmp	r1, r6
100010f8:	d9db      	bls.n	100010b2 <best_effort_wfe_or_timeout+0x52>
100010fa:	f000 f851 	bl	100011a0 <time_us_64>
100010fe:	0022      	movs	r2, r4
10001100:	002b      	movs	r3, r5
10001102:	1a12      	subs	r2, r2, r0
10001104:	418b      	sbcs	r3, r1
10001106:	2b00      	cmp	r3, #0
10001108:	da05      	bge.n	10001116 <best_effort_wfe_or_timeout+0xb6>
1000110a:	4a1a      	ldr	r2, [pc, #104]	; (10001174 <best_effort_wfe_or_timeout+0x114>)
1000110c:	6a53      	ldr	r3, [r2, #36]	; 0x24
1000110e:	42ab      	cmp	r3, r5
10001110:	d2d4      	bcs.n	100010bc <best_effort_wfe_or_timeout+0x5c>
10001112:	2000      	movs	r0, #0
10001114:	e7d6      	b.n	100010c4 <best_effort_wfe_or_timeout+0x64>
10001116:	2300      	movs	r3, #0
10001118:	9301      	str	r3, [sp, #4]
1000111a:	4b17      	ldr	r3, [pc, #92]	; (10001178 <best_effort_wfe_or_timeout+0x118>)
1000111c:	0022      	movs	r2, r4
1000111e:	9300      	str	r3, [sp, #0]
10001120:	4640      	mov	r0, r8
10001122:	002b      	movs	r3, r5
10001124:	f7ff fe82 	bl	10000e2c <alarm_pool_add_alarm_at_force_in_context>
10001128:	1e01      	subs	r1, r0, #0
1000112a:	ddee      	ble.n	1000110a <best_effort_wfe_or_timeout+0xaa>
1000112c:	4653      	mov	r3, sl
1000112e:	601c      	str	r4, [r3, #0]
10001130:	605d      	str	r5, [r3, #4]
10001132:	4b10      	ldr	r3, [pc, #64]	; (10001174 <best_effort_wfe_or_timeout+0x114>)
10001134:	002e      	movs	r6, r5
10001136:	6a5a      	ldr	r2, [r3, #36]	; 0x24
10001138:	4295      	cmp	r5, r2
1000113a:	d815      	bhi.n	10001168 <best_effort_wfe_or_timeout+0x108>
1000113c:	6a9b      	ldr	r3, [r3, #40]	; 0x28
1000113e:	42a3      	cmp	r3, r4
10001140:	d310      	bcc.n	10001164 <best_effort_wfe_or_timeout+0x104>
10001142:	4640      	mov	r0, r8
10001144:	f7ff feca 	bl	10000edc <alarm_pool_cancel_alarm>
10001148:	4a0a      	ldr	r2, [pc, #40]	; (10001174 <best_effort_wfe_or_timeout+0x114>)
1000114a:	2000      	movs	r0, #0
1000114c:	6a53      	ldr	r3, [r2, #36]	; 0x24
1000114e:	429e      	cmp	r6, r3
10001150:	d8b8      	bhi.n	100010c4 <best_effort_wfe_or_timeout+0x64>
10001152:	6a92      	ldr	r2, [r2, #40]	; 0x28
10001154:	3001      	adds	r0, #1
10001156:	42a2      	cmp	r2, r4
10001158:	d2b4      	bcs.n	100010c4 <best_effort_wfe_or_timeout+0x64>
1000115a:	1ae8      	subs	r0, r5, r3
1000115c:	1e42      	subs	r2, r0, #1
1000115e:	4190      	sbcs	r0, r2
10001160:	b2c0      	uxtb	r0, r0
10001162:	e7af      	b.n	100010c4 <best_effort_wfe_or_timeout+0x64>
10001164:	4295      	cmp	r5, r2
10001166:	d1ec      	bne.n	10001142 <best_effort_wfe_or_timeout+0xe2>
10001168:	bf20      	wfe
1000116a:	e7ea      	b.n	10001142 <best_effort_wfe_or_timeout+0xe2>
1000116c:	20001048 	.word	0x20001048
10001170:	2000102c 	.word	0x2000102c
10001174:	40054000 	.word	0x40054000
10001178:	10000949 	.word	0x10000949

1000117c <timer_hardware_alarm_claim>:
1000117c:	b510      	push	{r4, lr}
1000117e:	4a02      	ldr	r2, [pc, #8]	; (10001188 <timer_hardware_alarm_claim+0xc>)
10001180:	4802      	ldr	r0, [pc, #8]	; (1000118c <timer_hardware_alarm_claim+0x10>)
10001182:	f7ff f925 	bl	100003d0 <hw_claim_or_assert>
10001186:	bd10      	pop	{r4, pc}
10001188:	10006468 	.word	0x10006468
1000118c:	20001810 	.word	0x20001810

10001190 <timer_time_us_64>:
10001190:	0003      	movs	r3, r0
10001192:	6a41      	ldr	r1, [r0, #36]	; 0x24
10001194:	000a      	movs	r2, r1
10001196:	6a98      	ldr	r0, [r3, #40]	; 0x28
10001198:	6a59      	ldr	r1, [r3, #36]	; 0x24
1000119a:	428a      	cmp	r2, r1
1000119c:	d1fa      	bne.n	10001194 <timer_time_us_64+0x4>
1000119e:	4770      	bx	lr

100011a0 <time_us_64>:
100011a0:	4b03      	ldr	r3, [pc, #12]	; (100011b0 <time_us_64+0x10>)
100011a2:	6a59      	ldr	r1, [r3, #36]	; 0x24
100011a4:	000a      	movs	r2, r1
100011a6:	6a98      	ldr	r0, [r3, #40]	; 0x28
100011a8:	6a59      	ldr	r1, [r3, #36]	; 0x24
100011aa:	4291      	cmp	r1, r2
100011ac:	d1fa      	bne.n	100011a4 <time_us_64+0x4>
100011ae:	4770      	bx	lr
100011b0:	40054000 	.word	0x40054000

100011b4 <busy_wait_until>:
100011b4:	4a06      	ldr	r2, [pc, #24]	; (100011d0 <busy_wait_until+0x1c>)
100011b6:	6a53      	ldr	r3, [r2, #36]	; 0x24
100011b8:	4299      	cmp	r1, r3
100011ba:	d8fc      	bhi.n	100011b6 <busy_wait_until+0x2>
100011bc:	d107      	bne.n	100011ce <busy_wait_until+0x1a>
100011be:	4b04      	ldr	r3, [pc, #16]	; (100011d0 <busy_wait_until+0x1c>)
100011c0:	e002      	b.n	100011c8 <busy_wait_until+0x14>
100011c2:	6a5a      	ldr	r2, [r3, #36]	; 0x24
100011c4:	4291      	cmp	r1, r2
100011c6:	d102      	bne.n	100011ce <busy_wait_until+0x1a>
100011c8:	6a9a      	ldr	r2, [r3, #40]	; 0x28
100011ca:	4282      	cmp	r2, r0
100011cc:	d3f9      	bcc.n	100011c2 <busy_wait_until+0xe>
100011ce:	4770      	bx	lr
100011d0:	40054000 	.word	0x40054000

100011d4 <clock_configure_int_divider>:
100011d4:	b5f8      	push	{r3, r4, r5, r6, r7, lr}
100011d6:	46de      	mov	lr, fp
100011d8:	464e      	mov	r6, r9
100011da:	4657      	mov	r7, sl
100011dc:	4645      	mov	r5, r8
100011de:	b5e0      	push	{r5, r6, r7, lr}
100011e0:	468b      	mov	fp, r1
100011e2:	0005      	movs	r5, r0
100011e4:	990a      	ldr	r1, [sp, #40]	; 0x28
100011e6:	0018      	movs	r0, r3
100011e8:	0016      	movs	r6, r2
100011ea:	f000 fb39 	bl	10001860 <__wrap___aeabi_uidiv>
100011ee:	9b0a      	ldr	r3, [sp, #40]	; 0x28
100011f0:	006c      	lsls	r4, r5, #1
100011f2:	021f      	lsls	r7, r3, #8
100011f4:	4b32      	ldr	r3, [pc, #200]	; (100012c0 <clock_configure_int_divider+0xec>)
100011f6:	1964      	adds	r4, r4, r5
100011f8:	469c      	mov	ip, r3
100011fa:	00a4      	lsls	r4, r4, #2
100011fc:	4464      	add	r4, ip
100011fe:	6863      	ldr	r3, [r4, #4]
10001200:	4681      	mov	r9, r0
10001202:	429f      	cmp	r7, r3
10001204:	d900      	bls.n	10001208 <clock_configure_int_divider+0x34>
10001206:	6067      	str	r7, [r4, #4]
10001208:	1f2b      	subs	r3, r5, #4
1000120a:	b2db      	uxtb	r3, r3
1000120c:	4698      	mov	r8, r3
1000120e:	2b01      	cmp	r3, #1
10001210:	d930      	bls.n	10001274 <clock_configure_int_divider+0xa0>
10001212:	23c0      	movs	r3, #192	; 0xc0
10001214:	2280      	movs	r2, #128	; 0x80
10001216:	019b      	lsls	r3, r3, #6
10001218:	18e3      	adds	r3, r4, r3
1000121a:	0112      	lsls	r2, r2, #4
1000121c:	601a      	str	r2, [r3, #0]
1000121e:	4b29      	ldr	r3, [pc, #164]	; (100012c4 <clock_configure_int_divider+0xf0>)
10001220:	00ad      	lsls	r5, r5, #2
10001222:	5959      	ldr	r1, [r3, r5]
10001224:	469a      	mov	sl, r3
10001226:	2900      	cmp	r1, #0
10001228:	d11b      	bne.n	10001262 <clock_configure_int_divider+0x8e>
1000122a:	6822      	ldr	r2, [r4, #0]
1000122c:	0176      	lsls	r6, r6, #5
1000122e:	4072      	eors	r2, r6
10001230:	26e0      	movs	r6, #224	; 0xe0
10001232:	2380      	movs	r3, #128	; 0x80
10001234:	4016      	ands	r6, r2
10001236:	4642      	mov	r2, r8
10001238:	015b      	lsls	r3, r3, #5
1000123a:	18e3      	adds	r3, r4, r3
1000123c:	601e      	str	r6, [r3, #0]
1000123e:	2a01      	cmp	r2, #1
10001240:	d930      	bls.n	100012a4 <clock_configure_int_divider+0xd0>
10001242:	2380      	movs	r3, #128	; 0x80
10001244:	2280      	movs	r2, #128	; 0x80
10001246:	019b      	lsls	r3, r3, #6
10001248:	18e3      	adds	r3, r4, r3
1000124a:	0112      	lsls	r2, r2, #4
1000124c:	601a      	str	r2, [r3, #0]
1000124e:	4653      	mov	r3, sl
10001250:	464a      	mov	r2, r9
10001252:	6067      	str	r7, [r4, #4]
10001254:	515a      	str	r2, [r3, r5]
10001256:	bcf0      	pop	{r4, r5, r6, r7}
10001258:	46bb      	mov	fp, r7
1000125a:	46b2      	mov	sl, r6
1000125c:	46a9      	mov	r9, r5
1000125e:	46a0      	mov	r8, r4
10001260:	bdf8      	pop	{r3, r4, r5, r6, r7, pc}
10001262:	6958      	ldr	r0, [r3, #20]
10001264:	f000 fafc 	bl	10001860 <__wrap___aeabi_uidiv>
10001268:	1c43      	adds	r3, r0, #1
1000126a:	0058      	lsls	r0, r3, #1
1000126c:	18c0      	adds	r0, r0, r3
1000126e:	3803      	subs	r0, #3
10001270:	d2fd      	bcs.n	1000126e <clock_configure_int_divider+0x9a>
10001272:	e7da      	b.n	1000122a <clock_configure_int_divider+0x56>
10001274:	465b      	mov	r3, fp
10001276:	2b01      	cmp	r3, #1
10001278:	d1cb      	bne.n	10001212 <clock_configure_int_divider+0x3e>
1000127a:	23c0      	movs	r3, #192	; 0xc0
1000127c:	2203      	movs	r2, #3
1000127e:	019b      	lsls	r3, r3, #6
10001280:	18e3      	adds	r3, r4, r3
10001282:	601a      	str	r2, [r3, #0]
10001284:	3a02      	subs	r2, #2
10001286:	68a3      	ldr	r3, [r4, #8]
10001288:	421a      	tst	r2, r3
1000128a:	d0fc      	beq.n	10001286 <clock_configure_int_divider+0xb2>
1000128c:	23e0      	movs	r3, #224	; 0xe0
1000128e:	6822      	ldr	r2, [r4, #0]
10001290:	0176      	lsls	r6, r6, #5
10001292:	4056      	eors	r6, r2
10001294:	401e      	ands	r6, r3
10001296:	2380      	movs	r3, #128	; 0x80
10001298:	4a0a      	ldr	r2, [pc, #40]	; (100012c4 <clock_configure_int_divider+0xf0>)
1000129a:	015b      	lsls	r3, r3, #5
1000129c:	4692      	mov	sl, r2
1000129e:	18e3      	adds	r3, r4, r3
100012a0:	601e      	str	r6, [r3, #0]
100012a2:	00ad      	lsls	r5, r5, #2
100012a4:	465a      	mov	r2, fp
100012a6:	6821      	ldr	r1, [r4, #0]
100012a8:	4051      	eors	r1, r2
100012aa:	2203      	movs	r2, #3
100012ac:	400a      	ands	r2, r1
100012ae:	601a      	str	r2, [r3, #0]
100012b0:	2201      	movs	r2, #1
100012b2:	465b      	mov	r3, fp
100012b4:	409a      	lsls	r2, r3
100012b6:	68a3      	ldr	r3, [r4, #8]
100012b8:	421a      	tst	r2, r3
100012ba:	d0fc      	beq.n	100012b6 <clock_configure_int_divider+0xe2>
100012bc:	e7c1      	b.n	10001242 <clock_configure_int_divider+0x6e>
100012be:	46c0      	nop			; (mov r8, r8)
100012c0:	40008000 	.word	0x40008000
100012c4:	20001814 	.word	0x20001814

100012c8 <clock_configure_undivided>:
100012c8:	b5f0      	push	{r4, r5, r6, r7, lr}
100012ca:	4646      	mov	r6, r8
100012cc:	464f      	mov	r7, r9
100012ce:	46d6      	mov	lr, sl
100012d0:	b5c0      	push	{r6, r7, lr}
100012d2:	001f      	movs	r7, r3
100012d4:	4b34      	ldr	r3, [pc, #208]	; (100013a8 <clock_configure_undivided+0xe0>)
100012d6:	0044      	lsls	r4, r0, #1
100012d8:	469c      	mov	ip, r3
100012da:	1824      	adds	r4, r4, r0
100012dc:	00a4      	lsls	r4, r4, #2
100012de:	4464      	add	r4, ip
100012e0:	6863      	ldr	r3, [r4, #4]
100012e2:	4688      	mov	r8, r1
100012e4:	0016      	movs	r6, r2
100012e6:	2bff      	cmp	r3, #255	; 0xff
100012e8:	d802      	bhi.n	100012f0 <clock_configure_undivided+0x28>
100012ea:	2380      	movs	r3, #128	; 0x80
100012ec:	005b      	lsls	r3, r3, #1
100012ee:	6063      	str	r3, [r4, #4]
100012f0:	1f03      	subs	r3, r0, #4
100012f2:	b2db      	uxtb	r3, r3
100012f4:	469a      	mov	sl, r3
100012f6:	2b01      	cmp	r3, #1
100012f8:	d930      	bls.n	1000135c <clock_configure_undivided+0x94>
100012fa:	23c0      	movs	r3, #192	; 0xc0
100012fc:	2280      	movs	r2, #128	; 0x80
100012fe:	019b      	lsls	r3, r3, #6
10001300:	18e3      	adds	r3, r4, r3
10001302:	0112      	lsls	r2, r2, #4
10001304:	601a      	str	r2, [r3, #0]
10001306:	4b29      	ldr	r3, [pc, #164]	; (100013ac <clock_configure_undivided+0xe4>)
10001308:	0085      	lsls	r5, r0, #2
1000130a:	5959      	ldr	r1, [r3, r5]
1000130c:	4699      	mov	r9, r3
1000130e:	2900      	cmp	r1, #0
10001310:	d11b      	bne.n	1000134a <clock_configure_undivided+0x82>
10001312:	6822      	ldr	r2, [r4, #0]
10001314:	0176      	lsls	r6, r6, #5
10001316:	4072      	eors	r2, r6
10001318:	26e0      	movs	r6, #224	; 0xe0
1000131a:	2380      	movs	r3, #128	; 0x80
1000131c:	4016      	ands	r6, r2
1000131e:	4652      	mov	r2, sl
10001320:	015b      	lsls	r3, r3, #5
10001322:	18e3      	adds	r3, r4, r3
10001324:	601e      	str	r6, [r3, #0]
10001326:	2a01      	cmp	r2, #1
10001328:	d930      	bls.n	1000138c <clock_configure_undivided+0xc4>
1000132a:	2380      	movs	r3, #128	; 0x80
1000132c:	2280      	movs	r2, #128	; 0x80
1000132e:	019b      	lsls	r3, r3, #6
10001330:	18e3      	adds	r3, r4, r3
10001332:	0112      	lsls	r2, r2, #4
10001334:	601a      	str	r2, [r3, #0]
10001336:	2380      	movs	r3, #128	; 0x80
10001338:	005b      	lsls	r3, r3, #1
1000133a:	6063      	str	r3, [r4, #4]
1000133c:	464b      	mov	r3, r9
1000133e:	515f      	str	r7, [r3, r5]
10001340:	bce0      	pop	{r5, r6, r7}
10001342:	46ba      	mov	sl, r7
10001344:	46b1      	mov	r9, r6
10001346:	46a8      	mov	r8, r5
10001348:	bdf0      	pop	{r4, r5, r6, r7, pc}
1000134a:	6958      	ldr	r0, [r3, #20]
1000134c:	f000 fa88 	bl	10001860 <__wrap___aeabi_uidiv>
10001350:	1c43      	adds	r3, r0, #1
10001352:	0058      	lsls	r0, r3, #1
10001354:	18c0      	adds	r0, r0, r3
10001356:	3803      	subs	r0, #3
10001358:	d2fd      	bcs.n	10001356 <clock_configure_undivided+0x8e>
1000135a:	e7da      	b.n	10001312 <clock_configure_undivided+0x4a>
1000135c:	4643      	mov	r3, r8
1000135e:	2b01      	cmp	r3, #1
10001360:	d1cb      	bne.n	100012fa <clock_configure_undivided+0x32>
10001362:	23c0      	movs	r3, #192	; 0xc0
10001364:	2203      	movs	r2, #3
10001366:	019b      	lsls	r3, r3, #6
10001368:	18e3      	adds	r3, r4, r3
1000136a:	601a      	str	r2, [r3, #0]
1000136c:	3a02      	subs	r2, #2
1000136e:	68a3      	ldr	r3, [r4, #8]
10001370:	421a      	tst	r2, r3
10001372:	d0fc      	beq.n	1000136e <clock_configure_undivided+0xa6>
10001374:	23e0      	movs	r3, #224	; 0xe0
10001376:	6822      	ldr	r2, [r4, #0]
10001378:	0176      	lsls	r6, r6, #5
1000137a:	4056      	eors	r6, r2
1000137c:	401e      	ands	r6, r3
1000137e:	2380      	movs	r3, #128	; 0x80
10001380:	4a0a      	ldr	r2, [pc, #40]	; (100013ac <clock_configure_undivided+0xe4>)
10001382:	015b      	lsls	r3, r3, #5
10001384:	4691      	mov	r9, r2
10001386:	18e3      	adds	r3, r4, r3
10001388:	601e      	str	r6, [r3, #0]
1000138a:	0085      	lsls	r5, r0, #2
1000138c:	4642      	mov	r2, r8
1000138e:	6821      	ldr	r1, [r4, #0]
10001390:	4051      	eors	r1, r2
10001392:	2203      	movs	r2, #3
10001394:	400a      	ands	r2, r1
10001396:	601a      	str	r2, [r3, #0]
10001398:	2301      	movs	r3, #1
1000139a:	4642      	mov	r2, r8
1000139c:	4093      	lsls	r3, r2
1000139e:	68a2      	ldr	r2, [r4, #8]
100013a0:	4213      	tst	r3, r2
100013a2:	d0fc      	beq.n	1000139e <clock_configure_undivided+0xd6>
100013a4:	e7c1      	b.n	1000132a <clock_configure_undivided+0x62>
100013a6:	46c0      	nop			; (mov r8, r8)
100013a8:	40008000 	.word	0x40008000
100013ac:	20001814 	.word	0x20001814

100013b0 <clock_get_hz>:
100013b0:	4b01      	ldr	r3, [pc, #4]	; (100013b8 <clock_get_hz+0x8>)
100013b2:	0080      	lsls	r0, r0, #2
100013b4:	58c0      	ldr	r0, [r0, r3]
100013b6:	4770      	bx	lr
100013b8:	20001814 	.word	0x20001814

100013bc <pll_init>:
100013bc:	b5f8      	push	{r3, r4, r5, r6, r7, lr}
100013be:	0004      	movs	r4, r0
100013c0:	4820      	ldr	r0, [pc, #128]	; (10001444 <pll_init+0x88>)
100013c2:	001d      	movs	r5, r3
100013c4:	0017      	movs	r7, r2
100013c6:	000e      	movs	r6, r1
100013c8:	f000 fa4a 	bl	10001860 <__wrap___aeabi_uidiv>
100013cc:	0001      	movs	r1, r0
100013ce:	0038      	movs	r0, r7
100013d0:	f000 fa46 	bl	10001860 <__wrap___aeabi_uidiv>
100013d4:	9b06      	ldr	r3, [sp, #24]
100013d6:	0429      	lsls	r1, r5, #16
100013d8:	031b      	lsls	r3, r3, #12
100013da:	4319      	orrs	r1, r3
100013dc:	6823      	ldr	r3, [r4, #0]
100013de:	2b00      	cmp	r3, #0
100013e0:	db1e      	blt.n	10001420 <pll_init+0x64>
100013e2:	4b19      	ldr	r3, [pc, #100]	; (10001448 <pll_init+0x8c>)
100013e4:	4d19      	ldr	r5, [pc, #100]	; (1000144c <pll_init+0x90>)
100013e6:	18e2      	adds	r2, r4, r3
100013e8:	4253      	negs	r3, r2
100013ea:	415a      	adcs	r2, r3
100013ec:	2380      	movs	r3, #128	; 0x80
100013ee:	015b      	lsls	r3, r3, #5
100013f0:	469c      	mov	ip, r3
100013f2:	0312      	lsls	r2, r2, #12
100013f4:	4b16      	ldr	r3, [pc, #88]	; (10001450 <pll_init+0x94>)
100013f6:	4462      	add	r2, ip
100013f8:	601a      	str	r2, [r3, #0]
100013fa:	4b16      	ldr	r3, [pc, #88]	; (10001454 <pll_init+0x98>)
100013fc:	601a      	str	r2, [r3, #0]
100013fe:	0017      	movs	r7, r2
10001400:	682b      	ldr	r3, [r5, #0]
10001402:	439f      	bics	r7, r3
10001404:	d1fb      	bne.n	100013fe <pll_init+0x42>
10001406:	4b14      	ldr	r3, [pc, #80]	; (10001458 <pll_init+0x9c>)
10001408:	6026      	str	r6, [r4, #0]
1000140a:	18e2      	adds	r2, r4, r3
1000140c:	2321      	movs	r3, #33	; 0x21
1000140e:	60a0      	str	r0, [r4, #8]
10001410:	6013      	str	r3, [r2, #0]
10001412:	6823      	ldr	r3, [r4, #0]
10001414:	2b00      	cmp	r3, #0
10001416:	dafc      	bge.n	10001412 <pll_init+0x56>
10001418:	2308      	movs	r3, #8
1000141a:	60e1      	str	r1, [r4, #12]
1000141c:	6013      	str	r3, [r2, #0]
1000141e:	bdf8      	pop	{r3, r4, r5, r6, r7, pc}
10001420:	233f      	movs	r3, #63	; 0x3f
10001422:	6822      	ldr	r2, [r4, #0]
10001424:	4013      	ands	r3, r2
10001426:	42b3      	cmp	r3, r6
10001428:	d1db      	bne.n	100013e2 <pll_init+0x26>
1000142a:	68a3      	ldr	r3, [r4, #8]
1000142c:	051b      	lsls	r3, r3, #20
1000142e:	0d1b      	lsrs	r3, r3, #20
10001430:	4283      	cmp	r3, r0
10001432:	d1d6      	bne.n	100013e2 <pll_init+0x26>
10001434:	22ee      	movs	r2, #238	; 0xee
10001436:	68e3      	ldr	r3, [r4, #12]
10001438:	02d2      	lsls	r2, r2, #11
1000143a:	4013      	ands	r3, r2
1000143c:	428b      	cmp	r3, r1
1000143e:	d1d0      	bne.n	100013e2 <pll_init+0x26>
10001440:	e7ed      	b.n	1000141e <pll_init+0x62>
10001442:	46c0      	nop			; (mov r8, r8)
10001444:	00b71b00 	.word	0x00b71b00
10001448:	bffd4000 	.word	0xbffd4000
1000144c:	4000c008 	.word	0x4000c008
10001450:	4000e000 	.word	0x4000e000
10001454:	4000f000 	.word	0x4000f000
10001458:	00003004 	.word	0x00003004

1000145c <watchdog_reboot>:
1000145c:	b510      	push	{r4, lr}
1000145e:	0014      	movs	r4, r2
10001460:	2280      	movs	r2, #128	; 0x80
10001462:	4b1b      	ldr	r3, [pc, #108]	; (100014d0 <watchdog_reboot+0x74>)
10001464:	05d2      	lsls	r2, r2, #23
10001466:	601a      	str	r2, [r3, #0]
10001468:	2800      	cmp	r0, #0
1000146a:	d01a      	beq.n	100014a2 <watchdog_reboot+0x46>
1000146c:	2301      	movs	r3, #1
1000146e:	4a19      	ldr	r2, [pc, #100]	; (100014d4 <watchdog_reboot+0x78>)
10001470:	4318      	orrs	r0, r3
10001472:	4b19      	ldr	r3, [pc, #100]	; (100014d8 <watchdog_reboot+0x7c>)
10001474:	61da      	str	r2, [r3, #28]
10001476:	4a19      	ldr	r2, [pc, #100]	; (100014dc <watchdog_reboot+0x80>)
10001478:	4042      	eors	r2, r0
1000147a:	621a      	str	r2, [r3, #32]
1000147c:	6259      	str	r1, [r3, #36]	; 0x24
1000147e:	6298      	str	r0, [r3, #40]	; 0x28
10001480:	2280      	movs	r2, #128	; 0x80
10001482:	4b13      	ldr	r3, [pc, #76]	; (100014d0 <watchdog_reboot+0x74>)
10001484:	05d2      	lsls	r2, r2, #23
10001486:	601a      	str	r2, [r3, #0]
10001488:	4915      	ldr	r1, [pc, #84]	; (100014e0 <watchdog_reboot+0x84>)
1000148a:	4a16      	ldr	r2, [pc, #88]	; (100014e4 <watchdog_reboot+0x88>)
1000148c:	6011      	str	r1, [r2, #0]
1000148e:	22e0      	movs	r2, #224	; 0xe0
10001490:	04d2      	lsls	r2, r2, #19
10001492:	601a      	str	r2, [r3, #0]
10001494:	2c00      	cmp	r4, #0
10001496:	d107      	bne.n	100014a8 <watchdog_reboot+0x4c>
10001498:	2280      	movs	r2, #128	; 0x80
1000149a:	4b13      	ldr	r3, [pc, #76]	; (100014e8 <watchdog_reboot+0x8c>)
1000149c:	0612      	lsls	r2, r2, #24
1000149e:	601a      	str	r2, [r3, #0]
100014a0:	bd10      	pop	{r4, pc}
100014a2:	4b0d      	ldr	r3, [pc, #52]	; (100014d8 <watchdog_reboot+0x7c>)
100014a4:	61d8      	str	r0, [r3, #28]
100014a6:	e7eb      	b.n	10001480 <watchdog_reboot+0x24>
100014a8:	0163      	lsls	r3, r4, #5
100014aa:	1b1b      	subs	r3, r3, r4
100014ac:	009a      	lsls	r2, r3, #2
100014ae:	2380      	movs	r3, #128	; 0x80
100014b0:	1912      	adds	r2, r2, r4
100014b2:	0112      	lsls	r2, r2, #4
100014b4:	045b      	lsls	r3, r3, #17
100014b6:	429a      	cmp	r2, r3
100014b8:	d300      	bcc.n	100014bc <watchdog_reboot+0x60>
100014ba:	4a0c      	ldr	r2, [pc, #48]	; (100014ec <watchdog_reboot+0x90>)
100014bc:	4b0c      	ldr	r3, [pc, #48]	; (100014f0 <watchdog_reboot+0x94>)
100014be:	601a      	str	r2, [r3, #0]
100014c0:	4b05      	ldr	r3, [pc, #20]	; (100014d8 <watchdog_reboot+0x7c>)
100014c2:	605a      	str	r2, [r3, #4]
100014c4:	2280      	movs	r2, #128	; 0x80
100014c6:	4b08      	ldr	r3, [pc, #32]	; (100014e8 <watchdog_reboot+0x8c>)
100014c8:	05d2      	lsls	r2, r2, #23
100014ca:	601a      	str	r2, [r3, #0]
100014cc:	e7e8      	b.n	100014a0 <watchdog_reboot+0x44>
100014ce:	46c0      	nop			; (mov r8, r8)
100014d0:	4005b000 	.word	0x4005b000
100014d4:	b007c0d3 	.word	0xb007c0d3
100014d8:	40058000 	.word	0x40058000
100014dc:	4ff83f2d 	.word	0x4ff83f2d
100014e0:	0001fffc 	.word	0x0001fffc
100014e4:	40012008 	.word	0x40012008
100014e8:	4005a000 	.word	0x4005a000
100014ec:	00ffffff 	.word	0x00ffffff
100014f0:	20001c74 	.word	0x20001c74

100014f4 <tick_start>:
100014f4:	2380      	movs	r3, #128	; 0x80
100014f6:	4a02      	ldr	r2, [pc, #8]	; (10001500 <tick_start+0xc>)
100014f8:	009b      	lsls	r3, r3, #2
100014fa:	430b      	orrs	r3, r1
100014fc:	62d3      	str	r3, [r2, #44]	; 0x2c
100014fe:	4770      	bx	lr
10001500:	40058000 	.word	0x40058000

10001504 <rom_func_lookup>:
10001504:	2314      	movs	r3, #20
10001506:	b510      	push	{r4, lr}
10001508:	0001      	movs	r1, r0
1000150a:	8818      	ldrh	r0, [r3, #0]
1000150c:	3304      	adds	r3, #4
1000150e:	881b      	ldrh	r3, [r3, #0]
10001510:	4798      	blx	r3
10001512:	bd10      	pop	{r4, pc}

10001514 <rom_data_lookup>:
10001514:	2316      	movs	r3, #22
10001516:	b510      	push	{r4, lr}
10001518:	0001      	movs	r1, r0
1000151a:	8818      	ldrh	r0, [r3, #0]
1000151c:	3302      	adds	r3, #2
1000151e:	881b      	ldrh	r3, [r3, #0]
10001520:	4798      	blx	r3
10001522:	bd10      	pop	{r4, pc}

10001524 <rom_funcs_lookup>:
10001524:	b5f8      	push	{r3, r4, r5, r6, r7, lr}
10001526:	4647      	mov	r7, r8
10001528:	46ce      	mov	lr, r9
1000152a:	b580      	push	{r7, lr}
1000152c:	1e0f      	subs	r7, r1, #0
1000152e:	d019      	beq.n	10001564 <rom_funcs_lookup+0x40>
10001530:	2314      	movs	r3, #20
10001532:	4699      	mov	r9, r3
10001534:	3304      	adds	r3, #4
10001536:	0004      	movs	r4, r0
10001538:	2500      	movs	r5, #0
1000153a:	2601      	movs	r6, #1
1000153c:	4698      	mov	r8, r3
1000153e:	464b      	mov	r3, r9
10001540:	8818      	ldrh	r0, [r3, #0]
10001542:	4643      	mov	r3, r8
10001544:	6821      	ldr	r1, [r4, #0]
10001546:	881b      	ldrh	r3, [r3, #0]
10001548:	4798      	blx	r3
1000154a:	c401      	stmia	r4!, {r0}
1000154c:	1e43      	subs	r3, r0, #1
1000154e:	4198      	sbcs	r0, r3
10001550:	3501      	adds	r5, #1
10001552:	4240      	negs	r0, r0
10001554:	4006      	ands	r6, r0
10001556:	42af      	cmp	r7, r5
10001558:	d1f1      	bne.n	1000153e <rom_funcs_lookup+0x1a>
1000155a:	0030      	movs	r0, r6
1000155c:	bcc0      	pop	{r6, r7}
1000155e:	46b9      	mov	r9, r7
10001560:	46b0      	mov	r8, r6
10001562:	bdf8      	pop	{r3, r4, r5, r6, r7, pc}
10001564:	2601      	movs	r6, #1
10001566:	e7f8      	b.n	1000155a <rom_funcs_lookup+0x36>

10001568 <rom_reset_usb_boot_extra>:
10001568:	2314      	movs	r3, #20
1000156a:	b570      	push	{r4, r5, r6, lr}
1000156c:	0004      	movs	r4, r0
1000156e:	8818      	ldrh	r0, [r3, #0]
10001570:	3304      	adds	r3, #4
10001572:	881b      	ldrh	r3, [r3, #0]
10001574:	000d      	movs	r5, r1
10001576:	4905      	ldr	r1, [pc, #20]	; (1000158c <rom_reset_usb_boot_extra+0x24>)
10001578:	4798      	blx	r3
1000157a:	0003      	movs	r3, r0
1000157c:	2000      	movs	r0, #0
1000157e:	2c00      	cmp	r4, #0
10001580:	db01      	blt.n	10001586 <rom_reset_usb_boot_extra+0x1e>
10001582:	3001      	adds	r0, #1
10001584:	40a0      	lsls	r0, r4
10001586:	0029      	movs	r1, r5
10001588:	4798      	blx	r3
1000158a:	46c0      	nop			; (mov r8, r8)
1000158c:	00004255 	.word	0x00004255

10001590 <xosc_init>:
10001590:	23aa      	movs	r3, #170	; 0xaa
10001592:	4a06      	ldr	r2, [pc, #24]	; (100015ac <xosc_init+0x1c>)
10001594:	011b      	lsls	r3, r3, #4
10001596:	6013      	str	r3, [r2, #0]
10001598:	238d      	movs	r3, #141	; 0x8d
1000159a:	005b      	lsls	r3, r3, #1
1000159c:	60d3      	str	r3, [r2, #12]
1000159e:	4904      	ldr	r1, [pc, #16]	; (100015b0 <xosc_init+0x20>)
100015a0:	4b04      	ldr	r3, [pc, #16]	; (100015b4 <xosc_init+0x24>)
100015a2:	6019      	str	r1, [r3, #0]
100015a4:	6853      	ldr	r3, [r2, #4]
100015a6:	2b00      	cmp	r3, #0
100015a8:	dafc      	bge.n	100015a4 <xosc_init+0x14>
100015aa:	4770      	bx	lr
100015ac:	40024000 	.word	0x40024000
100015b0:	00fab000 	.word	0x00fab000
100015b4:	40026000 	.word	0x40026000

100015b8 <first_per_core_initializer>:
100015b8:	4770      	bx	lr
100015ba:	46c0      	nop			; (mov r8, r8)

100015bc <hard_assertion_failure>:
100015bc:	b510      	push	{r4, lr}
100015be:	4801      	ldr	r0, [pc, #4]	; (100015c4 <hard_assertion_failure+0x8>)
100015c0:	f7fe feee 	bl	100003a0 <panic>
100015c4:	1000648c 	.word	0x1000648c

100015c8 <runtime_run_initializers>:
100015c8:	b570      	push	{r4, r5, r6, lr}
100015ca:	4d07      	ldr	r5, [pc, #28]	; (100015e8 <runtime_run_initializers+0x20>)
100015cc:	4e07      	ldr	r6, [pc, #28]	; (100015ec <runtime_run_initializers+0x24>)
100015ce:	42b5      	cmp	r5, r6
100015d0:	d209      	bcs.n	100015e6 <runtime_run_initializers+0x1e>
100015d2:	2400      	movs	r4, #0
100015d4:	3e01      	subs	r6, #1
100015d6:	1b76      	subs	r6, r6, r5
100015d8:	08b6      	lsrs	r6, r6, #2
100015da:	cd08      	ldmia	r5!, {r3}
100015dc:	4798      	blx	r3
100015de:	0023      	movs	r3, r4
100015e0:	3401      	adds	r4, #1
100015e2:	42b3      	cmp	r3, r6
100015e4:	d1f9      	bne.n	100015da <runtime_run_initializers+0x12>
100015e6:	bd70      	pop	{r4, r5, r6, pc}
100015e8:	100063d0 	.word	0x100063d0
100015ec:	1000640c 	.word	0x1000640c

100015f0 <runtime_init_early_resets>:
100015f0:	4b05      	ldr	r3, [pc, #20]	; (10001608 <runtime_init_early_resets+0x18>)
100015f2:	4a06      	ldr	r2, [pc, #24]	; (1000160c <runtime_init_early_resets+0x1c>)
100015f4:	4906      	ldr	r1, [pc, #24]	; (10001610 <runtime_init_early_resets+0x20>)
100015f6:	601a      	str	r2, [r3, #0]
100015f8:	4a06      	ldr	r2, [pc, #24]	; (10001614 <runtime_init_early_resets+0x24>)
100015fa:	4b07      	ldr	r3, [pc, #28]	; (10001618 <runtime_init_early_resets+0x28>)
100015fc:	601a      	str	r2, [r3, #0]
100015fe:	0010      	movs	r0, r2
10001600:	680b      	ldr	r3, [r1, #0]
10001602:	4398      	bics	r0, r3
10001604:	d1fb      	bne.n	100015fe <runtime_init_early_resets+0xe>
10001606:	4770      	bx	lr
10001608:	4000e000 	.word	0x4000e000
1000160c:	fefbcdbf 	.word	0xfefbcdbf
10001610:	4000c008 	.word	0x4000c008
10001614:	003c7ffe 	.word	0x003c7ffe
10001618:	4000f000 	.word	0x4000f000

1000161c <runtime_init_usb_power_down>:
1000161c:	4b04      	ldr	r3, [pc, #16]	; (10001630 <runtime_init_usb_power_down+0x14>)
1000161e:	6cdb      	ldr	r3, [r3, #76]	; 0x4c
10001620:	2b00      	cmp	r3, #0
10001622:	d103      	bne.n	1000162c <runtime_init_usb_power_down+0x10>
10001624:	2280      	movs	r2, #128	; 0x80
10001626:	4b03      	ldr	r3, [pc, #12]	; (10001634 <runtime_init_usb_power_down+0x18>)
10001628:	02d2      	lsls	r2, r2, #11
1000162a:	601a      	str	r2, [r3, #0]
1000162c:	4770      	bx	lr
1000162e:	46c0      	nop			; (mov r8, r8)
10001630:	50110000 	.word	0x50110000
10001634:	5011204c 	.word	0x5011204c

10001638 <runtime_init_post_clock_resets>:
10001638:	4a04      	ldr	r2, [pc, #16]	; (1000164c <runtime_init_post_clock_resets+0x14>)
1000163a:	4b05      	ldr	r3, [pc, #20]	; (10001650 <runtime_init_post_clock_resets+0x18>)
1000163c:	601a      	str	r2, [r3, #0]
1000163e:	4a05      	ldr	r2, [pc, #20]	; (10001654 <runtime_init_post_clock_resets+0x1c>)
10001640:	6813      	ldr	r3, [r2, #0]
10001642:	01db      	lsls	r3, r3, #7
10001644:	3380      	adds	r3, #128	; 0x80
10001646:	d1fb      	bne.n	10001640 <runtime_init_post_clock_resets+0x8>
10001648:	4770      	bx	lr
1000164a:	46c0      	nop			; (mov r8, r8)
1000164c:	01ffffff 	.word	0x01ffffff
10001650:	4000f000 	.word	0x4000f000
10001654:	4000c008 	.word	0x4000c008

10001658 <runtime_init_rp2040_gpio_ie_disable>:
10001658:	2240      	movs	r2, #64	; 0x40
1000165a:	4b03      	ldr	r3, [pc, #12]	; (10001668 <runtime_init_rp2040_gpio_ie_disable+0x10>)
1000165c:	679a      	str	r2, [r3, #120]	; 0x78
1000165e:	675a      	str	r2, [r3, #116]	; 0x74
10001660:	671a      	str	r2, [r3, #112]	; 0x70
10001662:	66da      	str	r2, [r3, #108]	; 0x6c
10001664:	4770      	bx	lr
10001666:	46c0      	nop			; (mov r8, r8)
10001668:	4001f000 	.word	0x4001f000

1000166c <runtime_init_spin_locks_reset>:
1000166c:	b510      	push	{r4, lr}
1000166e:	f7fe ff3b 	bl	100004e8 <spin_locks_reset>
10001672:	bd10      	pop	{r4, pc}

10001674 <runtime_init_install_ram_vector_table>:
10001674:	b5f8      	push	{r3, r4, r5, r6, r7, lr}
10001676:	4927      	ldr	r1, [pc, #156]	; (10001714 <runtime_init_install_ram_vector_table+0xa0>)
10001678:	4b27      	ldr	r3, [pc, #156]	; (10001718 <runtime_init_install_ram_vector_table+0xa4>)
1000167a:	4d28      	ldr	r5, [pc, #160]	; (1000171c <runtime_init_install_ram_vector_table+0xa8>)
1000167c:	1a5b      	subs	r3, r3, r1
1000167e:	089c      	lsrs	r4, r3, #2
10001680:	0022      	movs	r2, r4
10001682:	2c30      	cmp	r4, #48	; 0x30
10001684:	d900      	bls.n	10001688 <runtime_init_install_ram_vector_table+0x14>
10001686:	2230      	movs	r2, #48	; 0x30
10001688:	0028      	movs	r0, r5
1000168a:	0092      	lsls	r2, r2, #2
1000168c:	f000 ff7a 	bl	10002584 <__wrap___aeabi_memcpy>
10001690:	2c2f      	cmp	r4, #47	; 0x2f
10001692:	d83c      	bhi.n	1000170e <runtime_init_install_ram_vector_table+0x9a>
10001694:	2030      	movs	r0, #48	; 0x30
10001696:	212f      	movs	r1, #47	; 0x2f
10001698:	00a7      	lsls	r7, r4, #2
1000169a:	19eb      	adds	r3, r5, r7
1000169c:	075b      	lsls	r3, r3, #29
1000169e:	4a20      	ldr	r2, [pc, #128]	; (10001720 <runtime_init_install_ram_vector_table+0xac>)
100016a0:	1b00      	subs	r0, r0, r4
100016a2:	0fdb      	lsrs	r3, r3, #31
100016a4:	1b09      	subs	r1, r1, r4
100016a6:	2905      	cmp	r1, #5
100016a8:	d917      	bls.n	100016da <runtime_init_install_ram_vector_table+0x66>
100016aa:	0026      	movs	r6, r4
100016ac:	2b00      	cmp	r3, #0
100016ae:	d001      	beq.n	100016b4 <runtime_init_install_ram_vector_table+0x40>
100016b0:	51ea      	str	r2, [r5, r7]
100016b2:	1c66      	adds	r6, r4, #1
100016b4:	1ac0      	subs	r0, r0, r3
100016b6:	18e3      	adds	r3, r4, r3
100016b8:	009b      	lsls	r3, r3, #2
100016ba:	0841      	lsrs	r1, r0, #1
100016bc:	18eb      	adds	r3, r5, r3
100016be:	00c9      	lsls	r1, r1, #3
100016c0:	18c9      	adds	r1, r1, r3
100016c2:	601a      	str	r2, [r3, #0]
100016c4:	605a      	str	r2, [r3, #4]
100016c6:	3308      	adds	r3, #8
100016c8:	428b      	cmp	r3, r1
100016ca:	d1fa      	bne.n	100016c2 <runtime_init_install_ram_vector_table+0x4e>
100016cc:	2301      	movs	r3, #1
100016ce:	0001      	movs	r1, r0
100016d0:	4399      	bics	r1, r3
100016d2:	1874      	adds	r4, r6, r1
100016d4:	4288      	cmp	r0, r1
100016d6:	d01a      	beq.n	1000170e <runtime_init_install_ram_vector_table+0x9a>
100016d8:	00a7      	lsls	r7, r4, #2
100016da:	51ea      	str	r2, [r5, r7]
100016dc:	1c63      	adds	r3, r4, #1
100016de:	2c2f      	cmp	r4, #47	; 0x2f
100016e0:	d015      	beq.n	1000170e <runtime_init_install_ram_vector_table+0x9a>
100016e2:	009b      	lsls	r3, r3, #2
100016e4:	50ea      	str	r2, [r5, r3]
100016e6:	1ca3      	adds	r3, r4, #2
100016e8:	2c2e      	cmp	r4, #46	; 0x2e
100016ea:	d010      	beq.n	1000170e <runtime_init_install_ram_vector_table+0x9a>
100016ec:	009b      	lsls	r3, r3, #2
100016ee:	50ea      	str	r2, [r5, r3]
100016f0:	1ce3      	adds	r3, r4, #3
100016f2:	2c2d      	cmp	r4, #45	; 0x2d
100016f4:	d00b      	beq.n	1000170e <runtime_init_install_ram_vector_table+0x9a>
100016f6:	009b      	lsls	r3, r3, #2
100016f8:	50ea      	str	r2, [r5, r3]
100016fa:	1d23      	adds	r3, r4, #4
100016fc:	2c2c      	cmp	r4, #44	; 0x2c
100016fe:	d006      	beq.n	1000170e <runtime_init_install_ram_vector_table+0x9a>
10001700:	009b      	lsls	r3, r3, #2
10001702:	50ea      	str	r2, [r5, r3]
10001704:	1d63      	adds	r3, r4, #5
10001706:	2c2b      	cmp	r4, #43	; 0x2b
10001708:	d001      	beq.n	1000170e <runtime_init_install_ram_vector_table+0x9a>
1000170a:	009b      	lsls	r3, r3, #2
1000170c:	50ea      	str	r2, [r5, r3]
1000170e:	4b05      	ldr	r3, [pc, #20]	; (10001724 <runtime_init_install_ram_vector_table+0xb0>)
10001710:	609d      	str	r5, [r3, #8]
10001712:	bdf8      	pop	{r3, r4, r5, r6, r7, pc}
10001714:	10000100 	.word	0x10000100
10001718:	100001c0 	.word	0x100001c0
1000171c:	20000000 	.word	0x20000000
10001720:	100001c1 	.word	0x100001c1
10001724:	e000ed00 	.word	0xe000ed00

10001728 <runtime_init_clocks>:
10001728:	2300      	movs	r3, #0
1000172a:	b510      	push	{r4, lr}
1000172c:	4c29      	ldr	r4, [pc, #164]	; (100017d4 <runtime_init_clocks+0xac>)
1000172e:	b082      	sub	sp, #8
10001730:	67a3      	str	r3, [r4, #120]	; 0x78
10001732:	f7ff ff2d 	bl	10001590 <xosc_init>
10001736:	2201      	movs	r2, #1
10001738:	4b27      	ldr	r3, [pc, #156]	; (100017d8 <runtime_init_clocks+0xb0>)
1000173a:	601a      	str	r2, [r3, #0]
1000173c:	6c63      	ldr	r3, [r4, #68]	; 0x44
1000173e:	2b01      	cmp	r3, #1
10001740:	d1fc      	bne.n	1000173c <runtime_init_clocks+0x14>
10001742:	2203      	movs	r2, #3
10001744:	4b25      	ldr	r3, [pc, #148]	; (100017dc <runtime_init_clocks+0xb4>)
10001746:	601a      	str	r2, [r3, #0]
10001748:	4a22      	ldr	r2, [pc, #136]	; (100017d4 <runtime_init_clocks+0xac>)
1000174a:	6b93      	ldr	r3, [r2, #56]	; 0x38
1000174c:	2b01      	cmp	r3, #1
1000174e:	d1fc      	bne.n	1000174a <runtime_init_clocks+0x22>
10001750:	3301      	adds	r3, #1
10001752:	9300      	str	r3, [sp, #0]
10001754:	2101      	movs	r1, #1
10001756:	4a22      	ldr	r2, [pc, #136]	; (100017e0 <runtime_init_clocks+0xb8>)
10001758:	4822      	ldr	r0, [pc, #136]	; (100017e4 <runtime_init_clocks+0xbc>)
1000175a:	3304      	adds	r3, #4
1000175c:	f7ff fe2e 	bl	100013bc <pll_init>
10001760:	2305      	movs	r3, #5
10001762:	2101      	movs	r1, #1
10001764:	9300      	str	r3, [sp, #0]
10001766:	4a20      	ldr	r2, [pc, #128]	; (100017e8 <runtime_init_clocks+0xc0>)
10001768:	4820      	ldr	r0, [pc, #128]	; (100017ec <runtime_init_clocks+0xc4>)
1000176a:	f7ff fe27 	bl	100013bc <pll_init>
1000176e:	2200      	movs	r2, #0
10001770:	2102      	movs	r1, #2
10001772:	2004      	movs	r0, #4
10001774:	4b1e      	ldr	r3, [pc, #120]	; (100017f0 <runtime_init_clocks+0xc8>)
10001776:	f7ff fda7 	bl	100012c8 <clock_configure_undivided>
1000177a:	2200      	movs	r2, #0
1000177c:	2101      	movs	r1, #1
1000177e:	2005      	movs	r0, #5
10001780:	4b1c      	ldr	r3, [pc, #112]	; (100017f4 <runtime_init_clocks+0xcc>)
10001782:	f7ff fda1 	bl	100012c8 <clock_configure_undivided>
10001786:	2200      	movs	r2, #0
10001788:	2100      	movs	r1, #0
1000178a:	2007      	movs	r0, #7
1000178c:	4b1a      	ldr	r3, [pc, #104]	; (100017f8 <runtime_init_clocks+0xd0>)
1000178e:	f7ff fd9b 	bl	100012c8 <clock_configure_undivided>
10001792:	2200      	movs	r2, #0
10001794:	2100      	movs	r1, #0
10001796:	2008      	movs	r0, #8
10001798:	4b17      	ldr	r3, [pc, #92]	; (100017f8 <runtime_init_clocks+0xd0>)
1000179a:	f7ff fd95 	bl	100012c8 <clock_configure_undivided>
1000179e:	2380      	movs	r3, #128	; 0x80
100017a0:	00db      	lsls	r3, r3, #3
100017a2:	9300      	str	r3, [sp, #0]
100017a4:	2200      	movs	r2, #0
100017a6:	2100      	movs	r1, #0
100017a8:	2009      	movs	r0, #9
100017aa:	4b13      	ldr	r3, [pc, #76]	; (100017f8 <runtime_init_clocks+0xd0>)
100017ac:	f7ff fd12 	bl	100011d4 <clock_configure_int_divider>
100017b0:	2200      	movs	r2, #0
100017b2:	4b10      	ldr	r3, [pc, #64]	; (100017f4 <runtime_init_clocks+0xcc>)
100017b4:	2100      	movs	r1, #0
100017b6:	2006      	movs	r0, #6
100017b8:	f7ff fd86 	bl	100012c8 <clock_configure_undivided>
100017bc:	2004      	movs	r0, #4
100017be:	f7ff fdf7 	bl	100013b0 <clock_get_hz>
100017c2:	490e      	ldr	r1, [pc, #56]	; (100017fc <runtime_init_clocks+0xd4>)
100017c4:	f000 f84c 	bl	10001860 <__wrap___aeabi_uidiv>
100017c8:	0001      	movs	r1, r0
100017ca:	2000      	movs	r0, #0
100017cc:	f7ff fe92 	bl	100014f4 <tick_start>
100017d0:	b002      	add	sp, #8
100017d2:	bd10      	pop	{r4, pc}
100017d4:	40008000 	.word	0x40008000
100017d8:	4000b03c 	.word	0x4000b03c
100017dc:	4000b030 	.word	0x4000b030
100017e0:	59682f00 	.word	0x59682f00
100017e4:	40028000 	.word	0x40028000
100017e8:	47868c00 	.word	0x47868c00
100017ec:	4002c000 	.word	0x4002c000
100017f0:	00b71b00 	.word	0x00b71b00
100017f4:	07735940 	.word	0x07735940
100017f8:	02dc6c00 	.word	0x02dc6c00
100017fc:	000f4240 	.word	0x000f4240

10001800 <__aeabi_bits_init>:
10001800:	4801      	ldr	r0, [pc, #4]	; (10001808 <__aeabi_bits_init+0x8>)
10001802:	2104      	movs	r1, #4
10001804:	4b01      	ldr	r3, [pc, #4]	; (1000180c <__aeabi_bits_init+0xc>)
10001806:	4718      	bx	r3
10001808:	20001050 	.word	0x20001050
1000180c:	10001525 	.word	0x10001525

10001810 <__wrap___aeabi_idiv>:
10001810:	4a12      	ldr	r2, [pc, #72]	; (1000185c <divmod_s32s32_savestate+0x18>)
10001812:	6f93      	ldr	r3, [r2, #120]	; 0x78
10001814:	089b      	lsrs	r3, r3, #2
10001816:	d215      	bcs.n	10001844 <divmod_s32s32_savestate>

10001818 <divmod_s32s32_core>:
10001818:	6690      	str	r0, [r2, #104]	; 0x68
1000181a:	66d1      	str	r1, [r2, #108]	; 0x6c
1000181c:	2900      	cmp	r1, #0
1000181e:	d005      	beq.n	1000182c <divmod_s32s32_core+0x14>
10001820:	e7ff      	b.n	10001822 <divmod_s32s32_core+0xa>
10001822:	e7ff      	b.n	10001824 <divmod_s32s32_core+0xc>
10001824:	e7ff      	b.n	10001826 <divmod_s32s32_core+0xe>
10001826:	6f51      	ldr	r1, [r2, #116]	; 0x74
10001828:	6f10      	ldr	r0, [r2, #112]	; 0x70
1000182a:	4770      	bx	lr
1000182c:	b504      	push	{r2, lr}
1000182e:	2180      	movs	r1, #128	; 0x80
10001830:	0609      	lsls	r1, r1, #24
10001832:	17c2      	asrs	r2, r0, #31
10001834:	4051      	eors	r1, r2
10001836:	2800      	cmp	r0, #0
10001838:	d000      	beq.n	1000183c <divmod_s32s32_core+0x24>
1000183a:	43c8      	mvns	r0, r1
1000183c:	f004 fd78 	bl	10006330 <____aeabi_idiv0_veneer>
10001840:	2100      	movs	r1, #0
10001842:	bd04      	pop	{r2, pc}

10001844 <divmod_s32s32_savestate>:
10001844:	b5f0      	push	{r4, r5, r6, r7, lr}
10001846:	6e14      	ldr	r4, [r2, #96]	; 0x60
10001848:	6e55      	ldr	r5, [r2, #100]	; 0x64
1000184a:	6f57      	ldr	r7, [r2, #116]	; 0x74
1000184c:	6f16      	ldr	r6, [r2, #112]	; 0x70
1000184e:	f7ff ffe3 	bl	10001818 <divmod_s32s32_core>
10001852:	6614      	str	r4, [r2, #96]	; 0x60
10001854:	6655      	str	r5, [r2, #100]	; 0x64
10001856:	6757      	str	r7, [r2, #116]	; 0x74
10001858:	6716      	str	r6, [r2, #112]	; 0x70
1000185a:	bdf0      	pop	{r4, r5, r6, r7, pc}
1000185c:	d0000000 	.word	0xd0000000

10001860 <__wrap___aeabi_uidiv>:
10001860:	4a11      	ldr	r2, [pc, #68]	; (100018a8 <divmod_u32u32_savestate+0x18>)
10001862:	6f93      	ldr	r3, [r2, #120]	; 0x78
10001864:	089b      	lsrs	r3, r3, #2
10001866:	d213      	bcs.n	10001890 <divmod_u32u32_savestate>

10001868 <divmod_u32u32_core>:
10001868:	6610      	str	r0, [r2, #96]	; 0x60
1000186a:	6651      	str	r1, [r2, #100]	; 0x64
1000186c:	2900      	cmp	r1, #0
1000186e:	d005      	beq.n	1000187c <divmod_u32u32_core+0x14>
10001870:	e7ff      	b.n	10001872 <divmod_u32u32_core+0xa>
10001872:	e7ff      	b.n	10001874 <divmod_u32u32_core+0xc>
10001874:	e7ff      	b.n	10001876 <divmod_u32u32_core+0xe>
10001876:	6f51      	ldr	r1, [r2, #116]	; 0x74
10001878:	6f10      	ldr	r0, [r2, #112]	; 0x70
1000187a:	4770      	bx	lr
1000187c:	b504      	push	{r2, lr}
1000187e:	2800      	cmp	r0, #0
10001880:	d001      	beq.n	10001886 <divmod_u32u32_core+0x1e>
10001882:	2000      	movs	r0, #0
10001884:	43c0      	mvns	r0, r0
10001886:	f004 fd53 	bl	10006330 <____aeabi_idiv0_veneer>
1000188a:	2100      	movs	r1, #0
1000188c:	bd04      	pop	{r2, pc}
1000188e:	46c0      	nop			; (mov r8, r8)

10001890 <divmod_u32u32_savestate>:
10001890:	b5f0      	push	{r4, r5, r6, r7, lr}
10001892:	6e14      	ldr	r4, [r2, #96]	; 0x60
10001894:	6e55      	ldr	r5, [r2, #100]	; 0x64
10001896:	6f57      	ldr	r7, [r2, #116]	; 0x74
10001898:	6f16      	ldr	r6, [r2, #112]	; 0x70
1000189a:	f7ff ffe5 	bl	10001868 <divmod_u32u32_core>
1000189e:	6614      	str	r4, [r2, #96]	; 0x60
100018a0:	6655      	str	r5, [r2, #100]	; 0x64
100018a2:	6757      	str	r7, [r2, #116]	; 0x74
100018a4:	6716      	str	r6, [r2, #112]	; 0x70
100018a6:	bdf0      	pop	{r4, r5, r6, r7, pc}
100018a8:	d0000000 	.word	0xd0000000

100018ac <__wrap___aeabi_ldivmod>:
100018ac:	4694      	mov	ip, r2
100018ae:	4a4a      	ldr	r2, [pc, #296]	; (100019d8 <udiv0+0x1a>)
100018b0:	6f92      	ldr	r2, [r2, #120]	; 0x78
100018b2:	0892      	lsrs	r2, r2, #2
100018b4:	4662      	mov	r2, ip
100018b6:	d201      	bcs.n	100018bc <divmod_s64s64_savestate>
100018b8:	e028      	b.n	1000190c <divmod_s64s64_unsafe>
100018ba:	46c0      	nop			; (mov r8, r8)

100018bc <divmod_s64s64_savestate>:
100018bc:	b5f0      	push	{r4, r5, r6, r7, lr}
100018be:	4e46      	ldr	r6, [pc, #280]	; (100019d8 <udiv0+0x1a>)
100018c0:	6e34      	ldr	r4, [r6, #96]	; 0x60
100018c2:	6e75      	ldr	r5, [r6, #100]	; 0x64
100018c4:	6f77      	ldr	r7, [r6, #116]	; 0x74
100018c6:	6f36      	ldr	r6, [r6, #112]	; 0x70
100018c8:	f000 f820 	bl	1000190c <divmod_s64s64_unsafe>
100018cc:	4694      	mov	ip, r2
100018ce:	4a42      	ldr	r2, [pc, #264]	; (100019d8 <udiv0+0x1a>)
100018d0:	6614      	str	r4, [r2, #96]	; 0x60
100018d2:	6655      	str	r5, [r2, #100]	; 0x64
100018d4:	6757      	str	r7, [r2, #116]	; 0x74
100018d6:	6716      	str	r6, [r2, #112]	; 0x70
100018d8:	4662      	mov	r2, ip
100018da:	bdf0      	pop	{r4, r5, r6, r7, pc}

100018dc <__wrap___aeabi_uldivmod>:
100018dc:	4694      	mov	ip, r2
100018de:	4a3e      	ldr	r2, [pc, #248]	; (100019d8 <udiv0+0x1a>)
100018e0:	6f92      	ldr	r2, [r2, #120]	; 0x78
100018e2:	0892      	lsrs	r2, r2, #2
100018e4:	4662      	mov	r2, ip
100018e6:	d201      	bcs.n	100018ec <divmod_u64u64_savestate>
100018e8:	e054      	b.n	10001994 <divmod_u64u64_unsafe>
100018ea:	46c0      	nop			; (mov r8, r8)

100018ec <divmod_u64u64_savestate>:
100018ec:	b5f0      	push	{r4, r5, r6, r7, lr}
100018ee:	4e3a      	ldr	r6, [pc, #232]	; (100019d8 <udiv0+0x1a>)
100018f0:	6e34      	ldr	r4, [r6, #96]	; 0x60
100018f2:	6e75      	ldr	r5, [r6, #100]	; 0x64
100018f4:	6f77      	ldr	r7, [r6, #116]	; 0x74
100018f6:	6f36      	ldr	r6, [r6, #112]	; 0x70
100018f8:	f000 f84c 	bl	10001994 <divmod_u64u64_unsafe>
100018fc:	4694      	mov	ip, r2
100018fe:	4a36      	ldr	r2, [pc, #216]	; (100019d8 <udiv0+0x1a>)
10001900:	6614      	str	r4, [r2, #96]	; 0x60
10001902:	6655      	str	r5, [r2, #100]	; 0x64
10001904:	6757      	str	r7, [r2, #116]	; 0x74
10001906:	6716      	str	r6, [r2, #112]	; 0x70
10001908:	4662      	mov	r2, ip
1000190a:	bdf0      	pop	{r4, r5, r6, r7, pc}

1000190c <divmod_s64s64_unsafe>:
1000190c:	2b00      	cmp	r3, #0
1000190e:	db24      	blt.n	1000195a <l46_1+0x26>
10001910:	d011      	beq.n	10001936 <l46_1+0x2>
10001912:	2900      	cmp	r1, #0
10001914:	da3e      	bge.n	10001994 <divmod_u64u64_unsafe>
10001916:	b500      	push	{lr}
10001918:	43c9      	mvns	r1, r1
1000191a:	4240      	negs	r0, r0
1000191c:	d100      	bne.n	10001920 <l44_1>
1000191e:	3101      	adds	r1, #1

10001920 <l44_1>:
10001920:	f000 f838 	bl	10001994 <divmod_u64u64_unsafe>
10001924:	43c9      	mvns	r1, r1
10001926:	4240      	negs	r0, r0
10001928:	d100      	bne.n	1000192c <l45_1>
1000192a:	3101      	adds	r1, #1

1000192c <l45_1>:
1000192c:	43db      	mvns	r3, r3
1000192e:	4252      	negs	r2, r2
10001930:	d100      	bne.n	10001934 <l46_1>
10001932:	3301      	adds	r3, #1

10001934 <l46_1>:
10001934:	bd00      	pop	{pc}
10001936:	2a00      	cmp	r2, #0
10001938:	d1eb      	bne.n	10001912 <divmod_s64s64_unsafe+0x6>
1000193a:	2800      	cmp	r0, #0
1000193c:	d101      	bne.n	10001942 <l46_1+0xe>
1000193e:	2900      	cmp	r1, #0
10001940:	d005      	beq.n	1000194e <l46_1+0x1a>
10001942:	2000      	movs	r0, #0
10001944:	0fc9      	lsrs	r1, r1, #31
10001946:	07c9      	lsls	r1, r1, #31
10001948:	d101      	bne.n	1000194e <l46_1+0x1a>
1000194a:	43c0      	mvns	r0, r0
1000194c:	0841      	lsrs	r1, r0, #1
1000194e:	b500      	push	{lr}
10001950:	f004 fcde 	bl	10006310 <____aeabi_ldiv0_veneer>
10001954:	2200      	movs	r2, #0
10001956:	2300      	movs	r3, #0
10001958:	bd00      	pop	{pc}
1000195a:	b500      	push	{lr}
1000195c:	2900      	cmp	r1, #0
1000195e:	db0a      	blt.n	10001976 <l48_1+0x2>
10001960:	43db      	mvns	r3, r3
10001962:	4252      	negs	r2, r2
10001964:	d100      	bne.n	10001968 <l47_1>
10001966:	3301      	adds	r3, #1

10001968 <l47_1>:
10001968:	f000 f814 	bl	10001994 <divmod_u64u64_unsafe>
1000196c:	43c9      	mvns	r1, r1
1000196e:	4240      	negs	r0, r0
10001970:	d100      	bne.n	10001974 <l48_1>
10001972:	3101      	adds	r1, #1

10001974 <l48_1>:
10001974:	bd00      	pop	{pc}
10001976:	43c9      	mvns	r1, r1
10001978:	4240      	negs	r0, r0
1000197a:	d100      	bne.n	1000197e <l49_1>
1000197c:	3101      	adds	r1, #1

1000197e <l49_1>:
1000197e:	43db      	mvns	r3, r3
10001980:	4252      	negs	r2, r2
10001982:	d100      	bne.n	10001986 <l50_1>
10001984:	3301      	adds	r3, #1

10001986 <l50_1>:
10001986:	f000 f805 	bl	10001994 <divmod_u64u64_unsafe>
1000198a:	43db      	mvns	r3, r3
1000198c:	4252      	negs	r2, r2
1000198e:	d100      	bne.n	10001992 <l51_1>
10001990:	3301      	adds	r3, #1

10001992 <l51_1>:
10001992:	bd00      	pop	{pc}

10001994 <divmod_u64u64_unsafe>:
10001994:	2900      	cmp	r1, #0
10001996:	d123      	bne.n	100019e0 <y64>
10001998:	2b00      	cmp	r3, #0
1000199a:	d118      	bne.n	100019ce <udiv0+0x10>
1000199c:	2a00      	cmp	r2, #0
1000199e:	d00c      	beq.n	100019ba <divmod_u64u64_unsafe+0x26>
100019a0:	46bc      	mov	ip, r7
100019a2:	4f0d      	ldr	r7, [pc, #52]	; (100019d8 <udiv0+0x1a>)
100019a4:	6638      	str	r0, [r7, #96]	; 0x60
100019a6:	667a      	str	r2, [r7, #100]	; 0x64
100019a8:	2100      	movs	r1, #0
100019aa:	2300      	movs	r3, #0
100019ac:	e7ff      	b.n	100019ae <divmod_u64u64_unsafe+0x1a>
100019ae:	e7ff      	b.n	100019b0 <divmod_u64u64_unsafe+0x1c>
100019b0:	e7ff      	b.n	100019b2 <divmod_u64u64_unsafe+0x1e>
100019b2:	6f7a      	ldr	r2, [r7, #116]	; 0x74
100019b4:	6f38      	ldr	r0, [r7, #112]	; 0x70
100019b6:	4667      	mov	r7, ip
100019b8:	4770      	bx	lr
100019ba:	2800      	cmp	r0, #0
100019bc:	d001      	beq.n	100019c2 <udiv0+0x4>

100019be <udiv0>:
100019be:	4807      	ldr	r0, [pc, #28]	; (100019dc <udiv0+0x1e>)
100019c0:	0001      	movs	r1, r0
100019c2:	b500      	push	{lr}
100019c4:	f004 fca4 	bl	10006310 <____aeabi_ldiv0_veneer>
100019c8:	2200      	movs	r2, #0
100019ca:	2300      	movs	r3, #0
100019cc:	bd00      	pop	{pc}
100019ce:	0002      	movs	r2, r0
100019d0:	000b      	movs	r3, r1
100019d2:	2000      	movs	r0, #0
100019d4:	2100      	movs	r1, #0
100019d6:	4770      	bx	lr
100019d8:	d0000000 	.word	0xd0000000
100019dc:	ffffffff 	.word	0xffffffff

100019e0 <y64>:
100019e0:	2b00      	cmp	r3, #0
100019e2:	d000      	beq.n	100019e6 <y64+0x6>
100019e4:	e0bf      	b.n	10001b66 <y64_x48>
100019e6:	0c13      	lsrs	r3, r2, #16
100019e8:	d128      	bne.n	10001a3c <y64_x32>
100019ea:	2a00      	cmp	r2, #0
100019ec:	d0e7      	beq.n	100019be <udiv0>
100019ee:	b480      	push	{r7}
100019f0:	4f11      	ldr	r7, [pc, #68]	; (10001a38 <y64+0x58>)
100019f2:	6639      	str	r1, [r7, #96]	; 0x60
100019f4:	667a      	str	r2, [r7, #100]	; 0x64
100019f6:	e7ff      	b.n	100019f8 <y64+0x18>
100019f8:	e7ff      	b.n	100019fa <y64+0x1a>
100019fa:	b430      	push	{r4, r5}
100019fc:	0c04      	lsrs	r4, r0, #16
100019fe:	6f7b      	ldr	r3, [r7, #116]	; 0x74
10001a00:	6f39      	ldr	r1, [r7, #112]	; 0x70
10001a02:	041b      	lsls	r3, r3, #16
10001a04:	4323      	orrs	r3, r4
10001a06:	663b      	str	r3, [r7, #96]	; 0x60
10001a08:	667a      	str	r2, [r7, #100]	; 0x64
10001a0a:	e7ff      	b.n	10001a0c <y64+0x2c>
10001a0c:	e7ff      	b.n	10001a0e <y64+0x2e>
10001a0e:	e7ff      	b.n	10001a10 <y64+0x30>
10001a10:	46c0      	nop			; (mov r8, r8)
10001a12:	b284      	uxth	r4, r0
10001a14:	6f7b      	ldr	r3, [r7, #116]	; 0x74
10001a16:	6f3d      	ldr	r5, [r7, #112]	; 0x70
10001a18:	041b      	lsls	r3, r3, #16
10001a1a:	4323      	orrs	r3, r4
10001a1c:	663b      	str	r3, [r7, #96]	; 0x60
10001a1e:	667a      	str	r2, [r7, #100]	; 0x64
10001a20:	e7ff      	b.n	10001a22 <y64+0x42>
10001a22:	e7ff      	b.n	10001a24 <y64+0x44>
10001a24:	46c0      	nop			; (mov r8, r8)
10001a26:	2300      	movs	r3, #0
10001a28:	042c      	lsls	r4, r5, #16
10001a2a:	0c2d      	lsrs	r5, r5, #16
10001a2c:	6f7a      	ldr	r2, [r7, #116]	; 0x74
10001a2e:	6f38      	ldr	r0, [r7, #112]	; 0x70
10001a30:	1900      	adds	r0, r0, r4
10001a32:	4169      	adcs	r1, r5
10001a34:	bcb0      	pop	{r4, r5, r7}
10001a36:	4770      	bx	lr
10001a38:	d0000000 	.word	0xd0000000

10001a3c <y64_x32>:
10001a3c:	b5f0      	push	{r4, r5, r6, r7, lr}
10001a3e:	4694      	mov	ip, r2
10001a40:	2500      	movs	r5, #0
10001a42:	0e14      	lsrs	r4, r2, #24
10001a44:	d101      	bne.n	10001a4a <y64_x32+0xe>
10001a46:	0212      	lsls	r2, r2, #8
10001a48:	3508      	adds	r5, #8
10001a4a:	0f14      	lsrs	r4, r2, #28
10001a4c:	d101      	bne.n	10001a52 <y64_x32+0x16>
10001a4e:	0112      	lsls	r2, r2, #4
10001a50:	3504      	adds	r5, #4
10001a52:	0f94      	lsrs	r4, r2, #30
10001a54:	d101      	bne.n	10001a5a <y64_x32+0x1e>
10001a56:	0092      	lsls	r2, r2, #2
10001a58:	3502      	adds	r5, #2
10001a5a:	0fd4      	lsrs	r4, r2, #31
10001a5c:	d101      	bne.n	10001a62 <y64_x32+0x26>
10001a5e:	0052      	lsls	r2, r2, #1
10001a60:	3501      	adds	r5, #1
10001a62:	0bd4      	lsrs	r4, r2, #15
10001a64:	3401      	adds	r4, #1
10001a66:	4f25      	ldr	r7, [pc, #148]	; (10001afc <y64_x32+0xc0>)
10001a68:	667c      	str	r4, [r7, #100]	; 0x64
10001a6a:	4c25      	ldr	r4, [pc, #148]	; (10001b00 <y64_x32+0xc4>)
10001a6c:	663c      	str	r4, [r7, #96]	; 0x60
10001a6e:	0c0e      	lsrs	r6, r1, #16
10001a70:	b293      	uxth	r3, r2
10001a72:	e7ff      	b.n	10001a74 <y64_x32+0x38>
10001a74:	e7ff      	b.n	10001a76 <y64_x32+0x3a>
10001a76:	e7ff      	b.n	10001a78 <y64_x32+0x3c>
10001a78:	6f3c      	ldr	r4, [r7, #112]	; 0x70
10001a7a:	4366      	muls	r6, r4
10001a7c:	0c36      	lsrs	r6, r6, #16
10001a7e:	0377      	lsls	r7, r6, #13
10001a80:	46be      	mov	lr, r7
10001a82:	4373      	muls	r3, r6
10001a84:	0bdf      	lsrs	r7, r3, #15
10001a86:	045b      	lsls	r3, r3, #17
10001a88:	1ac0      	subs	r0, r0, r3
10001a8a:	41b9      	sbcs	r1, r7
10001a8c:	0c13      	lsrs	r3, r2, #16
10001a8e:	4373      	muls	r3, r6
10001a90:	18db      	adds	r3, r3, r3
10001a92:	1ac9      	subs	r1, r1, r3
10001a94:	08ce      	lsrs	r6, r1, #3
10001a96:	4366      	muls	r6, r4
10001a98:	0c36      	lsrs	r6, r6, #16
10001a9a:	44b6      	add	lr, r6
10001a9c:	b293      	uxth	r3, r2
10001a9e:	4373      	muls	r3, r6
10001aa0:	0f1f      	lsrs	r7, r3, #28
10001aa2:	011b      	lsls	r3, r3, #4
10001aa4:	1ac0      	subs	r0, r0, r3
10001aa6:	41b9      	sbcs	r1, r7
10001aa8:	0c13      	lsrs	r3, r2, #16
10001aaa:	4373      	muls	r3, r6
10001aac:	0b1f      	lsrs	r7, r3, #12
10001aae:	051b      	lsls	r3, r3, #20
10001ab0:	1ac0      	subs	r0, r0, r3
10001ab2:	41b9      	sbcs	r1, r7
10001ab4:	0d86      	lsrs	r6, r0, #22
10001ab6:	028f      	lsls	r7, r1, #10
10001ab8:	433e      	orrs	r6, r7
10001aba:	4366      	muls	r6, r4
10001abc:	0c36      	lsrs	r6, r6, #16
10001abe:	2d09      	cmp	r5, #9
10001ac0:	db24      	blt.n	10001b0c <last0>
10001ac2:	0a52      	lsrs	r2, r2, #9
10001ac4:	4372      	muls	r2, r6
10001ac6:	1a80      	subs	r0, r0, r2
10001ac8:	0377      	lsls	r7, r6, #13
10001aca:	0a46      	lsrs	r6, r0, #9
10001acc:	4366      	muls	r6, r4
10001ace:	0c36      	lsrs	r6, r6, #16
10001ad0:	2316      	movs	r3, #22
10001ad2:	1b5b      	subs	r3, r3, r5
10001ad4:	40de      	lsrs	r6, r3
10001ad6:	40df      	lsrs	r7, r3
10001ad8:	19bf      	adds	r7, r7, r6
10001ada:	4664      	mov	r4, ip
10001adc:	4366      	muls	r6, r4
10001ade:	1b82      	subs	r2, r0, r6
10001ae0:	4670      	mov	r0, lr
10001ae2:	3504      	adds	r5, #4
10001ae4:	3306      	adds	r3, #6
10001ae6:	0001      	movs	r1, r0
10001ae8:	40d9      	lsrs	r1, r3
10001aea:	40a8      	lsls	r0, r5
10001aec:	19c0      	adds	r0, r0, r7
10001aee:	d300      	bcc.n	10001af2 <y64_x32+0xb6>
10001af0:	3101      	adds	r1, #1
10001af2:	42a2      	cmp	r2, r4
10001af4:	d206      	bcs.n	10001b04 <y64_x32+0xc8>
10001af6:	2300      	movs	r3, #0
10001af8:	bdf0      	pop	{r4, r5, r6, r7, pc}
10001afa:	0000      	.short	0x0000
10001afc:	d0000000 	.word	0xd0000000
10001b00:	ffffffff 	.word	0xffffffff
10001b04:	1b12      	subs	r2, r2, r4
10001b06:	3001      	adds	r0, #1
10001b08:	d3f3      	bcc.n	10001af2 <y64_x32+0xb6>
10001b0a:	e7f1      	b.n	10001af0 <y64_x32+0xb4>

10001b0c <last0>:
10001b0c:	2709      	movs	r7, #9
10001b0e:	1b7f      	subs	r7, r7, r5
10001b10:	40fe      	lsrs	r6, r7
10001b12:	4664      	mov	r4, ip
10001b14:	b2a2      	uxth	r2, r4
10001b16:	4372      	muls	r2, r6
10001b18:	1a80      	subs	r0, r0, r2
10001b1a:	d200      	bcs.n	10001b1e <last0+0x12>
10001b1c:	3901      	subs	r1, #1
10001b1e:	0c22      	lsrs	r2, r4, #16
10001b20:	4372      	muls	r2, r6
10001b22:	0c13      	lsrs	r3, r2, #16
10001b24:	0412      	lsls	r2, r2, #16
10001b26:	1a82      	subs	r2, r0, r2
10001b28:	4199      	sbcs	r1, r3
10001b2a:	000b      	movs	r3, r1
10001b2c:	4670      	mov	r0, lr
10001b2e:	3504      	adds	r5, #4
10001b30:	3713      	adds	r7, #19
10001b32:	0001      	movs	r1, r0
10001b34:	40f9      	lsrs	r1, r7
10001b36:	40a8      	lsls	r0, r5
10001b38:	1980      	adds	r0, r0, r6
10001b3a:	d300      	bcc.n	10001b3e <last0+0x32>
10001b3c:	3101      	adds	r1, #1
10001b3e:	2b00      	cmp	r3, #0
10001b40:	d102      	bne.n	10001b48 <last0+0x3c>
10001b42:	42a2      	cmp	r2, r4
10001b44:	d20a      	bcs.n	10001b5c <last0+0x50>
10001b46:	bdf0      	pop	{r4, r5, r6, r7, pc}
10001b48:	3001      	adds	r0, #1
10001b4a:	d300      	bcc.n	10001b4e <last0+0x42>
10001b4c:	3101      	adds	r1, #1
10001b4e:	1b12      	subs	r2, r2, r4
10001b50:	d2fa      	bcs.n	10001b48 <last0+0x3c>
10001b52:	3b01      	subs	r3, #1
10001b54:	d1f8      	bne.n	10001b48 <last0+0x3c>
10001b56:	42a2      	cmp	r2, r4
10001b58:	d200      	bcs.n	10001b5c <last0+0x50>
10001b5a:	bdf0      	pop	{r4, r5, r6, r7, pc}
10001b5c:	3001      	adds	r0, #1
10001b5e:	d300      	bcc.n	10001b62 <last0+0x56>
10001b60:	3101      	adds	r1, #1
10001b62:	1b12      	subs	r2, r2, r4
10001b64:	e7f7      	b.n	10001b56 <last0+0x4a>

10001b66 <y64_x48>:
10001b66:	b5f0      	push	{r4, r5, r6, r7, lr}
10001b68:	0c1c      	lsrs	r4, r3, #16
10001b6a:	d000      	beq.n	10001b6e <y64_x48+0x8>
10001b6c:	e080      	b.n	10001c70 <y64_x64>
10001b6e:	b40c      	push	{r2, r3}
10001b70:	2500      	movs	r5, #0
10001b72:	0a1c      	lsrs	r4, r3, #8
10001b74:	d104      	bne.n	10001b80 <y64_x48+0x1a>
10001b76:	021b      	lsls	r3, r3, #8
10001b78:	0e16      	lsrs	r6, r2, #24
10001b7a:	4333      	orrs	r3, r6
10001b7c:	0212      	lsls	r2, r2, #8
10001b7e:	3508      	adds	r5, #8
10001b80:	0b1c      	lsrs	r4, r3, #12
10001b82:	d104      	bne.n	10001b8e <y64_x48+0x28>
10001b84:	011b      	lsls	r3, r3, #4
10001b86:	0f16      	lsrs	r6, r2, #28
10001b88:	4333      	orrs	r3, r6
10001b8a:	0112      	lsls	r2, r2, #4
10001b8c:	3504      	adds	r5, #4
10001b8e:	0b9c      	lsrs	r4, r3, #14
10001b90:	d104      	bne.n	10001b9c <y64_x48+0x36>
10001b92:	009b      	lsls	r3, r3, #2
10001b94:	0f96      	lsrs	r6, r2, #30
10001b96:	4333      	orrs	r3, r6
10001b98:	0092      	lsls	r2, r2, #2
10001b9a:	3502      	adds	r5, #2
10001b9c:	0bdc      	lsrs	r4, r3, #15
10001b9e:	d102      	bne.n	10001ba6 <y64_x48+0x40>
10001ba0:	1892      	adds	r2, r2, r2
10001ba2:	415b      	adcs	r3, r3
10001ba4:	3501      	adds	r5, #1
10001ba6:	001c      	movs	r4, r3
10001ba8:	1897      	adds	r7, r2, r2
10001baa:	4164      	adcs	r4, r4
10001bac:	3401      	adds	r4, #1
10001bae:	4f46      	ldr	r7, [pc, #280]	; (10001cc8 <y64_x64+0x58>)
10001bb0:	667c      	str	r4, [r7, #100]	; 0x64
10001bb2:	4c46      	ldr	r4, [pc, #280]	; (10001ccc <y64_x64+0x5c>)
10001bb4:	663c      	str	r4, [r7, #96]	; 0x60
10001bb6:	0c0e      	lsrs	r6, r1, #16
10001bb8:	e7ff      	b.n	10001bba <y64_x48+0x54>
10001bba:	e7ff      	b.n	10001bbc <y64_x48+0x56>
10001bbc:	e7ff      	b.n	10001bbe <y64_x48+0x58>
10001bbe:	46c0      	nop			; (mov r8, r8)
10001bc0:	6f3c      	ldr	r4, [r7, #112]	; 0x70
10001bc2:	4366      	muls	r6, r4
10001bc4:	0c36      	lsrs	r6, r6, #16
10001bc6:	0377      	lsls	r7, r6, #13
10001bc8:	46be      	mov	lr, r7
10001bca:	b297      	uxth	r7, r2
10001bcc:	4377      	muls	r7, r6
10001bce:	1bc0      	subs	r0, r0, r7
10001bd0:	d200      	bcs.n	10001bd4 <y64_x48+0x6e>
10001bd2:	3901      	subs	r1, #1
10001bd4:	1bc0      	subs	r0, r0, r7
10001bd6:	d200      	bcs.n	10001bda <y64_x48+0x74>
10001bd8:	3901      	subs	r1, #1
10001bda:	b29f      	uxth	r7, r3
10001bdc:	4377      	muls	r7, r6
10001bde:	1bc9      	subs	r1, r1, r7
10001be0:	1bc9      	subs	r1, r1, r7
10001be2:	0c17      	lsrs	r7, r2, #16
10001be4:	4377      	muls	r7, r6
10001be6:	047e      	lsls	r6, r7, #17
10001be8:	0bff      	lsrs	r7, r7, #15
10001bea:	1b80      	subs	r0, r0, r6
10001bec:	41b9      	sbcs	r1, r7
10001bee:	08ce      	lsrs	r6, r1, #3
10001bf0:	4366      	muls	r6, r4
10001bf2:	0c36      	lsrs	r6, r6, #16
10001bf4:	2d0c      	cmp	r5, #12
10001bf6:	db33      	blt.n	10001c60 <last1>
10001bf8:	44b6      	add	lr, r6
10001bfa:	0b12      	lsrs	r2, r2, #12
10001bfc:	051f      	lsls	r7, r3, #20
10001bfe:	433a      	orrs	r2, r7
10001c00:	0b1b      	lsrs	r3, r3, #12
10001c02:	b297      	uxth	r7, r2
10001c04:	4377      	muls	r7, r6
10001c06:	1bc0      	subs	r0, r0, r7
10001c08:	d200      	bcs.n	10001c0c <y64_x48+0xa6>
10001c0a:	3901      	subs	r1, #1
10001c0c:	b29f      	uxth	r7, r3
10001c0e:	4377      	muls	r7, r6
10001c10:	1bc9      	subs	r1, r1, r7
10001c12:	0c17      	lsrs	r7, r2, #16
10001c14:	4377      	muls	r7, r6
10001c16:	043e      	lsls	r6, r7, #16
10001c18:	0c3f      	lsrs	r7, r7, #16
10001c1a:	1b80      	subs	r0, r0, r6
10001c1c:	41b9      	sbcs	r1, r7
10001c1e:	0d86      	lsrs	r6, r0, #22
10001c20:	028f      	lsls	r7, r1, #10
10001c22:	433e      	orrs	r6, r7
10001c24:	4366      	muls	r6, r4
10001c26:	2729      	movs	r7, #41	; 0x29
10001c28:	1b7f      	subs	r7, r7, r5
10001c2a:	40fe      	lsrs	r6, r7
10001c2c:	3d0c      	subs	r5, #12
10001c2e:	4677      	mov	r7, lr
10001c30:	40af      	lsls	r7, r5
10001c32:	19bf      	adds	r7, r7, r6
10001c34:	bc30      	pop	{r4, r5}
10001c36:	b2a2      	uxth	r2, r4
10001c38:	b2ab      	uxth	r3, r5
10001c3a:	4372      	muls	r2, r6
10001c3c:	4373      	muls	r3, r6
10001c3e:	1a80      	subs	r0, r0, r2
10001c40:	4199      	sbcs	r1, r3
10001c42:	0c22      	lsrs	r2, r4, #16
10001c44:	4372      	muls	r2, r6
10001c46:	0c13      	lsrs	r3, r2, #16
10001c48:	0412      	lsls	r2, r2, #16
10001c4a:	1a80      	subs	r0, r0, r2
10001c4c:	4199      	sbcs	r1, r3
10001c4e:	0002      	movs	r2, r0
10001c50:	000b      	movs	r3, r1
10001c52:	3701      	adds	r7, #1
10001c54:	1b00      	subs	r0, r0, r4
10001c56:	41a9      	sbcs	r1, r5
10001c58:	d2f9      	bcs.n	10001c4e <y64_x48+0xe8>
10001c5a:	1e78      	subs	r0, r7, #1
10001c5c:	2100      	movs	r1, #0
10001c5e:	bdf0      	pop	{r4, r5, r6, r7, pc}

10001c60 <last1>:
10001c60:	270c      	movs	r7, #12
10001c62:	1b7f      	subs	r7, r7, r5
10001c64:	40fe      	lsrs	r6, r7
10001c66:	4677      	mov	r7, lr
10001c68:	0b7f      	lsrs	r7, r7, #13
10001c6a:	40af      	lsls	r7, r5
10001c6c:	19ff      	adds	r7, r7, r7
10001c6e:	e7e0      	b.n	10001c32 <y64_x48+0xcc>

10001c70 <y64_x64>:
10001c70:	2400      	movs	r4, #0
10001c72:	1c5d      	adds	r5, r3, #1
10001c74:	d007      	beq.n	10001c86 <y64_x64+0x16>
10001c76:	4f14      	ldr	r7, [pc, #80]	; (10001cc8 <y64_x64+0x58>)
10001c78:	667d      	str	r5, [r7, #100]	; 0x64
10001c7a:	6639      	str	r1, [r7, #96]	; 0x60
10001c7c:	e7ff      	b.n	10001c7e <y64_x64+0xe>
10001c7e:	e7ff      	b.n	10001c80 <y64_x64+0x10>
10001c80:	e7ff      	b.n	10001c82 <y64_x64+0x12>
10001c82:	e7ff      	b.n	10001c84 <y64_x64+0x14>
10001c84:	6f3c      	ldr	r4, [r7, #112]	; 0x70
10001c86:	b295      	uxth	r5, r2
10001c88:	b29e      	uxth	r6, r3
10001c8a:	4365      	muls	r5, r4
10001c8c:	4366      	muls	r6, r4
10001c8e:	1b40      	subs	r0, r0, r5
10001c90:	41b1      	sbcs	r1, r6
10001c92:	0c15      	lsrs	r5, r2, #16
10001c94:	0c1e      	lsrs	r6, r3, #16
10001c96:	4365      	muls	r5, r4
10001c98:	4366      	muls	r6, r4
10001c9a:	0436      	lsls	r6, r6, #16
10001c9c:	0c2f      	lsrs	r7, r5, #16
10001c9e:	433e      	orrs	r6, r7
10001ca0:	042d      	lsls	r5, r5, #16
10001ca2:	1b40      	subs	r0, r0, r5
10001ca4:	41b1      	sbcs	r1, r6
10001ca6:	4299      	cmp	r1, r3
10001ca8:	d204      	bcs.n	10001cb4 <y64_x64+0x44>
10001caa:	0002      	movs	r2, r0
10001cac:	000b      	movs	r3, r1
10001cae:	0020      	movs	r0, r4
10001cb0:	2100      	movs	r1, #0
10001cb2:	bdf0      	pop	{r4, r5, r6, r7, pc}
10001cb4:	d101      	bne.n	10001cba <y64_x64+0x4a>
10001cb6:	4290      	cmp	r0, r2
10001cb8:	d3f7      	bcc.n	10001caa <y64_x64+0x3a>
10001cba:	1a80      	subs	r0, r0, r2
10001cbc:	4199      	sbcs	r1, r3
10001cbe:	3401      	adds	r4, #1
10001cc0:	4299      	cmp	r1, r3
10001cc2:	d3f2      	bcc.n	10001caa <y64_x64+0x3a>
10001cc4:	e7f6      	b.n	10001cb4 <y64_x64+0x44>
10001cc6:	0000      	.short	0x0000
10001cc8:	d0000000 	.word	0xd0000000
10001ccc:	ffffffff 	.word	0xffffffff

10001cd0 <__wrap___aeabi_drsub>:
10001cd0:	4048      	eors	r0, r1
10001cd2:	4041      	eors	r1, r0
10001cd4:	4048      	eors	r0, r1

10001cd6 <__wrap___aeabi_dsub>:
10001cd6:	b418      	push	{r3, r4}
10001cd8:	4b1b      	ldr	r3, [pc, #108]	; (10001d48 <__wrap___aeabi_dmul+0x12>)
10001cda:	685b      	ldr	r3, [r3, #4]
10001cdc:	46fc      	mov	ip, pc
10001cde:	9301      	str	r3, [sp, #4]
10001ce0:	bd08      	pop	{r3, pc}
10001ce2:	df04      	.short	0xdf04
10001ce4:	10001f77 	.word	0x10001f77

10001ce8 <__wrap___aeabi_dadd>:
10001ce8:	b418      	push	{r3, r4}
10001cea:	4b17      	ldr	r3, [pc, #92]	; (10001d48 <__wrap___aeabi_dmul+0x12>)
10001cec:	681b      	ldr	r3, [r3, #0]
10001cee:	46fc      	mov	ip, pc
10001cf0:	9301      	str	r3, [sp, #4]
10001cf2:	bd08      	pop	{r3, pc}
10001cf4:	1f81df00 	.word	0x1f81df00
10001cf8:	1000      	.short	0x1000

10001cfa <__wrap___aeabi_ddiv>:
10001cfa:	4694      	mov	ip, r2
10001cfc:	4a13      	ldr	r2, [pc, #76]	; (10001d4c <__wrap___aeabi_dmul+0x16>)
10001cfe:	6f92      	ldr	r2, [r2, #120]	; 0x78
10001d00:	0892      	lsrs	r2, r2, #2
10001d02:	d209      	bcs.n	10001d18 <ddiv_save_state>
10001d04:	4662      	mov	r2, ip

10001d06 <ddiv_shim_call>:
10001d06:	b418      	push	{r3, r4}
10001d08:	4b0f      	ldr	r3, [pc, #60]	; (10001d48 <__wrap___aeabi_dmul+0x12>)
10001d0a:	68db      	ldr	r3, [r3, #12]
10001d0c:	46fc      	mov	ip, pc
10001d0e:	9301      	str	r3, [sp, #4]
10001d10:	bd08      	pop	{r3, pc}
10001d12:	df0c      	.short	0xdf0c
10001d14:	10002239 	.word	0x10002239

10001d18 <ddiv_save_state>:
10001d18:	4a0c      	ldr	r2, [pc, #48]	; (10001d4c <__wrap___aeabi_dmul+0x16>)
10001d1a:	b5f0      	push	{r4, r5, r6, r7, lr}
10001d1c:	6e14      	ldr	r4, [r2, #96]	; 0x60
10001d1e:	6e55      	ldr	r5, [r2, #100]	; 0x64
10001d20:	6f57      	ldr	r7, [r2, #116]	; 0x74
10001d22:	6f16      	ldr	r6, [r2, #112]	; 0x70
10001d24:	4662      	mov	r2, ip
10001d26:	f7ff ffee 	bl	10001d06 <ddiv_shim_call>
10001d2a:	4a08      	ldr	r2, [pc, #32]	; (10001d4c <__wrap___aeabi_dmul+0x16>)
10001d2c:	6614      	str	r4, [r2, #96]	; 0x60
10001d2e:	6655      	str	r5, [r2, #100]	; 0x64
10001d30:	6757      	str	r7, [r2, #116]	; 0x74
10001d32:	6716      	str	r6, [r2, #112]	; 0x70
10001d34:	bdf0      	pop	{r4, r5, r6, r7, pc}

10001d36 <__wrap___aeabi_dmul>:
10001d36:	b418      	push	{r3, r4}
10001d38:	4b03      	ldr	r3, [pc, #12]	; (10001d48 <__wrap___aeabi_dmul+0x12>)
10001d3a:	689b      	ldr	r3, [r3, #8]
10001d3c:	46fc      	mov	ip, pc
10001d3e:	9301      	str	r3, [sp, #4]
10001d40:	bd08      	pop	{r3, pc}
10001d42:	df08      	.short	0xdf08
10001d44:	100020dd 	.word	0x100020dd
10001d48:	20001238 	.word	0x20001238
10001d4c:	d0000000 	.word	0xd0000000

10001d50 <__wrap___aeabi_cdrcmple>:
10001d50:	b5ff      	push	{r0, r1, r2, r3, r4, r5, r6, r7, lr}
10001d52:	4050      	eors	r0, r2
10001d54:	4042      	eors	r2, r0
10001d56:	4050      	eors	r0, r2
10001d58:	4059      	eors	r1, r3
10001d5a:	404b      	eors	r3, r1
10001d5c:	4059      	eors	r1, r3
10001d5e:	e000      	b.n	10001d62 <__aeabi_dfcmple_guts>

10001d60 <__wrap___aeabi_cdcmpeq>:
10001d60:	b5ff      	push	{r0, r1, r2, r3, r4, r5, r6, r7, lr}

10001d62 <__aeabi_dfcmple_guts>:
10001d62:	4f15      	ldr	r7, [pc, #84]	; (10001db8 <__aeabi_dfcmple_guts+0x56>)
10001d64:	004c      	lsls	r4, r1, #1
10001d66:	0d64      	lsrs	r4, r4, #21
10001d68:	d003      	beq.n	10001d72 <__aeabi_dfcmple_guts+0x10>
10001d6a:	42bc      	cmp	r4, r7
10001d6c:	d104      	bne.n	10001d78 <__aeabi_dfcmple_guts+0x16>
10001d6e:	030c      	lsls	r4, r1, #12
10001d70:	d814      	bhi.n	10001d9c <__aeabi_dfcmple_guts+0x3a>
10001d72:	2000      	movs	r0, #0
10001d74:	0d09      	lsrs	r1, r1, #20
10001d76:	0509      	lsls	r1, r1, #20
10001d78:	005c      	lsls	r4, r3, #1
10001d7a:	0d64      	lsrs	r4, r4, #21
10001d7c:	d003      	beq.n	10001d86 <__aeabi_dfcmple_guts+0x24>
10001d7e:	42bc      	cmp	r4, r7
10001d80:	d104      	bne.n	10001d8c <__aeabi_dfcmple_guts+0x2a>
10001d82:	031c      	lsls	r4, r3, #12
10001d84:	d80a      	bhi.n	10001d9c <__aeabi_dfcmple_guts+0x3a>
10001d86:	2200      	movs	r2, #0
10001d88:	0d1b      	lsrs	r3, r3, #20
10001d8a:	051b      	lsls	r3, r3, #20
10001d8c:	2601      	movs	r6, #1
10001d8e:	404b      	eors	r3, r1
10001d90:	d409      	bmi.n	10001da6 <__aeabi_dfcmple_guts+0x44>
10001d92:	404b      	eors	r3, r1
10001d94:	d503      	bpl.n	10001d9e <__aeabi_dfcmple_guts+0x3c>
10001d96:	428b      	cmp	r3, r1
10001d98:	d100      	bne.n	10001d9c <__aeabi_dfcmple_guts+0x3a>
10001d9a:	4282      	cmp	r2, r0
10001d9c:	bdff      	pop	{r0, r1, r2, r3, r4, r5, r6, r7, pc}
10001d9e:	4299      	cmp	r1, r3
10001da0:	d1fc      	bne.n	10001d9c <__aeabi_dfcmple_guts+0x3a>
10001da2:	4290      	cmp	r0, r2
10001da4:	bdff      	pop	{r0, r1, r2, r3, r4, r5, r6, r7, pc}
10001da6:	430b      	orrs	r3, r1
10001da8:	18db      	adds	r3, r3, r3
10001daa:	4303      	orrs	r3, r0
10001dac:	4313      	orrs	r3, r2
10001dae:	d0f5      	beq.n	10001d9c <__aeabi_dfcmple_guts+0x3a>
10001db0:	43c9      	mvns	r1, r1
10001db2:	1849      	adds	r1, r1, r1
10001db4:	bdff      	pop	{r0, r1, r2, r3, r4, r5, r6, r7, pc}
10001db6:	0000      	.short	0x0000
10001db8:	000007ff 	.word	0x000007ff

10001dbc <__wrap___aeabi_dcmplt>:
10001dbc:	b500      	push	{lr}
10001dbe:	f7ff ffcf 	bl	10001d60 <__wrap___aeabi_cdcmpeq>
10001dc2:	4180      	sbcs	r0, r0
10001dc4:	bd00      	pop	{pc}
10001dc6:	46c0      	nop			; (mov r8, r8)

10001dc8 <__wrap___aeabi_dcmple>:
10001dc8:	b500      	push	{lr}
10001dca:	f7ff ffc9 	bl	10001d60 <__wrap___aeabi_cdcmpeq>
10001dce:	d901      	bls.n	10001dd4 <__wrap___aeabi_dcmple+0xc>
10001dd0:	2000      	movs	r0, #0
10001dd2:	bd00      	pop	{pc}
10001dd4:	2001      	movs	r0, #1
10001dd6:	bd00      	pop	{pc}

10001dd8 <__wrap___aeabi_dcmpge>:
10001dd8:	b500      	push	{lr}
10001dda:	f7ff ffb9 	bl	10001d50 <__wrap___aeabi_cdrcmple>
10001dde:	d901      	bls.n	10001de4 <__wrap___aeabi_dcmpge+0xc>
10001de0:	2000      	movs	r0, #0
10001de2:	bd00      	pop	{pc}
10001de4:	2001      	movs	r0, #1
10001de6:	bd00      	pop	{pc}

10001de8 <__wrap___aeabi_dcmpgt>:
10001de8:	b500      	push	{lr}
10001dea:	f7ff ffb1 	bl	10001d50 <__wrap___aeabi_cdrcmple>
10001dee:	4180      	sbcs	r0, r0
10001df0:	bd00      	pop	{pc}

10001df2 <__wrap___aeabi_dcmpun>:
10001df2:	2001      	movs	r0, #1
10001df4:	0540      	lsls	r0, r0, #21
10001df6:	004a      	lsls	r2, r1, #1
10001df8:	1812      	adds	r2, r2, r0
10001dfa:	d804      	bhi.n	10001e06 <__wrap___aeabi_dcmpun+0x14>
10001dfc:	005a      	lsls	r2, r3, #1
10001dfe:	1812      	adds	r2, r2, r0
10001e00:	d801      	bhi.n	10001e06 <__wrap___aeabi_dcmpun+0x14>
10001e02:	2000      	movs	r0, #0
10001e04:	4770      	bx	lr
10001e06:	2001      	movs	r0, #1
10001e08:	4770      	bx	lr
	...

10001e0c <__wrap___aeabi_ui2d>:
10001e0c:	2100      	movs	r1, #0
10001e0e:	2800      	cmp	r0, #0
10001e10:	d105      	bne.n	10001e1e <__wrap___aeabi_i2d+0xa>
10001e12:	4770      	bx	lr

10001e14 <__wrap___aeabi_i2d>:
10001e14:	17c1      	asrs	r1, r0, #31
10001e16:	4048      	eors	r0, r1
10001e18:	1a40      	subs	r0, r0, r1
10001e1a:	d0fa      	beq.n	10001e12 <__wrap___aeabi_ui2d+0x6>
10001e1c:	07c9      	lsls	r1, r1, #31
10001e1e:	b513      	push	{r0, r1, r4, lr}
10001e20:	4b06      	ldr	r3, [pc, #24]	; (10001e3c <__wrap___aeabi_i2d+0x28>)
10001e22:	681b      	ldr	r3, [r3, #0]
10001e24:	4798      	blx	r3
10001e26:	bc0c      	pop	{r2, r3}
10001e28:	1c44      	adds	r4, r0, #1
10001e2a:	40a2      	lsls	r2, r4
10001e2c:	0510      	lsls	r0, r2, #20
10001e2e:	0b12      	lsrs	r2, r2, #12
10001e30:	4903      	ldr	r1, [pc, #12]	; (10001e40 <__wrap___aeabi_i2d+0x2c>)
10001e32:	1b09      	subs	r1, r1, r4
10001e34:	0509      	lsls	r1, r1, #20
10001e36:	4319      	orrs	r1, r3
10001e38:	4311      	orrs	r1, r2
10001e3a:	bd10      	pop	{r4, pc}
10001e3c:	20001c9c 	.word	0x20001c9c
10001e40:	0000041f 	.word	0x0000041f

10001e44 <__wrap___aeabi_d2iz>:
10001e44:	b510      	push	{r4, lr}
10001e46:	004c      	lsls	r4, r1, #1
10001e48:	0d62      	lsrs	r2, r4, #21
10001e4a:	2380      	movs	r3, #128	; 0x80
10001e4c:	18d2      	adds	r2, r2, r3
10001e4e:	00db      	lsls	r3, r3, #3
10001e50:	1ad2      	subs	r2, r2, r3
10001e52:	055b      	lsls	r3, r3, #21
10001e54:	2a7e      	cmp	r2, #126	; 0x7e
10001e56:	dd10      	ble.n	10001e7a <__wrap___aeabi_d2iz+0x36>
10001e58:	3a9e      	subs	r2, #158	; 0x9e
10001e5a:	da13      	bge.n	10001e84 <__wrap___aeabi_d2iz+0x40>
10001e5c:	17cc      	asrs	r4, r1, #31
10001e5e:	0309      	lsls	r1, r1, #12
10001e60:	0849      	lsrs	r1, r1, #1
10001e62:	4319      	orrs	r1, r3
10001e64:	4252      	negs	r2, r2
10001e66:	40d1      	lsrs	r1, r2
10001e68:	0064      	lsls	r4, r4, #1
10001e6a:	3401      	adds	r4, #1
10001e6c:	3215      	adds	r2, #21
10001e6e:	2a20      	cmp	r2, #32
10001e70:	da05      	bge.n	10001e7e <__wrap___aeabi_d2iz+0x3a>
10001e72:	40d0      	lsrs	r0, r2
10001e74:	4308      	orrs	r0, r1
10001e76:	4360      	muls	r0, r4
10001e78:	bd10      	pop	{r4, pc}
10001e7a:	2000      	movs	r0, #0
10001e7c:	bd10      	pop	{r4, pc}
10001e7e:	4608      	mov	r0, r1
10001e80:	4360      	muls	r0, r4
10001e82:	bd10      	pop	{r4, pc}
10001e84:	0fc8      	lsrs	r0, r1, #31
10001e86:	18c0      	adds	r0, r0, r3
10001e88:	3801      	subs	r0, #1
10001e8a:	bd10      	pop	{r4, pc}

10001e8c <__wrap___aeabi_d2uiz>:
10001e8c:	b418      	push	{r3, r4}
10001e8e:	4b04      	ldr	r3, [pc, #16]	; (10001ea0 <__wrap___aeabi_d2uiz+0x14>)
10001e90:	6a5b      	ldr	r3, [r3, #36]	; 0x24
10001e92:	46fc      	mov	ip, pc
10001e94:	9301      	str	r3, [sp, #4]
10001e96:	bd08      	pop	{r3, pc}
10001e98:	23e9df24 	.word	0x23e9df24
10001e9c:	00001000 	.word	0x00001000
10001ea0:	20001238 	.word	0x20001238

10001ea4 <__aeabi_double_init>:
10001ea4:	2313      	movs	r3, #19
10001ea6:	b570      	push	{r4, r5, r6, lr}
10001ea8:	781d      	ldrb	r5, [r3, #0]
10001eaa:	2d01      	cmp	r5, #1
10001eac:	d019      	beq.n	10001ee2 <__aeabi_double_init+0x3e>
10001eae:	dd14      	ble.n	10001eda <__aeabi_double_init+0x36>
10001eb0:	481e      	ldr	r0, [pc, #120]	; (10001f2c <__aeabi_double_init+0x88>)
10001eb2:	f7ff fb2f 	bl	10001514 <rom_data_lookup>
10001eb6:	0006      	movs	r6, r0
10001eb8:	481d      	ldr	r0, [pc, #116]	; (10001f30 <__aeabi_double_init+0x8c>)
10001eba:	f7ff fb2b 	bl	10001514 <rom_data_lookup>
10001ebe:	4c1d      	ldr	r4, [pc, #116]	; (10001f34 <__aeabi_double_init+0x90>)
10001ec0:	2280      	movs	r2, #128	; 0x80
10001ec2:	0031      	movs	r1, r6
10001ec4:	0020      	movs	r0, r4
10001ec6:	f000 fb5d 	bl	10002584 <__wrap___aeabi_memcpy>
10001eca:	2d02      	cmp	r5, #2
10001ecc:	d006      	beq.n	10001edc <__aeabi_double_init+0x38>
10001ece:	481a      	ldr	r0, [pc, #104]	; (10001f38 <__aeabi_double_init+0x94>)
10001ed0:	f7ff fb18 	bl	10001504 <rom_func_lookup>
10001ed4:	4b19      	ldr	r3, [pc, #100]	; (10001f3c <__aeabi_double_init+0x98>)
10001ed6:	6018      	str	r0, [r3, #0]
10001ed8:	bd70      	pop	{r4, r5, r6, pc}
10001eda:	4c16      	ldr	r4, [pc, #88]	; (10001f34 <__aeabi_double_init+0x90>)
10001edc:	4b18      	ldr	r3, [pc, #96]	; (10001f40 <__aeabi_double_init+0x9c>)
10001ede:	64a3      	str	r3, [r4, #72]	; 0x48
10001ee0:	e7f5      	b.n	10001ece <__aeabi_double_init+0x2a>
10001ee2:	4b17      	ldr	r3, [pc, #92]	; (10001f40 <__aeabi_double_init+0x9c>)
10001ee4:	4c13      	ldr	r4, [pc, #76]	; (10001f34 <__aeabi_double_init+0x90>)
10001ee6:	6023      	str	r3, [r4, #0]
10001ee8:	6063      	str	r3, [r4, #4]
10001eea:	60a3      	str	r3, [r4, #8]
10001eec:	60e3      	str	r3, [r4, #12]
10001eee:	6123      	str	r3, [r4, #16]
10001ef0:	6163      	str	r3, [r4, #20]
10001ef2:	61a3      	str	r3, [r4, #24]
10001ef4:	61e3      	str	r3, [r4, #28]
10001ef6:	6223      	str	r3, [r4, #32]
10001ef8:	6263      	str	r3, [r4, #36]	; 0x24
10001efa:	62a3      	str	r3, [r4, #40]	; 0x28
10001efc:	62e3      	str	r3, [r4, #44]	; 0x2c
10001efe:	6323      	str	r3, [r4, #48]	; 0x30
10001f00:	6363      	str	r3, [r4, #52]	; 0x34
10001f02:	63a3      	str	r3, [r4, #56]	; 0x38
10001f04:	63e3      	str	r3, [r4, #60]	; 0x3c
10001f06:	6423      	str	r3, [r4, #64]	; 0x40
10001f08:	6463      	str	r3, [r4, #68]	; 0x44
10001f0a:	64a3      	str	r3, [r4, #72]	; 0x48
10001f0c:	64e3      	str	r3, [r4, #76]	; 0x4c
10001f0e:	6523      	str	r3, [r4, #80]	; 0x50
10001f10:	6563      	str	r3, [r4, #84]	; 0x54
10001f12:	65a3      	str	r3, [r4, #88]	; 0x58
10001f14:	65e3      	str	r3, [r4, #92]	; 0x5c
10001f16:	6623      	str	r3, [r4, #96]	; 0x60
10001f18:	6663      	str	r3, [r4, #100]	; 0x64
10001f1a:	66a3      	str	r3, [r4, #104]	; 0x68
10001f1c:	66e3      	str	r3, [r4, #108]	; 0x6c
10001f1e:	6723      	str	r3, [r4, #112]	; 0x70
10001f20:	6763      	str	r3, [r4, #116]	; 0x74
10001f22:	67a3      	str	r3, [r4, #120]	; 0x78
10001f24:	67e3      	str	r3, [r4, #124]	; 0x7c
10001f26:	64a3      	str	r3, [r4, #72]	; 0x48
10001f28:	e7d1      	b.n	10001ece <__aeabi_double_init+0x2a>
10001f2a:	46c0      	nop			; (mov r8, r8)
10001f2c:	00004453 	.word	0x00004453
10001f30:	00004653 	.word	0x00004653
10001f34:	20001238 	.word	0x20001238
10001f38:	0000334c 	.word	0x0000334c
10001f3c:	20001c9c 	.word	0x20001c9c
10001f40:	10001f45 	.word	0x10001f45

10001f44 <double_table_shim_on_use_helper>:
10001f44:	b507      	push	{r0, r1, r2, lr}
10001f46:	4660      	mov	r0, ip
10001f48:	8801      	ldrh	r1, [r0, #0]
10001f4a:	0a0a      	lsrs	r2, r1, #8
10001f4c:	3002      	adds	r0, #2
10001f4e:	2adf      	cmp	r2, #223	; 0xdf
10001f50:	d1fa      	bne.n	10001f48 <double_table_shim_on_use_helper+0x4>
10001f52:	b2c9      	uxtb	r1, r1
10001f54:	0882      	lsrs	r2, r0, #2
10001f56:	d304      	bcc.n	10001f62 <double_table_shim_on_use_helper+0x1e>
10001f58:	8802      	ldrh	r2, [r0, #0]
10001f5a:	8840      	ldrh	r0, [r0, #2]
10001f5c:	0400      	lsls	r0, r0, #16
10001f5e:	4310      	orrs	r0, r2
10001f60:	e000      	b.n	10001f64 <double_table_shim_on_use_helper+0x20>
10001f62:	6800      	ldr	r0, [r0, #0]
10001f64:	4a01      	ldr	r2, [pc, #4]	; (10001f6c <double_table_shim_on_use_helper+0x28>)
10001f66:	5050      	str	r0, [r2, r1]
10001f68:	9003      	str	r0, [sp, #12]
10001f6a:	bd07      	pop	{r0, r1, r2, pc}
10001f6c:	20001238 	.word	0x20001238

10001f70 <drsub_shim>:
10001f70:	b40f      	push	{r0, r1, r2, r3}
10001f72:	bc03      	pop	{r0, r1}
10001f74:	bc0c      	pop	{r2, r3}

10001f76 <dsub_shim>:
10001f76:	b5f0      	push	{r4, r5, r6, r7, lr}
10001f78:	2401      	movs	r4, #1
10001f7a:	07e4      	lsls	r4, r4, #31
10001f7c:	4063      	eors	r3, r4
10001f7e:	e000      	b.n	10001f82 <da_entry>

10001f80 <dadd_shim>:
10001f80:	b5f0      	push	{r4, r5, r6, r7, lr}

10001f82 <da_entry>:
10001f82:	0d0c      	lsrs	r4, r1, #20
10001f84:	0fcf      	lsrs	r7, r1, #31
10001f86:	1e66      	subs	r6, r4, #1
10001f88:	0536      	lsls	r6, r6, #20
10001f8a:	1b89      	subs	r1, r1, r6
10001f8c:	0564      	lsls	r4, r4, #21
10001f8e:	d303      	bcc.n	10001f98 <l8_1>
10001f90:	43c9      	mvns	r1, r1
10001f92:	4240      	negs	r0, r0
10001f94:	d300      	bcc.n	10001f98 <l8_1>
10001f96:	3101      	adds	r1, #1

10001f98 <l8_1>:
10001f98:	0d64      	lsrs	r4, r4, #21
10001f9a:	d003      	beq.n	10001fa4 <l8_2>
10001f9c:	1c66      	adds	r6, r4, #1
10001f9e:	0af6      	lsrs	r6, r6, #11
10001fa0:	d007      	beq.n	10001fb2 <l8_3>
10001fa2:	1be4      	subs	r4, r4, r7

10001fa4 <l8_2>:
10001fa4:	2000      	movs	r0, #0
10001fa6:	007f      	lsls	r7, r7, #1
10001fa8:	1c79      	adds	r1, r7, #1
10001faa:	0789      	lsls	r1, r1, #30
10001fac:	1289      	asrs	r1, r1, #10
10001fae:	3c80      	subs	r4, #128	; 0x80
10001fb0:	0324      	lsls	r4, r4, #12

10001fb2 <l8_3>:
10001fb2:	0d1d      	lsrs	r5, r3, #20
10001fb4:	0fdf      	lsrs	r7, r3, #31
10001fb6:	1e6e      	subs	r6, r5, #1
10001fb8:	0536      	lsls	r6, r6, #20
10001fba:	1b9b      	subs	r3, r3, r6
10001fbc:	056d      	lsls	r5, r5, #21
10001fbe:	d303      	bcc.n	10001fc8 <l9_1>
10001fc0:	43db      	mvns	r3, r3
10001fc2:	4252      	negs	r2, r2
10001fc4:	d300      	bcc.n	10001fc8 <l9_1>
10001fc6:	3301      	adds	r3, #1

10001fc8 <l9_1>:
10001fc8:	0d6d      	lsrs	r5, r5, #21
10001fca:	d003      	beq.n	10001fd4 <l9_2>
10001fcc:	1c6e      	adds	r6, r5, #1
10001fce:	0af6      	lsrs	r6, r6, #11
10001fd0:	d007      	beq.n	10001fe2 <l9_3>
10001fd2:	1bed      	subs	r5, r5, r7

10001fd4 <l9_2>:
10001fd4:	2200      	movs	r2, #0
10001fd6:	007f      	lsls	r7, r7, #1
10001fd8:	1c7b      	adds	r3, r7, #1
10001fda:	079b      	lsls	r3, r3, #30
10001fdc:	129b      	asrs	r3, r3, #10
10001fde:	3d80      	subs	r5, #128	; 0x80
10001fe0:	032d      	lsls	r5, r5, #12

10001fe2 <l9_3>:
10001fe2:	1b2f      	subs	r7, r5, r4
10001fe4:	1b66      	subs	r6, r4, r5
10001fe6:	d458      	bmi.n	1000209a <da_ygtx>
10001fe8:	46a4      	mov	ip, r4
10001fea:	2e20      	cmp	r6, #32
10001fec:	da46      	bge.n	1000207c <da_xrgty>
10001fee:	3720      	adds	r7, #32
10001ff0:	0014      	movs	r4, r2
10001ff2:	40bc      	lsls	r4, r7

10001ff4 <da_xgty0>:
10001ff4:	001d      	movs	r5, r3
10001ff6:	40bd      	lsls	r5, r7
10001ff8:	40f2      	lsrs	r2, r6
10001ffa:	4133      	asrs	r3, r6
10001ffc:	432a      	orrs	r2, r5

10001ffe <da_add>:
10001ffe:	1880      	adds	r0, r0, r2
10002000:	4159      	adcs	r1, r3

10002002 <da_pack>:
10002002:	0fcb      	lsrs	r3, r1, #31
10002004:	d005      	beq.n	10002012 <da_pack+0x10>
10002006:	43c9      	mvns	r1, r1
10002008:	43c0      	mvns	r0, r0
1000200a:	2200      	movs	r2, #0
1000200c:	4264      	negs	r4, r4
1000200e:	4150      	adcs	r0, r2
10002010:	4151      	adcs	r1, r2
10002012:	4662      	mov	r2, ip
10002014:	0d4d      	lsrs	r5, r1, #21
10002016:	d128      	bne.n	1000206a <da_0>
10002018:	0d0d      	lsrs	r5, r1, #20
1000201a:	d107      	bne.n	1000202c <da_1>
1000201c:	2800      	cmp	r0, #0
1000201e:	d01f      	beq.n	10002060 <da_5>

10002020 <da_2>:
10002020:	1924      	adds	r4, r4, r4
10002022:	4140      	adcs	r0, r0
10002024:	4149      	adcs	r1, r1
10002026:	3a01      	subs	r2, #1
10002028:	0d0d      	lsrs	r5, r1, #20
1000202a:	d0f9      	beq.n	10002020 <da_2>

1000202c <da_1>:
1000202c:	0064      	lsls	r4, r4, #1
1000202e:	d306      	bcc.n	1000203e <da_3>

10002030 <da_4>:
10002030:	3001      	adds	r0, #1
10002032:	d300      	bcc.n	10002036 <da_4+0x6>
10002034:	3101      	adds	r1, #1
10002036:	2c00      	cmp	r4, #0
10002038:	d101      	bne.n	1000203e <da_3>
1000203a:	0840      	lsrs	r0, r0, #1
1000203c:	0040      	lsls	r0, r0, #1

1000203e <da_3>:
1000203e:	3a01      	subs	r2, #1
10002040:	d40b      	bmi.n	1000205a <da_6>
10002042:	1c94      	adds	r4, r2, #2
10002044:	0ae4      	lsrs	r4, r4, #11
10002046:	d104      	bne.n	10002052 <da_7>
10002048:	0512      	lsls	r2, r2, #20
1000204a:	4411      	add	r1, r2
1000204c:	07db      	lsls	r3, r3, #31
1000204e:	4419      	add	r1, r3
10002050:	bdf0      	pop	{r4, r5, r6, r7, pc}

10002052 <da_7>:
10002052:	07d9      	lsls	r1, r3, #31
10002054:	4b20      	ldr	r3, [pc, #128]	; (100020d8 <da_xmgty+0x4>)
10002056:	4319      	orrs	r1, r3
10002058:	e000      	b.n	1000205c <da_6+0x2>

1000205a <da_6>:
1000205a:	07d9      	lsls	r1, r3, #31
1000205c:	2000      	movs	r0, #0
1000205e:	bdf0      	pop	{r4, r5, r6, r7, pc}

10002060 <da_5>:
10002060:	2900      	cmp	r1, #0
10002062:	d1dd      	bne.n	10002020 <da_2>
10002064:	2c00      	cmp	r4, #0
10002066:	d1db      	bne.n	10002020 <da_2>
10002068:	bdf0      	pop	{r4, r5, r6, r7, pc}

1000206a <da_0>:
1000206a:	3201      	adds	r2, #1
1000206c:	07c6      	lsls	r6, r0, #31
1000206e:	0840      	lsrs	r0, r0, #1
10002070:	07cd      	lsls	r5, r1, #31
10002072:	4328      	orrs	r0, r5
10002074:	0849      	lsrs	r1, r1, #1
10002076:	2e00      	cmp	r6, #0
10002078:	d0e1      	beq.n	1000203e <da_3>
1000207a:	e7d9      	b.n	10002030 <da_4>

1000207c <da_xrgty>:
1000207c:	2e3c      	cmp	r6, #60	; 0x3c
1000207e:	da29      	bge.n	100020d4 <da_xmgty>
10002080:	3e20      	subs	r6, #32
10002082:	3740      	adds	r7, #64	; 0x40
10002084:	0014      	movs	r4, r2
10002086:	40bc      	lsls	r4, r7
10002088:	d000      	beq.n	1000208c <da_xrgty+0x10>
1000208a:	2401      	movs	r4, #1
1000208c:	40f2      	lsrs	r2, r6
1000208e:	4314      	orrs	r4, r2
10002090:	001a      	movs	r2, r3
10002092:	40bb      	lsls	r3, r7
10002094:	431c      	orrs	r4, r3
10002096:	17d3      	asrs	r3, r2, #31
10002098:	e7ac      	b.n	10001ff4 <da_xgty0>

1000209a <da_ygtx>:
1000209a:	46ac      	mov	ip, r5
1000209c:	2f20      	cmp	r7, #32
1000209e:	da08      	bge.n	100020b2 <da_yrgtx>
100020a0:	3620      	adds	r6, #32
100020a2:	0004      	movs	r4, r0
100020a4:	40b4      	lsls	r4, r6

100020a6 <da_ygtx0>:
100020a6:	000d      	movs	r5, r1
100020a8:	40b5      	lsls	r5, r6
100020aa:	40f8      	lsrs	r0, r7
100020ac:	4139      	asrs	r1, r7
100020ae:	4328      	orrs	r0, r5
100020b0:	e7a5      	b.n	10001ffe <da_add>

100020b2 <da_yrgtx>:
100020b2:	2f3c      	cmp	r7, #60	; 0x3c
100020b4:	da0c      	bge.n	100020d0 <da_ymgtx>
100020b6:	3f20      	subs	r7, #32
100020b8:	3640      	adds	r6, #64	; 0x40
100020ba:	0004      	movs	r4, r0
100020bc:	40b4      	lsls	r4, r6
100020be:	d000      	beq.n	100020c2 <da_yrgtx+0x10>
100020c0:	2401      	movs	r4, #1
100020c2:	40f8      	lsrs	r0, r7
100020c4:	4304      	orrs	r4, r0
100020c6:	0008      	movs	r0, r1
100020c8:	40b1      	lsls	r1, r6
100020ca:	430c      	orrs	r4, r1
100020cc:	17c1      	asrs	r1, r0, #31
100020ce:	e7ea      	b.n	100020a6 <da_ygtx0>

100020d0 <da_ymgtx>:
100020d0:	0010      	movs	r0, r2
100020d2:	0019      	movs	r1, r3

100020d4 <da_xmgty>:
100020d4:	2400      	movs	r4, #0
100020d6:	e794      	b.n	10002002 <da_pack>
100020d8:	7ff00000 	.word	0x7ff00000

100020dc <dmul_shim>:
100020dc:	b5f0      	push	{r4, r5, r6, r7, lr}
100020de:	0d0c      	lsrs	r4, r1, #20
100020e0:	1e66      	subs	r6, r4, #1
100020e2:	0536      	lsls	r6, r6, #20
100020e4:	1b89      	subs	r1, r1, r6
100020e6:	0ae6      	lsrs	r6, r4, #11
100020e8:	0564      	lsls	r4, r4, #21
100020ea:	0d64      	lsrs	r4, r4, #21
100020ec:	d002      	beq.n	100020f4 <l12_1>
100020ee:	1c65      	adds	r5, r4, #1
100020f0:	0aed      	lsrs	r5, r5, #11
100020f2:	d004      	beq.n	100020fe <l12_2>

100020f4 <l12_1>:
100020f4:	2000      	movs	r0, #0
100020f6:	2101      	movs	r1, #1
100020f8:	0509      	lsls	r1, r1, #20
100020fa:	3c80      	subs	r4, #128	; 0x80
100020fc:	0324      	lsls	r4, r4, #12

100020fe <l12_2>:
100020fe:	46a4      	mov	ip, r4
10002100:	0d1c      	lsrs	r4, r3, #20
10002102:	1e67      	subs	r7, r4, #1
10002104:	053f      	lsls	r7, r7, #20
10002106:	1bdb      	subs	r3, r3, r7
10002108:	0ae7      	lsrs	r7, r4, #11
1000210a:	0564      	lsls	r4, r4, #21
1000210c:	0d64      	lsrs	r4, r4, #21
1000210e:	d002      	beq.n	10002116 <l13_1>
10002110:	1c65      	adds	r5, r4, #1
10002112:	0aed      	lsrs	r5, r5, #11
10002114:	d004      	beq.n	10002120 <l13_2>

10002116 <l13_1>:
10002116:	2200      	movs	r2, #0
10002118:	2301      	movs	r3, #1
1000211a:	051b      	lsls	r3, r3, #20
1000211c:	3c80      	subs	r4, #128	; 0x80
1000211e:	0324      	lsls	r4, r4, #12

10002120 <l13_2>:
10002120:	4077      	eors	r7, r6
10002122:	4464      	add	r4, ip
10002124:	b497      	push	{r0, r1, r2, r4, r7}
10002126:	b284      	uxth	r4, r0
10002128:	b296      	uxth	r6, r2
1000212a:	4374      	muls	r4, r6
1000212c:	0c07      	lsrs	r7, r0, #16
1000212e:	437e      	muls	r6, r7
10002130:	0c15      	lsrs	r5, r2, #16
10002132:	436f      	muls	r7, r5
10002134:	b280      	uxth	r0, r0
10002136:	4368      	muls	r0, r5
10002138:	1836      	adds	r6, r6, r0
1000213a:	d302      	bcc.n	10002142 <l14_1>
1000213c:	2001      	movs	r0, #1
1000213e:	0400      	lsls	r0, r0, #16
10002140:	183f      	adds	r7, r7, r0

10002142 <l14_1>:
10002142:	0430      	lsls	r0, r6, #16
10002144:	0c35      	lsrs	r5, r6, #16
10002146:	1900      	adds	r0, r0, r4
10002148:	417d      	adcs	r5, r7
1000214a:	4684      	mov	ip, r0
1000214c:	b288      	uxth	r0, r1
1000214e:	b29a      	uxth	r2, r3
10002150:	4350      	muls	r0, r2
10002152:	0c0c      	lsrs	r4, r1, #16
10002154:	4362      	muls	r2, r4
10002156:	0c1f      	lsrs	r7, r3, #16
10002158:	437c      	muls	r4, r7
1000215a:	b28e      	uxth	r6, r1
1000215c:	437e      	muls	r6, r7
1000215e:	1992      	adds	r2, r2, r6
10002160:	d302      	bcc.n	10002168 <l15_1>
10002162:	2601      	movs	r6, #1
10002164:	0436      	lsls	r6, r6, #16
10002166:	19a4      	adds	r4, r4, r6

10002168 <l15_1>:
10002168:	0416      	lsls	r6, r2, #16
1000216a:	0c17      	lsrs	r7, r2, #16
1000216c:	1836      	adds	r6, r6, r0
1000216e:	4167      	adcs	r7, r4
10002170:	bc01      	pop	{r0}
10002172:	b281      	uxth	r1, r0
10002174:	b29a      	uxth	r2, r3
10002176:	4351      	muls	r1, r2
10002178:	0c04      	lsrs	r4, r0, #16
1000217a:	4362      	muls	r2, r4
1000217c:	0c1b      	lsrs	r3, r3, #16
1000217e:	435c      	muls	r4, r3
10002180:	b280      	uxth	r0, r0
10002182:	4358      	muls	r0, r3
10002184:	1812      	adds	r2, r2, r0
10002186:	d302      	bcc.n	1000218e <l16_1>
10002188:	2001      	movs	r0, #1
1000218a:	0400      	lsls	r0, r0, #16
1000218c:	1824      	adds	r4, r4, r0

1000218e <l16_1>:
1000218e:	0410      	lsls	r0, r2, #16
10002190:	0c13      	lsrs	r3, r2, #16
10002192:	1840      	adds	r0, r0, r1
10002194:	4163      	adcs	r3, r4
10002196:	182d      	adds	r5, r5, r0
10002198:	415e      	adcs	r6, r3
1000219a:	2000      	movs	r0, #0
1000219c:	4147      	adcs	r7, r0
1000219e:	bc06      	pop	{r1, r2}
100021a0:	b288      	uxth	r0, r1
100021a2:	b293      	uxth	r3, r2
100021a4:	4358      	muls	r0, r3
100021a6:	0c0c      	lsrs	r4, r1, #16
100021a8:	4363      	muls	r3, r4
100021aa:	0c12      	lsrs	r2, r2, #16
100021ac:	4354      	muls	r4, r2
100021ae:	b289      	uxth	r1, r1
100021b0:	4351      	muls	r1, r2
100021b2:	185b      	adds	r3, r3, r1
100021b4:	d302      	bcc.n	100021bc <l17_1>
100021b6:	2101      	movs	r1, #1
100021b8:	0409      	lsls	r1, r1, #16
100021ba:	1864      	adds	r4, r4, r1

100021bc <l17_1>:
100021bc:	0419      	lsls	r1, r3, #16
100021be:	0c1a      	lsrs	r2, r3, #16
100021c0:	1809      	adds	r1, r1, r0
100021c2:	4162      	adcs	r2, r4
100021c4:	186d      	adds	r5, r5, r1
100021c6:	4156      	adcs	r6, r2
100021c8:	2000      	movs	r0, #0
100021ca:	4147      	adcs	r7, r0
100021cc:	bc18      	pop	{r3, r4}
100021ce:	02f9      	lsls	r1, r7, #11
100021d0:	0d72      	lsrs	r2, r6, #21
100021d2:	4311      	orrs	r1, r2
100021d4:	02f0      	lsls	r0, r6, #11
100021d6:	0d6a      	lsrs	r2, r5, #21
100021d8:	4310      	orrs	r0, r2
100021da:	02ed      	lsls	r5, r5, #11
100021dc:	0d0a      	lsrs	r2, r1, #20
100021de:	d103      	bne.n	100021e8 <l17_1+0x2c>
100021e0:	196d      	adds	r5, r5, r5
100021e2:	4140      	adcs	r0, r0
100021e4:	4149      	adcs	r1, r1
100021e6:	3b01      	subs	r3, #1
100021e8:	4e12      	ldr	r6, [pc, #72]	; (10002234 <dm_1+0xa>)
100021ea:	1b9b      	subs	r3, r3, r6
100021ec:	0076      	lsls	r6, r6, #1
100021ee:	42b3      	cmp	r3, r6
100021f0:	d20e      	bcs.n	10002210 <dm_0>
100021f2:	006d      	lsls	r5, r5, #1
100021f4:	d307      	bcc.n	10002206 <l17_1+0x4a>
100021f6:	3001      	adds	r0, #1
100021f8:	2600      	movs	r6, #0
100021fa:	4171      	adcs	r1, r6
100021fc:	4666      	mov	r6, ip
100021fe:	4335      	orrs	r5, r6
10002200:	d101      	bne.n	10002206 <l17_1+0x4a>
10002202:	0840      	lsrs	r0, r0, #1
10002204:	0040      	lsls	r0, r0, #1
10002206:	051b      	lsls	r3, r3, #20
10002208:	18c9      	adds	r1, r1, r3

1000220a <dm_2>:
1000220a:	07e4      	lsls	r4, r4, #31
1000220c:	4421      	add	r1, r4
1000220e:	bdf0      	pop	{r4, r5, r6, r7, pc}

10002210 <dm_0>:
10002210:	da0b      	bge.n	1000222a <dm_1>
10002212:	3301      	adds	r3, #1
10002214:	d106      	bne.n	10002224 <dm_0+0x14>
10002216:	3001      	adds	r0, #1
10002218:	d104      	bne.n	10002224 <dm_0+0x14>
1000221a:	3101      	adds	r1, #1
1000221c:	0d4f      	lsrs	r7, r1, #21
1000221e:	d001      	beq.n	10002224 <dm_0+0x14>
10002220:	0849      	lsrs	r1, r1, #1
10002222:	e7f2      	b.n	1000220a <dm_2>
10002224:	07e1      	lsls	r1, r4, #31
10002226:	2000      	movs	r0, #0
10002228:	bdf0      	pop	{r4, r5, r6, r7, pc}

1000222a <dm_1>:
1000222a:	3601      	adds	r6, #1
1000222c:	0531      	lsls	r1, r6, #20
1000222e:	2000      	movs	r0, #0
10002230:	e7eb      	b.n	1000220a <dm_2>
10002232:	0000      	.short	0x0000
10002234:	000003ff 	.word	0x000003ff

10002238 <ddiv_shim>:
10002238:	b5f0      	push	{r4, r5, r6, r7, lr}

1000223a <ddiv0>:
1000223a:	0d1c      	lsrs	r4, r3, #20
1000223c:	1e67      	subs	r7, r4, #1
1000223e:	053f      	lsls	r7, r7, #20
10002240:	1bdb      	subs	r3, r3, r7
10002242:	0ae7      	lsrs	r7, r4, #11
10002244:	0564      	lsls	r4, r4, #21
10002246:	0d64      	lsrs	r4, r4, #21
10002248:	d002      	beq.n	10002250 <l20_1>
1000224a:	1c66      	adds	r6, r4, #1
1000224c:	0af6      	lsrs	r6, r6, #11
1000224e:	d004      	beq.n	1000225a <l20_2>

10002250 <l20_1>:
10002250:	2200      	movs	r2, #0
10002252:	2301      	movs	r3, #1
10002254:	051b      	lsls	r3, r3, #20
10002256:	3c80      	subs	r4, #128	; 0x80
10002258:	0324      	lsls	r4, r4, #12

1000225a <l20_2>:
1000225a:	25d0      	movs	r5, #208	; 0xd0
1000225c:	062d      	lsls	r5, r5, #24
1000225e:	2600      	movs	r6, #0
10002260:	43f6      	mvns	r6, r6
10002262:	662e      	str	r6, [r5, #96]	; 0x60
10002264:	091e      	lsrs	r6, r3, #4
10002266:	666e      	str	r6, [r5, #100]	; 0x64
10002268:	0fce      	lsrs	r6, r1, #31
1000226a:	19f6      	adds	r6, r6, r7
1000226c:	46b4      	mov	ip, r6
1000226e:	0049      	lsls	r1, r1, #1
10002270:	0d4f      	lsrs	r7, r1, #21
10002272:	d002      	beq.n	1000227a <l20_2+0x20>
10002274:	1c7e      	adds	r6, r7, #1
10002276:	0af6      	lsrs	r6, r6, #11
10002278:	d003      	beq.n	10002282 <l20_2+0x28>
1000227a:	2000      	movs	r0, #0
1000227c:	2100      	movs	r1, #0
1000227e:	3f40      	subs	r7, #64	; 0x40
10002280:	033f      	lsls	r7, r7, #12
10002282:	1b3e      	subs	r6, r7, r4
10002284:	00b6      	lsls	r6, r6, #2
10002286:	44b4      	add	ip, r6
10002288:	3f01      	subs	r7, #1
1000228a:	057f      	lsls	r7, r7, #21
1000228c:	1bc9      	subs	r1, r1, r7
1000228e:	0849      	lsrs	r1, r1, #1
10002290:	6f2e      	ldr	r6, [r5, #112]	; 0x70
10002292:	3601      	adds	r6, #1
10002294:	0876      	lsrs	r6, r6, #1
10002296:	029c      	lsls	r4, r3, #10
10002298:	0d95      	lsrs	r5, r2, #22
1000229a:	4325      	orrs	r5, r4
1000229c:	4375      	muls	r5, r6
1000229e:	13ed      	asrs	r5, r5, #15
100022a0:	4375      	muls	r5, r6
100022a2:	13ad      	asrs	r5, r5, #14
100022a4:	3501      	adds	r5, #1
100022a6:	106d      	asrs	r5, r5, #1
100022a8:	03f6      	lsls	r6, r6, #15
100022aa:	1b76      	subs	r6, r6, r5
100022ac:	b40c      	push	{r2, r3}
100022ae:	02cc      	lsls	r4, r1, #11
100022b0:	0d45      	lsrs	r5, r0, #21
100022b2:	432c      	orrs	r4, r5
100022b4:	b2a2      	uxth	r2, r4
100022b6:	b2b3      	uxth	r3, r6
100022b8:	435a      	muls	r2, r3
100022ba:	0c27      	lsrs	r7, r4, #16
100022bc:	437b      	muls	r3, r7
100022be:	0c35      	lsrs	r5, r6, #16
100022c0:	436f      	muls	r7, r5
100022c2:	b2a4      	uxth	r4, r4
100022c4:	436c      	muls	r4, r5
100022c6:	191b      	adds	r3, r3, r4
100022c8:	d302      	bcc.n	100022d0 <l21_1>
100022ca:	2401      	movs	r4, #1
100022cc:	0424      	lsls	r4, r4, #16
100022ce:	193f      	adds	r7, r7, r4

100022d0 <l21_1>:
100022d0:	041c      	lsls	r4, r3, #16
100022d2:	0c1d      	lsrs	r5, r3, #16
100022d4:	18a4      	adds	r4, r4, r2
100022d6:	417d      	adcs	r5, r7
100022d8:	1924      	adds	r4, r4, r4
100022da:	416d      	adcs	r5, r5
100022dc:	9a00      	ldr	r2, [sp, #0]
100022de:	b291      	uxth	r1, r2
100022e0:	b2ac      	uxth	r4, r5
100022e2:	4361      	muls	r1, r4
100022e4:	0c17      	lsrs	r7, r2, #16
100022e6:	437c      	muls	r4, r7
100022e8:	0c2b      	lsrs	r3, r5, #16
100022ea:	435f      	muls	r7, r3
100022ec:	b292      	uxth	r2, r2
100022ee:	435a      	muls	r2, r3
100022f0:	18a4      	adds	r4, r4, r2
100022f2:	d302      	bcc.n	100022fa <l22_1>
100022f4:	2201      	movs	r2, #1
100022f6:	0412      	lsls	r2, r2, #16
100022f8:	18bf      	adds	r7, r7, r2

100022fa <l22_1>:
100022fa:	0422      	lsls	r2, r4, #16
100022fc:	0c23      	lsrs	r3, r4, #16
100022fe:	1852      	adds	r2, r2, r1
10002300:	417b      	adcs	r3, r7
10002302:	9c01      	ldr	r4, [sp, #4]
10002304:	436c      	muls	r4, r5
10002306:	191b      	adds	r3, r3, r4
10002308:	0e52      	lsrs	r2, r2, #25
1000230a:	01d9      	lsls	r1, r3, #7
1000230c:	430a      	orrs	r2, r1
1000230e:	0144      	lsls	r4, r0, #5
10002310:	1aa0      	subs	r0, r4, r2
10002312:	b281      	uxth	r1, r0
10002314:	b2b2      	uxth	r2, r6
10002316:	4351      	muls	r1, r2
10002318:	1403      	asrs	r3, r0, #16
1000231a:	435a      	muls	r2, r3
1000231c:	0c36      	lsrs	r6, r6, #16
1000231e:	4373      	muls	r3, r6
10002320:	b287      	uxth	r7, r0
10002322:	4377      	muls	r7, r6
10002324:	17d6      	asrs	r6, r2, #31
10002326:	19d2      	adds	r2, r2, r7
10002328:	2700      	movs	r7, #0
1000232a:	417e      	adcs	r6, r7
1000232c:	0436      	lsls	r6, r6, #16
1000232e:	199b      	adds	r3, r3, r6
10002330:	0417      	lsls	r7, r2, #16
10002332:	0c16      	lsrs	r6, r2, #16
10002334:	187f      	adds	r7, r7, r1
10002336:	415e      	adcs	r6, r3
10002338:	1673      	asrs	r3, r6, #25
1000233a:	18ed      	adds	r5, r5, r3
1000233c:	01f3      	lsls	r3, r6, #7
1000233e:	2600      	movs	r6, #0
10002340:	3380      	adds	r3, #128	; 0x80
10002342:	4175      	adcs	r5, r6
10002344:	0fa9      	lsrs	r1, r5, #30
10002346:	d106      	bne.n	10002356 <dd_0>
10002348:	0064      	lsls	r4, r4, #1
1000234a:	0a69      	lsrs	r1, r5, #9
1000234c:	05e8      	lsls	r0, r5, #23
1000234e:	0a5b      	lsrs	r3, r3, #9
10002350:	4318      	orrs	r0, r3
10002352:	d209      	bcs.n	10002368 <dd_1>
10002354:	e02f      	b.n	100023b6 <dd_2>

10002356 <dd_0>:
10002356:	2204      	movs	r2, #4
10002358:	4494      	add	ip, r2
1000235a:	3380      	adds	r3, #128	; 0x80
1000235c:	4175      	adcs	r5, r6
1000235e:	0aa9      	lsrs	r1, r5, #10
10002360:	05a8      	lsls	r0, r5, #22
10002362:	0a9b      	lsrs	r3, r3, #10
10002364:	4318      	orrs	r0, r3
10002366:	d326      	bcc.n	100023b6 <dd_2>

10002368 <dd_1>:
10002368:	4140      	adcs	r0, r0
1000236a:	4149      	adcs	r1, r1
1000236c:	0424      	lsls	r4, r4, #16
1000236e:	9a00      	ldr	r2, [sp, #0]
10002370:	9b01      	ldr	r3, [sp, #4]
10002372:	000d      	movs	r5, r1
10002374:	4355      	muls	r5, r2
10002376:	1b64      	subs	r4, r4, r5
10002378:	4343      	muls	r3, r0
1000237a:	1ae4      	subs	r4, r4, r3
1000237c:	b295      	uxth	r5, r2
1000237e:	b286      	uxth	r6, r0
10002380:	4375      	muls	r5, r6
10002382:	0c17      	lsrs	r7, r2, #16
10002384:	437e      	muls	r6, r7
10002386:	0c03      	lsrs	r3, r0, #16
10002388:	435f      	muls	r7, r3
1000238a:	b292      	uxth	r2, r2
1000238c:	435a      	muls	r2, r3
1000238e:	18b6      	adds	r6, r6, r2
10002390:	d302      	bcc.n	10002398 <l24_1>
10002392:	2201      	movs	r2, #1
10002394:	0412      	lsls	r2, r2, #16
10002396:	18bf      	adds	r7, r7, r2

10002398 <l24_1>:
10002398:	0432      	lsls	r2, r6, #16
1000239a:	0c33      	lsrs	r3, r6, #16
1000239c:	1952      	adds	r2, r2, r5
1000239e:	417b      	adcs	r3, r7
100023a0:	4252      	negs	r2, r2
100023a2:	419c      	sbcs	r4, r3
100023a4:	2c00      	cmp	r4, #0
100023a6:	d402      	bmi.n	100023ae <l24_1+0x16>
100023a8:	2200      	movs	r2, #0
100023aa:	3001      	adds	r0, #1
100023ac:	4151      	adcs	r1, r2
100023ae:	0840      	lsrs	r0, r0, #1
100023b0:	07ca      	lsls	r2, r1, #31
100023b2:	4310      	orrs	r0, r2
100023b4:	0849      	lsrs	r1, r1, #1

100023b6 <dd_2>:
100023b6:	b002      	add	sp, #8
100023b8:	4662      	mov	r2, ip
100023ba:	07d7      	lsls	r7, r2, #31
100023bc:	1092      	asrs	r2, r2, #2
100023be:	4b08      	ldr	r3, [pc, #32]	; (100023e0 <dd_4+0x6>)
100023c0:	18d2      	adds	r2, r2, r3
100023c2:	4b08      	ldr	r3, [pc, #32]	; (100023e4 <dd_4+0xa>)
100023c4:	429a      	cmp	r2, r3
100023c6:	d203      	bcs.n	100023d0 <dd_3>
100023c8:	0512      	lsls	r2, r2, #20
100023ca:	1889      	adds	r1, r1, r2

100023cc <dd_5>:
100023cc:	19c9      	adds	r1, r1, r7
100023ce:	bdf0      	pop	{r4, r5, r6, r7, pc}

100023d0 <dd_3>:
100023d0:	2000      	movs	r0, #0
100023d2:	2a00      	cmp	r2, #0
100023d4:	dc01      	bgt.n	100023da <dd_4>
100023d6:	0039      	movs	r1, r7
100023d8:	bdf0      	pop	{r4, r5, r6, r7, pc}

100023da <dd_4>:
100023da:	3301      	adds	r3, #1
100023dc:	0519      	lsls	r1, r3, #20
100023de:	e7f5      	b.n	100023cc <dd_5>
100023e0:	000003fd 	.word	0x000003fd
100023e4:	000007fe 	.word	0x000007fe

100023e8 <double2uint_shim>:
100023e8:	2200      	movs	r2, #0

100023ea <double2ufix_shim>:
100023ea:	b500      	push	{lr}
100023ec:	3220      	adds	r2, #32
100023ee:	f000 f804 	bl	100023fa <double2ufix64_shim>
100023f2:	0008      	movs	r0, r1
100023f4:	bd00      	pop	{pc}
	...

100023f8 <double2uint64_shim>:
100023f8:	2200      	movs	r2, #0

100023fa <double2ufix64_shim>:
100023fa:	150b      	asrs	r3, r1, #20
100023fc:	d40a      	bmi.n	10002414 <ret_dzero>

100023fe <d2fix>:
100023fe:	b510      	push	{r4, lr}
10002400:	4694      	mov	ip, r2
10002402:	f000 f831 	bl	10002468 <dunpacks>
10002406:	1414      	asrs	r4, r2, #16
10002408:	3401      	adds	r4, #1
1000240a:	da00      	bge.n	1000240e <d2fix+0x10>
1000240c:	2100      	movs	r1, #0
1000240e:	17cb      	asrs	r3, r1, #31
10002410:	4c14      	ldr	r4, [pc, #80]	; (10002464 <d2fix_a+0x4a>)
10002412:	4720      	bx	r4

10002414 <ret_dzero>:
10002414:	2000      	movs	r0, #0
10002416:	2100      	movs	r1, #0
10002418:	4770      	bx	lr

1000241a <d2fix_a>:
1000241a:	4462      	add	r2, ip
1000241c:	3a34      	subs	r2, #52	; 0x34
1000241e:	d40c      	bmi.n	1000243a <d2fix_a+0x20>
10002420:	2a0c      	cmp	r2, #12
10002422:	da07      	bge.n	10002434 <d2fix_a+0x1a>
10002424:	0004      	movs	r4, r0
10002426:	4091      	lsls	r1, r2
10002428:	4090      	lsls	r0, r2
1000242a:	4252      	negs	r2, r2
1000242c:	3220      	adds	r2, #32
1000242e:	40d4      	lsrs	r4, r2
10002430:	4321      	orrs	r1, r4
10002432:	bd10      	pop	{r4, pc}
10002434:	43d8      	mvns	r0, r3
10002436:	43d9      	mvns	r1, r3
10002438:	bd10      	pop	{r4, pc}
1000243a:	3220      	adds	r2, #32
1000243c:	d407      	bmi.n	1000244e <d2fix_a+0x34>
1000243e:	460c      	mov	r4, r1
10002440:	4094      	lsls	r4, r2
10002442:	4252      	negs	r2, r2
10002444:	3220      	adds	r2, #32
10002446:	4111      	asrs	r1, r2
10002448:	40d0      	lsrs	r0, r2
1000244a:	4320      	orrs	r0, r4
1000244c:	bd10      	pop	{r4, pc}
1000244e:	0008      	movs	r0, r1
10002450:	17c9      	asrs	r1, r1, #31
10002452:	3220      	adds	r2, #32
10002454:	d403      	bmi.n	1000245e <d2fix_a+0x44>
10002456:	4252      	negs	r2, r2
10002458:	3220      	adds	r2, #32
1000245a:	4110      	asrs	r0, r2
1000245c:	bd10      	pop	{r4, pc}
1000245e:	0018      	movs	r0, r3
10002460:	0019      	movs	r1, r3
10002462:	bd10      	pop	{r4, pc}
10002464:	1000241b 	.word	0x1000241b

10002468 <dunpacks>:
10002468:	0d0a      	lsrs	r2, r1, #20
1000246a:	0fcc      	lsrs	r4, r1, #31
1000246c:	1e53      	subs	r3, r2, #1
1000246e:	051b      	lsls	r3, r3, #20
10002470:	1ac9      	subs	r1, r1, r3
10002472:	0552      	lsls	r2, r2, #21
10002474:	d303      	bcc.n	1000247e <l60_1>
10002476:	43c9      	mvns	r1, r1
10002478:	4240      	negs	r0, r0
1000247a:	d300      	bcc.n	1000247e <l60_1>
1000247c:	3101      	adds	r1, #1

1000247e <l60_1>:
1000247e:	0d52      	lsrs	r2, r2, #21
10002480:	d003      	beq.n	1000248a <l60_2>
10002482:	1c53      	adds	r3, r2, #1
10002484:	0adb      	lsrs	r3, r3, #11
10002486:	d007      	beq.n	10002498 <l60_3>
10002488:	1b12      	subs	r2, r2, r4

1000248a <l60_2>:
1000248a:	2000      	movs	r0, #0
1000248c:	0064      	lsls	r4, r4, #1
1000248e:	1c61      	adds	r1, r4, #1
10002490:	0789      	lsls	r1, r1, #30
10002492:	1289      	asrs	r1, r1, #10
10002494:	3a80      	subs	r2, #128	; 0x80
10002496:	0312      	lsls	r2, r2, #12

10002498 <l60_3>:
10002498:	4b01      	ldr	r3, [pc, #4]	; (100024a0 <l60_3+0x8>)
1000249a:	1ad2      	subs	r2, r2, r3
1000249c:	4770      	bx	lr
1000249e:	0000      	.short	0x0000
100024a0:	000003ff 	.word	0x000003ff

100024a4 <__wrap___aeabi_lmul>:
100024a4:	4351      	muls	r1, r2
100024a6:	4343      	muls	r3, r0
100024a8:	18c9      	adds	r1, r1, r3
100024aa:	468c      	mov	ip, r1
100024ac:	0c11      	lsrs	r1, r2, #16
100024ae:	b283      	uxth	r3, r0
100024b0:	434b      	muls	r3, r1
100024b2:	b410      	push	{r4}
100024b4:	0c04      	lsrs	r4, r0, #16
100024b6:	4361      	muls	r1, r4
100024b8:	b292      	uxth	r2, r2
100024ba:	b280      	uxth	r0, r0
100024bc:	4350      	muls	r0, r2
100024be:	4362      	muls	r2, r4
100024c0:	041c      	lsls	r4, r3, #16
100024c2:	0c1b      	lsrs	r3, r3, #16
100024c4:	1900      	adds	r0, r0, r4
100024c6:	bc10      	pop	{r4}
100024c8:	4159      	adcs	r1, r3
100024ca:	0413      	lsls	r3, r2, #16
100024cc:	0c12      	lsrs	r2, r2, #16
100024ce:	18c0      	adds	r0, r0, r3
100024d0:	4151      	adcs	r1, r2
100024d2:	4461      	add	r1, ip
100024d4:	4770      	bx	lr
	...

100024d8 <__aeabi_float_init>:
100024d8:	2313      	movs	r3, #19
100024da:	b510      	push	{r4, lr}
100024dc:	4812      	ldr	r0, [pc, #72]	; (10002528 <__aeabi_float_init+0x50>)
100024de:	781c      	ldrb	r4, [r3, #0]
100024e0:	f7ff f818 	bl	10001514 <rom_data_lookup>
100024e4:	0001      	movs	r1, r0
100024e6:	2c01      	cmp	r4, #1
100024e8:	d00a      	beq.n	10002500 <__aeabi_float_init+0x28>
100024ea:	dd03      	ble.n	100024f4 <__aeabi_float_init+0x1c>
100024ec:	2280      	movs	r2, #128	; 0x80
100024ee:	480f      	ldr	r0, [pc, #60]	; (1000252c <__aeabi_float_init+0x54>)
100024f0:	f000 f848 	bl	10002584 <__wrap___aeabi_memcpy>
100024f4:	480e      	ldr	r0, [pc, #56]	; (10002530 <__aeabi_float_init+0x58>)
100024f6:	f7ff f805 	bl	10001504 <rom_func_lookup>
100024fa:	4b0e      	ldr	r3, [pc, #56]	; (10002534 <__aeabi_float_init+0x5c>)
100024fc:	6018      	str	r0, [r3, #0]
100024fe:	bd10      	pop	{r4, pc}
10002500:	4c0a      	ldr	r4, [pc, #40]	; (1000252c <__aeabi_float_init+0x54>)
10002502:	2254      	movs	r2, #84	; 0x54
10002504:	0020      	movs	r0, r4
10002506:	f000 f83d 	bl	10002584 <__wrap___aeabi_memcpy>
1000250a:	4b0b      	ldr	r3, [pc, #44]	; (10002538 <__aeabi_float_init+0x60>)
1000250c:	6563      	str	r3, [r4, #84]	; 0x54
1000250e:	65a3      	str	r3, [r4, #88]	; 0x58
10002510:	65e3      	str	r3, [r4, #92]	; 0x5c
10002512:	6623      	str	r3, [r4, #96]	; 0x60
10002514:	6663      	str	r3, [r4, #100]	; 0x64
10002516:	66a3      	str	r3, [r4, #104]	; 0x68
10002518:	66e3      	str	r3, [r4, #108]	; 0x6c
1000251a:	6723      	str	r3, [r4, #112]	; 0x70
1000251c:	6763      	str	r3, [r4, #116]	; 0x74
1000251e:	67a3      	str	r3, [r4, #120]	; 0x78
10002520:	67e3      	str	r3, [r4, #124]	; 0x7c
10002522:	6223      	str	r3, [r4, #32]
10002524:	61e3      	str	r3, [r4, #28]
10002526:	e7e5      	b.n	100024f4 <__aeabi_float_init+0x1c>
10002528:	00004653 	.word	0x00004653
1000252c:	20001338 	.word	0x20001338
10002530:	0000334c 	.word	0x0000334c
10002534:	20001c9c 	.word	0x20001c9c
10002538:	1000253d 	.word	0x1000253d

1000253c <float_table_shim_on_use_helper>:
1000253c:	b507      	push	{r0, r1, r2, lr}
1000253e:	4660      	mov	r0, ip
10002540:	8801      	ldrh	r1, [r0, #0]
10002542:	0a0a      	lsrs	r2, r1, #8
10002544:	3002      	adds	r0, #2
10002546:	2adf      	cmp	r2, #223	; 0xdf
10002548:	d1fa      	bne.n	10002540 <float_table_shim_on_use_helper+0x4>
1000254a:	b2c9      	uxtb	r1, r1
1000254c:	0882      	lsrs	r2, r0, #2
1000254e:	d304      	bcc.n	1000255a <float_table_shim_on_use_helper+0x1e>
10002550:	8802      	ldrh	r2, [r0, #0]
10002552:	8840      	ldrh	r0, [r0, #2]
10002554:	0400      	lsls	r0, r0, #16
10002556:	4310      	orrs	r0, r2
10002558:	e000      	b.n	1000255c <float_table_shim_on_use_helper+0x20>
1000255a:	6800      	ldr	r0, [r0, #0]
1000255c:	4a01      	ldr	r2, [pc, #4]	; (10002564 <float_table_shim_on_use_helper+0x28>)
1000255e:	5050      	str	r0, [r2, r1]
10002560:	9003      	str	r0, [sp, #12]
10002562:	bd07      	pop	{r0, r1, r2, pc}
10002564:	20001338 	.word	0x20001338

10002568 <__aeabi_mem_init>:
10002568:	4801      	ldr	r0, [pc, #4]	; (10002570 <__aeabi_mem_init+0x8>)
1000256a:	2104      	movs	r1, #4
1000256c:	4b01      	ldr	r3, [pc, #4]	; (10002574 <__aeabi_mem_init+0xc>)
1000256e:	4718      	bx	r3
10002570:	20001060 	.word	0x20001060
10002574:	10001525 	.word	0x10001525

10002578 <__wrap_memset>:
10002578:	4b01      	ldr	r3, [pc, #4]	; (10002580 <__wrap_memset+0x8>)
1000257a:	681b      	ldr	r3, [r3, #0]
1000257c:	4718      	bx	r3
1000257e:	0000      	.short	0x0000
10002580:	20001060 	.word	0x20001060

10002584 <__wrap___aeabi_memcpy>:
10002584:	4b01      	ldr	r3, [pc, #4]	; (1000258c <__wrap___aeabi_memcpy+0x8>)
10002586:	685b      	ldr	r3, [r3, #4]
10002588:	4718      	bx	r3
1000258a:	0000      	.short	0x0000
1000258c:	20001060 	.word	0x20001060

10002590 <_out_null>:
10002590:	4770      	bx	lr
10002592:	46c0      	nop			; (mov r8, r8)

10002594 <_out_rev>:
10002594:	b5f8      	push	{r3, r4, r5, r6, r7, lr}
10002596:	4657      	mov	r7, sl
10002598:	464e      	mov	r6, r9
1000259a:	4645      	mov	r5, r8
1000259c:	46de      	mov	lr, fp
1000259e:	b5e0      	push	{r5, r6, r7, lr}
100025a0:	4699      	mov	r9, r3
100025a2:	9b0a      	ldr	r3, [sp, #40]	; 0x28
100025a4:	0007      	movs	r7, r0
100025a6:	469a      	mov	sl, r3
100025a8:	9b0d      	ldr	r3, [sp, #52]	; 0x34
100025aa:	4688      	mov	r8, r1
100025ac:	4693      	mov	fp, r2
100025ae:	0015      	movs	r5, r2
100025b0:	9e0b      	ldr	r6, [sp, #44]	; 0x2c
100025b2:	079b      	lsls	r3, r3, #30
100025b4:	d110      	bne.n	100025d8 <_out_rev+0x44>
100025b6:	9b0c      	ldr	r3, [sp, #48]	; 0x30
100025b8:	429e      	cmp	r6, r3
100025ba:	d20d      	bcs.n	100025d8 <_out_rev+0x44>
100025bc:	1b9d      	subs	r5, r3, r6
100025be:	0014      	movs	r4, r2
100025c0:	000e      	movs	r6, r1
100025c2:	445d      	add	r5, fp
100025c4:	0022      	movs	r2, r4
100025c6:	464b      	mov	r3, r9
100025c8:	3401      	adds	r4, #1
100025ca:	0031      	movs	r1, r6
100025cc:	2020      	movs	r0, #32
100025ce:	47b8      	blx	r7
100025d0:	42a5      	cmp	r5, r4
100025d2:	d1f7      	bne.n	100025c4 <_out_rev+0x30>
100025d4:	46b0      	mov	r8, r6
100025d6:	9e0b      	ldr	r6, [sp, #44]	; 0x2c
100025d8:	2e00      	cmp	r6, #0
100025da:	d027      	beq.n	1000262c <_out_rev+0x98>
100025dc:	4644      	mov	r4, r8
100025de:	1975      	adds	r5, r6, r5
100025e0:	4653      	mov	r3, sl
100025e2:	1baa      	subs	r2, r5, r6
100025e4:	3e01      	subs	r6, #1
100025e6:	5d98      	ldrb	r0, [r3, r6]
100025e8:	0021      	movs	r1, r4
100025ea:	464b      	mov	r3, r9
100025ec:	47b8      	blx	r7
100025ee:	2e00      	cmp	r6, #0
100025f0:	d1f6      	bne.n	100025e0 <_out_rev+0x4c>
100025f2:	0023      	movs	r3, r4
100025f4:	002c      	movs	r4, r5
100025f6:	4698      	mov	r8, r3
100025f8:	9b0d      	ldr	r3, [sp, #52]	; 0x34
100025fa:	079b      	lsls	r3, r3, #30
100025fc:	d50f      	bpl.n	1000261e <_out_rev+0x8a>
100025fe:	465b      	mov	r3, fp
10002600:	1ae5      	subs	r5, r4, r3
10002602:	9b0c      	ldr	r3, [sp, #48]	; 0x30
10002604:	42ab      	cmp	r3, r5
10002606:	d90a      	bls.n	1000261e <_out_rev+0x8a>
10002608:	4646      	mov	r6, r8
1000260a:	4698      	mov	r8, r3
1000260c:	0022      	movs	r2, r4
1000260e:	464b      	mov	r3, r9
10002610:	0031      	movs	r1, r6
10002612:	2020      	movs	r0, #32
10002614:	3501      	adds	r5, #1
10002616:	47b8      	blx	r7
10002618:	3401      	adds	r4, #1
1000261a:	45a8      	cmp	r8, r5
1000261c:	d8f6      	bhi.n	1000260c <_out_rev+0x78>
1000261e:	0020      	movs	r0, r4
10002620:	bcf0      	pop	{r4, r5, r6, r7}
10002622:	46bb      	mov	fp, r7
10002624:	46b2      	mov	sl, r6
10002626:	46a9      	mov	r9, r5
10002628:	46a0      	mov	r8, r4
1000262a:	bdf8      	pop	{r3, r4, r5, r6, r7, pc}
1000262c:	002c      	movs	r4, r5
1000262e:	e7e3      	b.n	100025f8 <_out_rev+0x64>

10002630 <_ntoa_format>:
10002630:	b5f0      	push	{r4, r5, r6, r7, lr}
10002632:	464f      	mov	r7, r9
10002634:	4646      	mov	r6, r8
10002636:	46d6      	mov	lr, sl
10002638:	b5c0      	push	{r6, r7, lr}
1000263a:	b084      	sub	sp, #16
1000263c:	4698      	mov	r8, r3
1000263e:	ab0e      	add	r3, sp, #56	; 0x38
10002640:	781b      	ldrb	r3, [r3, #0]
10002642:	9f12      	ldr	r7, [sp, #72]	; 0x48
10002644:	4699      	mov	r9, r3
10002646:	4694      	mov	ip, r2
10002648:	9c0d      	ldr	r4, [sp, #52]	; 0x34
1000264a:	9b10      	ldr	r3, [sp, #64]	; 0x40
1000264c:	9e11      	ldr	r6, [sp, #68]	; 0x44
1000264e:	07ba      	lsls	r2, r7, #30
10002650:	d425      	bmi.n	1000269e <_ntoa_format+0x6e>
10002652:	2e00      	cmp	r6, #0
10002654:	d14b      	bne.n	100026ee <_ntoa_format+0xbe>
10002656:	429c      	cmp	r4, r3
10002658:	d300      	bcc.n	1000265c <_ntoa_format+0x2c>
1000265a:	e0bf      	b.n	100027dc <_ntoa_format+0x1ac>
1000265c:	2201      	movs	r2, #1
1000265e:	403a      	ands	r2, r7
10002660:	4692      	mov	sl, r2
10002662:	2c1f      	cmp	r4, #31
10002664:	d900      	bls.n	10002668 <_ntoa_format+0x38>
10002666:	e0b8      	b.n	100027da <_ntoa_format+0x1aa>
10002668:	9a0c      	ldr	r2, [sp, #48]	; 0x30
1000266a:	1e55      	subs	r5, r2, #1
1000266c:	2230      	movs	r2, #48	; 0x30
1000266e:	e001      	b.n	10002674 <_ntoa_format+0x44>
10002670:	2c20      	cmp	r4, #32
10002672:	d003      	beq.n	1000267c <_ntoa_format+0x4c>
10002674:	3401      	adds	r4, #1
10002676:	552a      	strb	r2, [r5, r4]
10002678:	42a3      	cmp	r3, r4
1000267a:	d8f9      	bhi.n	10002670 <_ntoa_format+0x40>
1000267c:	4652      	mov	r2, sl
1000267e:	2a00      	cmp	r2, #0
10002680:	d00d      	beq.n	1000269e <_ntoa_format+0x6e>
10002682:	42a6      	cmp	r6, r4
10002684:	d90b      	bls.n	1000269e <_ntoa_format+0x6e>
10002686:	2c20      	cmp	r4, #32
10002688:	d044      	beq.n	10002714 <_ntoa_format+0xe4>
1000268a:	9a0c      	ldr	r2, [sp, #48]	; 0x30
1000268c:	1e55      	subs	r5, r2, #1
1000268e:	2230      	movs	r2, #48	; 0x30
10002690:	e001      	b.n	10002696 <_ntoa_format+0x66>
10002692:	2c20      	cmp	r4, #32
10002694:	d03e      	beq.n	10002714 <_ntoa_format+0xe4>
10002696:	3401      	adds	r4, #1
10002698:	552a      	strb	r2, [r5, r4]
1000269a:	42b4      	cmp	r4, r6
1000269c:	d1f9      	bne.n	10002692 <_ntoa_format+0x62>
1000269e:	06fa      	lsls	r2, r7, #27
100026a0:	d54d      	bpl.n	1000273e <_ntoa_format+0x10e>
100026a2:	057a      	lsls	r2, r7, #21
100026a4:	d43f      	bmi.n	10002726 <_ntoa_format+0xf6>
100026a6:	2c00      	cmp	r4, #0
100026a8:	d139      	bne.n	1000271e <_ntoa_format+0xee>
100026aa:	9b0f      	ldr	r3, [sp, #60]	; 0x3c
100026ac:	2b10      	cmp	r3, #16
100026ae:	d100      	bne.n	100026b2 <_ntoa_format+0x82>
100026b0:	e079      	b.n	100027a6 <_ntoa_format+0x176>
100026b2:	9b0f      	ldr	r3, [sp, #60]	; 0x3c
100026b4:	2b02      	cmp	r3, #2
100026b6:	d100      	bne.n	100026ba <_ntoa_format+0x8a>
100026b8:	e08a      	b.n	100027d0 <_ntoa_format+0x1a0>
100026ba:	2330      	movs	r3, #48	; 0x30
100026bc:	9a0c      	ldr	r2, [sp, #48]	; 0x30
100026be:	2401      	movs	r4, #1
100026c0:	7013      	strb	r3, [r2, #0]
100026c2:	464b      	mov	r3, r9
100026c4:	2b00      	cmp	r3, #0
100026c6:	d03f      	beq.n	10002748 <_ntoa_format+0x118>
100026c8:	232d      	movs	r3, #45	; 0x2d
100026ca:	9a0c      	ldr	r2, [sp, #48]	; 0x30
100026cc:	5513      	strb	r3, [r2, r4]
100026ce:	3401      	adds	r4, #1
100026d0:	9b0c      	ldr	r3, [sp, #48]	; 0x30
100026d2:	4662      	mov	r2, ip
100026d4:	9300      	str	r3, [sp, #0]
100026d6:	9703      	str	r7, [sp, #12]
100026d8:	4643      	mov	r3, r8
100026da:	9602      	str	r6, [sp, #8]
100026dc:	9401      	str	r4, [sp, #4]
100026de:	f7ff ff59 	bl	10002594 <_out_rev>
100026e2:	b004      	add	sp, #16
100026e4:	bce0      	pop	{r5, r6, r7}
100026e6:	46ba      	mov	sl, r7
100026e8:	46b1      	mov	r9, r6
100026ea:	46a8      	mov	r8, r5
100026ec:	bdf0      	pop	{r4, r5, r6, r7, pc}
100026ee:	2201      	movs	r2, #1
100026f0:	0015      	movs	r5, r2
100026f2:	403d      	ands	r5, r7
100026f4:	46aa      	mov	sl, r5
100026f6:	423a      	tst	r2, r7
100026f8:	d02f      	beq.n	1000275a <_ntoa_format+0x12a>
100026fa:	464a      	mov	r2, r9
100026fc:	2a00      	cmp	r2, #0
100026fe:	d102      	bne.n	10002706 <_ntoa_format+0xd6>
10002700:	320c      	adds	r2, #12
10002702:	423a      	tst	r2, r7
10002704:	d000      	beq.n	10002708 <_ntoa_format+0xd8>
10002706:	3e01      	subs	r6, #1
10002708:	429c      	cmp	r4, r3
1000270a:	d2ba      	bcs.n	10002682 <_ntoa_format+0x52>
1000270c:	2c1f      	cmp	r4, #31
1000270e:	d9ab      	bls.n	10002668 <_ntoa_format+0x38>
10002710:	2e20      	cmp	r6, #32
10002712:	d927      	bls.n	10002764 <_ntoa_format+0x134>
10002714:	2420      	movs	r4, #32
10002716:	06fa      	lsls	r2, r7, #27
10002718:	d5da      	bpl.n	100026d0 <_ntoa_format+0xa0>
1000271a:	057a      	lsls	r2, r7, #21
1000271c:	d403      	bmi.n	10002726 <_ntoa_format+0xf6>
1000271e:	42a3      	cmp	r3, r4
10002720:	d02d      	beq.n	1000277e <_ntoa_format+0x14e>
10002722:	42a6      	cmp	r6, r4
10002724:	d02b      	beq.n	1000277e <_ntoa_format+0x14e>
10002726:	9b0f      	ldr	r3, [sp, #60]	; 0x3c
10002728:	2b10      	cmp	r3, #16
1000272a:	d032      	beq.n	10002792 <_ntoa_format+0x162>
1000272c:	2b02      	cmp	r3, #2
1000272e:	d020      	beq.n	10002772 <_ntoa_format+0x142>
10002730:	2c20      	cmp	r4, #32
10002732:	d0cd      	beq.n	100026d0 <_ntoa_format+0xa0>
10002734:	2230      	movs	r2, #48	; 0x30
10002736:	9b0c      	ldr	r3, [sp, #48]	; 0x30
10002738:	191b      	adds	r3, r3, r4
1000273a:	701a      	strb	r2, [r3, #0]
1000273c:	3401      	adds	r4, #1
1000273e:	2c20      	cmp	r4, #32
10002740:	d0c6      	beq.n	100026d0 <_ntoa_format+0xa0>
10002742:	464b      	mov	r3, r9
10002744:	2b00      	cmp	r3, #0
10002746:	d1bf      	bne.n	100026c8 <_ntoa_format+0x98>
10002748:	077b      	lsls	r3, r7, #29
1000274a:	d40d      	bmi.n	10002768 <_ntoa_format+0x138>
1000274c:	073b      	lsls	r3, r7, #28
1000274e:	d5bf      	bpl.n	100026d0 <_ntoa_format+0xa0>
10002750:	2320      	movs	r3, #32
10002752:	9a0c      	ldr	r2, [sp, #48]	; 0x30
10002754:	5513      	strb	r3, [r2, r4]
10002756:	3401      	adds	r4, #1
10002758:	e7ba      	b.n	100026d0 <_ntoa_format+0xa0>
1000275a:	429c      	cmp	r4, r3
1000275c:	d29f      	bcs.n	1000269e <_ntoa_format+0x6e>
1000275e:	2c1f      	cmp	r4, #31
10002760:	d800      	bhi.n	10002764 <_ntoa_format+0x134>
10002762:	e781      	b.n	10002668 <_ntoa_format+0x38>
10002764:	2420      	movs	r4, #32
10002766:	e79a      	b.n	1000269e <_ntoa_format+0x6e>
10002768:	232b      	movs	r3, #43	; 0x2b
1000276a:	9a0c      	ldr	r2, [sp, #48]	; 0x30
1000276c:	5513      	strb	r3, [r2, r4]
1000276e:	3401      	adds	r4, #1
10002770:	e7ae      	b.n	100026d0 <_ntoa_format+0xa0>
10002772:	2c20      	cmp	r4, #32
10002774:	d0ac      	beq.n	100026d0 <_ntoa_format+0xa0>
10002776:	9b0c      	ldr	r3, [sp, #48]	; 0x30
10002778:	191b      	adds	r3, r3, r4
1000277a:	3401      	adds	r4, #1
1000277c:	e03a      	b.n	100027f4 <_ntoa_format+0x1c4>
1000277e:	1e63      	subs	r3, r4, #1
10002780:	2c01      	cmp	r4, #1
10002782:	d092      	beq.n	100026aa <_ntoa_format+0x7a>
10002784:	9a0f      	ldr	r2, [sp, #60]	; 0x3c
10002786:	2a10      	cmp	r2, #16
10002788:	d02a      	beq.n	100027e0 <_ntoa_format+0x1b0>
1000278a:	2a02      	cmp	r2, #2
1000278c:	d02f      	beq.n	100027ee <_ntoa_format+0x1be>
1000278e:	001c      	movs	r4, r3
10002790:	e7d0      	b.n	10002734 <_ntoa_format+0x104>
10002792:	06bb      	lsls	r3, r7, #26
10002794:	d40e      	bmi.n	100027b4 <_ntoa_format+0x184>
10002796:	2c20      	cmp	r4, #32
10002798:	d09a      	beq.n	100026d0 <_ntoa_format+0xa0>
1000279a:	9b0c      	ldr	r3, [sp, #48]	; 0x30
1000279c:	191a      	adds	r2, r3, r4
1000279e:	3401      	adds	r4, #1
100027a0:	2378      	movs	r3, #120	; 0x78
100027a2:	7013      	strb	r3, [r2, #0]
100027a4:	e7c4      	b.n	10002730 <_ntoa_format+0x100>
100027a6:	06bb      	lsls	r3, r7, #26
100027a8:	d40d      	bmi.n	100027c6 <_ntoa_format+0x196>
100027aa:	2378      	movs	r3, #120	; 0x78
100027ac:	9a0c      	ldr	r2, [sp, #48]	; 0x30
100027ae:	2401      	movs	r4, #1
100027b0:	7013      	strb	r3, [r2, #0]
100027b2:	e7bf      	b.n	10002734 <_ntoa_format+0x104>
100027b4:	2c20      	cmp	r4, #32
100027b6:	d100      	bne.n	100027ba <_ntoa_format+0x18a>
100027b8:	e78a      	b.n	100026d0 <_ntoa_format+0xa0>
100027ba:	2258      	movs	r2, #88	; 0x58
100027bc:	9b0c      	ldr	r3, [sp, #48]	; 0x30
100027be:	191b      	adds	r3, r3, r4
100027c0:	701a      	strb	r2, [r3, #0]
100027c2:	3401      	adds	r4, #1
100027c4:	e7b4      	b.n	10002730 <_ntoa_format+0x100>
100027c6:	2358      	movs	r3, #88	; 0x58
100027c8:	9a0c      	ldr	r2, [sp, #48]	; 0x30
100027ca:	2401      	movs	r4, #1
100027cc:	7013      	strb	r3, [r2, #0]
100027ce:	e7b1      	b.n	10002734 <_ntoa_format+0x104>
100027d0:	9a0c      	ldr	r2, [sp, #48]	; 0x30
100027d2:	3360      	adds	r3, #96	; 0x60
100027d4:	2401      	movs	r4, #1
100027d6:	7013      	strb	r3, [r2, #0]
100027d8:	e7ac      	b.n	10002734 <_ntoa_format+0x104>
100027da:	2420      	movs	r4, #32
100027dc:	2600      	movs	r6, #0
100027de:	e75e      	b.n	1000269e <_ntoa_format+0x6e>
100027e0:	3c02      	subs	r4, #2
100027e2:	06ba      	lsls	r2, r7, #26
100027e4:	d4e9      	bmi.n	100027ba <_ntoa_format+0x18a>
100027e6:	9a0c      	ldr	r2, [sp, #48]	; 0x30
100027e8:	1912      	adds	r2, r2, r4
100027ea:	001c      	movs	r4, r3
100027ec:	e7d8      	b.n	100027a0 <_ntoa_format+0x170>
100027ee:	9a0c      	ldr	r2, [sp, #48]	; 0x30
100027f0:	4692      	mov	sl, r2
100027f2:	4453      	add	r3, sl
100027f4:	2262      	movs	r2, #98	; 0x62
100027f6:	701a      	strb	r2, [r3, #0]
100027f8:	e79a      	b.n	10002730 <_ntoa_format+0x100>
100027fa:	46c0      	nop			; (mov r8, r8)

100027fc <_out_char>:
100027fc:	b510      	push	{r4, lr}
100027fe:	2800      	cmp	r0, #0
10002800:	d100      	bne.n	10002804 <_out_char+0x8>
10002802:	bd10      	pop	{r4, pc}
10002804:	f001 faee 	bl	10003de4 <__wrap_putchar>
10002808:	e7fb      	b.n	10002802 <_out_char+0x6>
1000280a:	46c0      	nop			; (mov r8, r8)

1000280c <_out_fct>:
1000280c:	000b      	movs	r3, r1
1000280e:	b510      	push	{r4, lr}
10002810:	2800      	cmp	r0, #0
10002812:	d002      	beq.n	1000281a <_out_fct+0xe>
10002814:	6849      	ldr	r1, [r1, #4]
10002816:	681b      	ldr	r3, [r3, #0]
10002818:	4798      	blx	r3
1000281a:	bd10      	pop	{r4, pc}

1000281c <_etoa>:
1000281c:	b5f0      	push	{r4, r5, r6, r7, lr}
1000281e:	46de      	mov	lr, fp
10002820:	4657      	mov	r7, sl
10002822:	464e      	mov	r6, r9
10002824:	4645      	mov	r5, r8
10002826:	b5e0      	push	{r5, r6, r7, lr}
10002828:	b09b      	sub	sp, #108	; 0x6c
1000282a:	469b      	mov	fp, r3
1000282c:	9b24      	ldr	r3, [sp, #144]	; 0x90
1000282e:	4689      	mov	r9, r1
10002830:	4698      	mov	r8, r3
10002832:	9b25      	ldr	r3, [sp, #148]	; 0x94
10002834:	900b      	str	r0, [sp, #44]	; 0x2c
10002836:	920c      	str	r2, [sp, #48]	; 0x30
10002838:	4640      	mov	r0, r8
1000283a:	4642      	mov	r2, r8
1000283c:	0019      	movs	r1, r3
1000283e:	469a      	mov	sl, r3
10002840:	f7ff fad7 	bl	10001df2 <__wrap___aeabi_dcmpun>
10002844:	2800      	cmp	r0, #0
10002846:	d000      	beq.n	1000284a <_etoa+0x2e>
10002848:	e0d8      	b.n	100029fc <_etoa+0x1e0>
1000284a:	2201      	movs	r2, #1
1000284c:	4640      	mov	r0, r8
1000284e:	4651      	mov	r1, sl
10002850:	4b77      	ldr	r3, [pc, #476]	; (10002a30 <_etoa+0x214>)
10002852:	4252      	negs	r2, r2
10002854:	f7ff fac8 	bl	10001de8 <__wrap___aeabi_dcmpgt>
10002858:	2800      	cmp	r0, #0
1000285a:	d000      	beq.n	1000285e <_etoa+0x42>
1000285c:	e0ce      	b.n	100029fc <_etoa+0x1e0>
1000285e:	2201      	movs	r2, #1
10002860:	4640      	mov	r0, r8
10002862:	4651      	mov	r1, sl
10002864:	4b73      	ldr	r3, [pc, #460]	; (10002a34 <_etoa+0x218>)
10002866:	4252      	negs	r2, r2
10002868:	f7ff faa8 	bl	10001dbc <__wrap___aeabi_dcmplt>
1000286c:	2800      	cmp	r0, #0
1000286e:	d000      	beq.n	10002872 <_etoa+0x56>
10002870:	e0c4      	b.n	100029fc <_etoa+0x1e0>
10002872:	2200      	movs	r2, #0
10002874:	2300      	movs	r3, #0
10002876:	4640      	mov	r0, r8
10002878:	4651      	mov	r1, sl
1000287a:	f7ff fa9f 	bl	10001dbc <__wrap___aeabi_dcmplt>
1000287e:	2800      	cmp	r0, #0
10002880:	d000      	beq.n	10002884 <_etoa+0x68>
10002882:	e1b9      	b.n	10002bf8 <_etoa+0x3dc>
10002884:	4642      	mov	r2, r8
10002886:	4653      	mov	r3, sl
10002888:	920a      	str	r2, [sp, #40]	; 0x28
1000288a:	9309      	str	r3, [sp, #36]	; 0x24
1000288c:	2380      	movs	r3, #128	; 0x80
1000288e:	9a28      	ldr	r2, [sp, #160]	; 0xa0
10002890:	00db      	lsls	r3, r3, #3
10002892:	401a      	ands	r2, r3
10002894:	920e      	str	r2, [sp, #56]	; 0x38
10002896:	9a28      	ldr	r2, [sp, #160]	; 0xa0
10002898:	421a      	tst	r2, r3
1000289a:	d101      	bne.n	100028a0 <_etoa+0x84>
1000289c:	2306      	movs	r3, #6
1000289e:	9326      	str	r3, [sp, #152]	; 0x98
100028a0:	9a0a      	ldr	r2, [sp, #40]	; 0x28
100028a2:	9b09      	ldr	r3, [sp, #36]	; 0x24
100028a4:	0016      	movs	r6, r2
100028a6:	4313      	orrs	r3, r2
100028a8:	d000      	beq.n	100028ac <_etoa+0x90>
100028aa:	e0c7      	b.n	10002a3c <_etoa+0x220>
100028ac:	9b28      	ldr	r3, [sp, #160]	; 0xa0
100028ae:	2500      	movs	r5, #0
100028b0:	2600      	movs	r6, #0
100028b2:	051b      	lsls	r3, r3, #20
100028b4:	d400      	bmi.n	100028b8 <_etoa+0x9c>
100028b6:	e19b      	b.n	10002bf0 <_etoa+0x3d4>
100028b8:	2300      	movs	r3, #0
100028ba:	930d      	str	r3, [sp, #52]	; 0x34
100028bc:	9a26      	ldr	r2, [sp, #152]	; 0x98
100028be:	9b0d      	ldr	r3, [sp, #52]	; 0x34
100028c0:	429a      	cmp	r2, r3
100028c2:	dc00      	bgt.n	100028c6 <_etoa+0xaa>
100028c4:	e19f      	b.n	10002c06 <_etoa+0x3ea>
100028c6:	1ad0      	subs	r0, r2, r3
100028c8:	1e43      	subs	r3, r0, #1
100028ca:	9326      	str	r3, [sp, #152]	; 0x98
100028cc:	2380      	movs	r3, #128	; 0x80
100028ce:	9a28      	ldr	r2, [sp, #160]	; 0xa0
100028d0:	00db      	lsls	r3, r3, #3
100028d2:	431a      	orrs	r2, r3
100028d4:	2300      	movs	r3, #0
100028d6:	2700      	movs	r7, #0
100028d8:	9228      	str	r2, [sp, #160]	; 0xa0
100028da:	930d      	str	r3, [sp, #52]	; 0x34
100028dc:	9b27      	ldr	r3, [sp, #156]	; 0x9c
100028de:	2400      	movs	r4, #0
100028e0:	42bb      	cmp	r3, r7
100028e2:	d900      	bls.n	100028e6 <_etoa+0xca>
100028e4:	1bdc      	subs	r4, r3, r7
100028e6:	2302      	movs	r3, #2
100028e8:	9a28      	ldr	r2, [sp, #160]	; 0xa0
100028ea:	401a      	ands	r2, r3
100028ec:	920e      	str	r2, [sp, #56]	; 0x38
100028ee:	9a28      	ldr	r2, [sp, #160]	; 0xa0
100028f0:	4213      	tst	r3, r2
100028f2:	d003      	beq.n	100028fc <_etoa+0xe0>
100028f4:	427b      	negs	r3, r7
100028f6:	417b      	adcs	r3, r7
100028f8:	425b      	negs	r3, r3
100028fa:	401c      	ands	r4, r3
100028fc:	9b0d      	ldr	r3, [sp, #52]	; 0x34
100028fe:	2b00      	cmp	r3, #0
10002900:	d007      	beq.n	10002912 <_etoa+0xf6>
10002902:	980a      	ldr	r0, [sp, #40]	; 0x28
10002904:	9909      	ldr	r1, [sp, #36]	; 0x24
10002906:	002a      	movs	r2, r5
10002908:	0033      	movs	r3, r6
1000290a:	f7ff f9f6 	bl	10001cfa <__wrap___aeabi_ddiv>
1000290e:	900a      	str	r0, [sp, #40]	; 0x28
10002910:	9109      	str	r1, [sp, #36]	; 0x24
10002912:	2200      	movs	r2, #0
10002914:	2300      	movs	r3, #0
10002916:	4640      	mov	r0, r8
10002918:	4651      	mov	r1, sl
1000291a:	f7ff fa4f 	bl	10001dbc <__wrap___aeabi_dcmplt>
1000291e:	2800      	cmp	r0, #0
10002920:	d005      	beq.n	1000292e <_etoa+0x112>
10002922:	2080      	movs	r0, #128	; 0x80
10002924:	0600      	lsls	r0, r0, #24
10002926:	4684      	mov	ip, r0
10002928:	9909      	ldr	r1, [sp, #36]	; 0x24
1000292a:	4461      	add	r1, ip
1000292c:	9109      	str	r1, [sp, #36]	; 0x24
1000292e:	9a28      	ldr	r2, [sp, #160]	; 0xa0
10002930:	4b41      	ldr	r3, [pc, #260]	; (10002a38 <_etoa+0x21c>)
10002932:	9d0b      	ldr	r5, [sp, #44]	; 0x2c
10002934:	4013      	ands	r3, r2
10002936:	9304      	str	r3, [sp, #16]
10002938:	9b26      	ldr	r3, [sp, #152]	; 0x98
1000293a:	9a0a      	ldr	r2, [sp, #40]	; 0x28
1000293c:	9302      	str	r3, [sp, #8]
1000293e:	9b09      	ldr	r3, [sp, #36]	; 0x24
10002940:	9403      	str	r4, [sp, #12]
10002942:	9200      	str	r2, [sp, #0]
10002944:	9301      	str	r3, [sp, #4]
10002946:	4649      	mov	r1, r9
10002948:	465b      	mov	r3, fp
1000294a:	0028      	movs	r0, r5
1000294c:	9a0c      	ldr	r2, [sp, #48]	; 0x30
1000294e:	f000 f98b 	bl	10002c68 <_ftoa>
10002952:	0004      	movs	r4, r0
10002954:	2f00      	cmp	r7, #0
10002956:	d062      	beq.n	10002a1e <_etoa+0x202>
10002958:	9b28      	ldr	r3, [sp, #160]	; 0xa0
1000295a:	0022      	movs	r2, r4
1000295c:	0698      	lsls	r0, r3, #26
1000295e:	231f      	movs	r3, #31
10002960:	17c0      	asrs	r0, r0, #31
10002962:	4398      	bics	r0, r3
10002964:	1c63      	adds	r3, r4, #1
10002966:	4698      	mov	r8, r3
10002968:	4649      	mov	r1, r9
1000296a:	465b      	mov	r3, fp
1000296c:	3065      	adds	r0, #101	; 0x65
1000296e:	47a8      	blx	r5
10002970:	9b0d      	ldr	r3, [sp, #52]	; 0x34
10002972:	2500      	movs	r5, #0
10002974:	17da      	asrs	r2, r3, #31
10002976:	189c      	adds	r4, r3, r2
10002978:	0fdb      	lsrs	r3, r3, #31
1000297a:	469a      	mov	sl, r3
1000297c:	4054      	eors	r4, r2
1000297e:	3f01      	subs	r7, #1
10002980:	e001      	b.n	10002986 <_etoa+0x16a>
10002982:	2d20      	cmp	r5, #32
10002984:	d013      	beq.n	100029ae <_etoa+0x192>
10002986:	aa0a      	add	r2, sp, #40	; 0x28
10002988:	4694      	mov	ip, r2
1000298a:	231f      	movs	r3, #31
1000298c:	0020      	movs	r0, r4
1000298e:	4463      	add	r3, ip
10002990:	210a      	movs	r1, #10
10002992:	3501      	adds	r5, #1
10002994:	195e      	adds	r6, r3, r5
10002996:	f7fe ff63 	bl	10001860 <__wrap___aeabi_uidiv>
1000299a:	3130      	adds	r1, #48	; 0x30
1000299c:	7031      	strb	r1, [r6, #0]
1000299e:	0020      	movs	r0, r4
100029a0:	210a      	movs	r1, #10
100029a2:	f7fe ff5d 	bl	10001860 <__wrap___aeabi_uidiv>
100029a6:	0026      	movs	r6, r4
100029a8:	0004      	movs	r4, r0
100029aa:	2e09      	cmp	r6, #9
100029ac:	d8e9      	bhi.n	10002982 <_etoa+0x166>
100029ae:	2305      	movs	r3, #5
100029b0:	9306      	str	r3, [sp, #24]
100029b2:	2300      	movs	r3, #0
100029b4:	9304      	str	r3, [sp, #16]
100029b6:	330a      	adds	r3, #10
100029b8:	9303      	str	r3, [sp, #12]
100029ba:	4653      	mov	r3, sl
100029bc:	9705      	str	r7, [sp, #20]
100029be:	9f0b      	ldr	r7, [sp, #44]	; 0x2c
100029c0:	9302      	str	r3, [sp, #8]
100029c2:	ab12      	add	r3, sp, #72	; 0x48
100029c4:	9300      	str	r3, [sp, #0]
100029c6:	4642      	mov	r2, r8
100029c8:	465b      	mov	r3, fp
100029ca:	4649      	mov	r1, r9
100029cc:	0038      	movs	r0, r7
100029ce:	9501      	str	r5, [sp, #4]
100029d0:	f7ff fe2e 	bl	10002630 <_ntoa_format>
100029d4:	9b0e      	ldr	r3, [sp, #56]	; 0x38
100029d6:	0004      	movs	r4, r0
100029d8:	2b00      	cmp	r3, #0
100029da:	d020      	beq.n	10002a1e <_etoa+0x202>
100029dc:	9b0c      	ldr	r3, [sp, #48]	; 0x30
100029de:	1ac5      	subs	r5, r0, r3
100029e0:	9b27      	ldr	r3, [sp, #156]	; 0x9c
100029e2:	42ab      	cmp	r3, r5
100029e4:	d91b      	bls.n	10002a1e <_etoa+0x202>
100029e6:	001e      	movs	r6, r3
100029e8:	0022      	movs	r2, r4
100029ea:	465b      	mov	r3, fp
100029ec:	4649      	mov	r1, r9
100029ee:	2020      	movs	r0, #32
100029f0:	3501      	adds	r5, #1
100029f2:	47b8      	blx	r7
100029f4:	3401      	adds	r4, #1
100029f6:	42ae      	cmp	r6, r5
100029f8:	d8f6      	bhi.n	100029e8 <_etoa+0x1cc>
100029fa:	e010      	b.n	10002a1e <_etoa+0x202>
100029fc:	9b28      	ldr	r3, [sp, #160]	; 0xa0
100029fe:	4642      	mov	r2, r8
10002a00:	9304      	str	r3, [sp, #16]
10002a02:	9b27      	ldr	r3, [sp, #156]	; 0x9c
10002a04:	4649      	mov	r1, r9
10002a06:	9303      	str	r3, [sp, #12]
10002a08:	9b26      	ldr	r3, [sp, #152]	; 0x98
10002a0a:	980b      	ldr	r0, [sp, #44]	; 0x2c
10002a0c:	9302      	str	r3, [sp, #8]
10002a0e:	4653      	mov	r3, sl
10002a10:	9200      	str	r2, [sp, #0]
10002a12:	9301      	str	r3, [sp, #4]
10002a14:	465b      	mov	r3, fp
10002a16:	9a0c      	ldr	r2, [sp, #48]	; 0x30
10002a18:	f000 f926 	bl	10002c68 <_ftoa>
10002a1c:	0004      	movs	r4, r0
10002a1e:	0020      	movs	r0, r4
10002a20:	b01b      	add	sp, #108	; 0x6c
10002a22:	bcf0      	pop	{r4, r5, r6, r7}
10002a24:	46bb      	mov	fp, r7
10002a26:	46b2      	mov	sl, r6
10002a28:	46a9      	mov	r9, r5
10002a2a:	46a0      	mov	r8, r4
10002a2c:	bdf0      	pop	{r4, r5, r6, r7, pc}
10002a2e:	46c0      	nop			; (mov r8, r8)
10002a30:	7fefffff 	.word	0x7fefffff
10002a34:	ffefffff 	.word	0xffefffff
10002a38:	fffff7ff 	.word	0xfffff7ff
10002a3c:	4b73      	ldr	r3, [pc, #460]	; (10002c0c <_etoa+0x3f0>)
10002a3e:	9f09      	ldr	r7, [sp, #36]	; 0x24
10002a40:	469c      	mov	ip, r3
10002a42:	0078      	lsls	r0, r7, #1
10002a44:	0d40      	lsrs	r0, r0, #21
10002a46:	4460      	add	r0, ip
10002a48:	f7ff f9e4 	bl	10001e14 <__wrap___aeabi_i2d>
10002a4c:	4a70      	ldr	r2, [pc, #448]	; (10002c10 <_etoa+0x3f4>)
10002a4e:	4b71      	ldr	r3, [pc, #452]	; (10002c14 <_etoa+0x3f8>)
10002a50:	f7ff f971 	bl	10001d36 <__wrap___aeabi_dmul>
10002a54:	4a70      	ldr	r2, [pc, #448]	; (10002c18 <_etoa+0x3fc>)
10002a56:	4b71      	ldr	r3, [pc, #452]	; (10002c1c <_etoa+0x400>)
10002a58:	f7ff f946 	bl	10001ce8 <__wrap___aeabi_dadd>
10002a5c:	033b      	lsls	r3, r7, #12
10002a5e:	4a70      	ldr	r2, [pc, #448]	; (10002c20 <_etoa+0x404>)
10002a60:	0b1b      	lsrs	r3, r3, #12
10002a62:	431a      	orrs	r2, r3
10002a64:	0004      	movs	r4, r0
10002a66:	000d      	movs	r5, r1
10002a68:	0030      	movs	r0, r6
10002a6a:	0011      	movs	r1, r2
10002a6c:	4b6d      	ldr	r3, [pc, #436]	; (10002c24 <_etoa+0x408>)
10002a6e:	2200      	movs	r2, #0
10002a70:	f7ff f931 	bl	10001cd6 <__wrap___aeabi_dsub>
10002a74:	4a6c      	ldr	r2, [pc, #432]	; (10002c28 <_etoa+0x40c>)
10002a76:	4b6d      	ldr	r3, [pc, #436]	; (10002c2c <_etoa+0x410>)
10002a78:	f7ff f95d 	bl	10001d36 <__wrap___aeabi_dmul>
10002a7c:	0002      	movs	r2, r0
10002a7e:	000b      	movs	r3, r1
10002a80:	0020      	movs	r0, r4
10002a82:	0029      	movs	r1, r5
10002a84:	f7ff f930 	bl	10001ce8 <__wrap___aeabi_dadd>
10002a88:	f7ff f9dc 	bl	10001e44 <__wrap___aeabi_d2iz>
10002a8c:	900d      	str	r0, [sp, #52]	; 0x34
10002a8e:	f7ff f9c1 	bl	10001e14 <__wrap___aeabi_i2d>
10002a92:	4a67      	ldr	r2, [pc, #412]	; (10002c30 <_etoa+0x414>)
10002a94:	4b67      	ldr	r3, [pc, #412]	; (10002c34 <_etoa+0x418>)
10002a96:	0004      	movs	r4, r0
10002a98:	000d      	movs	r5, r1
10002a9a:	f7ff f94c 	bl	10001d36 <__wrap___aeabi_dmul>
10002a9e:	2200      	movs	r2, #0
10002aa0:	4b65      	ldr	r3, [pc, #404]	; (10002c38 <_etoa+0x41c>)
10002aa2:	f7ff f921 	bl	10001ce8 <__wrap___aeabi_dadd>
10002aa6:	f7ff f9cd 	bl	10001e44 <__wrap___aeabi_d2iz>
10002aaa:	4a64      	ldr	r2, [pc, #400]	; (10002c3c <_etoa+0x420>)
10002aac:	0006      	movs	r6, r0
10002aae:	4b64      	ldr	r3, [pc, #400]	; (10002c40 <_etoa+0x424>)
10002ab0:	0020      	movs	r0, r4
10002ab2:	0029      	movs	r1, r5
10002ab4:	f7ff f93f 	bl	10001d36 <__wrap___aeabi_dmul>
10002ab8:	0004      	movs	r4, r0
10002aba:	0030      	movs	r0, r6
10002abc:	000d      	movs	r5, r1
10002abe:	960f      	str	r6, [sp, #60]	; 0x3c
10002ac0:	f7ff f9a8 	bl	10001e14 <__wrap___aeabi_i2d>
10002ac4:	4a5f      	ldr	r2, [pc, #380]	; (10002c44 <_etoa+0x428>)
10002ac6:	4b60      	ldr	r3, [pc, #384]	; (10002c48 <_etoa+0x42c>)
10002ac8:	f7ff f935 	bl	10001d36 <__wrap___aeabi_dmul>
10002acc:	0002      	movs	r2, r0
10002ace:	000b      	movs	r3, r1
10002ad0:	0020      	movs	r0, r4
10002ad2:	0029      	movs	r1, r5
10002ad4:	f7ff f8ff 	bl	10001cd6 <__wrap___aeabi_dsub>
10002ad8:	0002      	movs	r2, r0
10002ada:	000b      	movs	r3, r1
10002adc:	0006      	movs	r6, r0
10002ade:	000f      	movs	r7, r1
10002ae0:	f7ff f929 	bl	10001d36 <__wrap___aeabi_dmul>
10002ae4:	0032      	movs	r2, r6
10002ae6:	0004      	movs	r4, r0
10002ae8:	000d      	movs	r5, r1
10002aea:	003b      	movs	r3, r7
10002aec:	0030      	movs	r0, r6
10002aee:	0039      	movs	r1, r7
10002af0:	f7ff f8fa 	bl	10001ce8 <__wrap___aeabi_dadd>
10002af4:	2200      	movs	r2, #0
10002af6:	9010      	str	r0, [sp, #64]	; 0x40
10002af8:	9111      	str	r1, [sp, #68]	; 0x44
10002afa:	4b54      	ldr	r3, [pc, #336]	; (10002c4c <_etoa+0x430>)
10002afc:	0020      	movs	r0, r4
10002afe:	0029      	movs	r1, r5
10002b00:	f7ff f8fb 	bl	10001cfa <__wrap___aeabi_ddiv>
10002b04:	2200      	movs	r2, #0
10002b06:	4b52      	ldr	r3, [pc, #328]	; (10002c50 <_etoa+0x434>)
10002b08:	f7ff f8ee 	bl	10001ce8 <__wrap___aeabi_dadd>
10002b0c:	0002      	movs	r2, r0
10002b0e:	000b      	movs	r3, r1
10002b10:	0020      	movs	r0, r4
10002b12:	0029      	movs	r1, r5
10002b14:	f7ff f8f1 	bl	10001cfa <__wrap___aeabi_ddiv>
10002b18:	2200      	movs	r2, #0
10002b1a:	4b4e      	ldr	r3, [pc, #312]	; (10002c54 <_etoa+0x438>)
10002b1c:	f7ff f8e4 	bl	10001ce8 <__wrap___aeabi_dadd>
10002b20:	0002      	movs	r2, r0
10002b22:	000b      	movs	r3, r1
10002b24:	0020      	movs	r0, r4
10002b26:	0029      	movs	r1, r5
10002b28:	f7ff f8e7 	bl	10001cfa <__wrap___aeabi_ddiv>
10002b2c:	000d      	movs	r5, r1
10002b2e:	2180      	movs	r1, #128	; 0x80
10002b30:	0004      	movs	r4, r0
10002b32:	0032      	movs	r2, r6
10002b34:	003b      	movs	r3, r7
10002b36:	2000      	movs	r0, #0
10002b38:	05c9      	lsls	r1, r1, #23
10002b3a:	f7ff f8cc 	bl	10001cd6 <__wrap___aeabi_dsub>
10002b3e:	0002      	movs	r2, r0
10002b40:	000b      	movs	r3, r1
10002b42:	0020      	movs	r0, r4
10002b44:	0029      	movs	r1, r5
10002b46:	f7ff f8cf 	bl	10001ce8 <__wrap___aeabi_dadd>
10002b4a:	0002      	movs	r2, r0
10002b4c:	000b      	movs	r3, r1
10002b4e:	9810      	ldr	r0, [sp, #64]	; 0x40
10002b50:	9911      	ldr	r1, [sp, #68]	; 0x44
10002b52:	f7ff f8d2 	bl	10001cfa <__wrap___aeabi_ddiv>
10002b56:	2200      	movs	r2, #0
10002b58:	4b31      	ldr	r3, [pc, #196]	; (10002c20 <_etoa+0x404>)
10002b5a:	f7ff f8c5 	bl	10001ce8 <__wrap___aeabi_dadd>
10002b5e:	4b3e      	ldr	r3, [pc, #248]	; (10002c58 <_etoa+0x43c>)
10002b60:	9c0f      	ldr	r4, [sp, #60]	; 0x3c
10002b62:	469c      	mov	ip, r3
10002b64:	4464      	add	r4, ip
10002b66:	2200      	movs	r2, #0
10002b68:	0523      	lsls	r3, r4, #20
10002b6a:	f7ff f8e4 	bl	10001d36 <__wrap___aeabi_dmul>
10002b6e:	0005      	movs	r5, r0
10002b70:	000e      	movs	r6, r1
10002b72:	0002      	movs	r2, r0
10002b74:	000b      	movs	r3, r1
10002b76:	980a      	ldr	r0, [sp, #40]	; 0x28
10002b78:	9909      	ldr	r1, [sp, #36]	; 0x24
10002b7a:	f7ff f91f 	bl	10001dbc <__wrap___aeabi_dcmplt>
10002b7e:	2800      	cmp	r0, #0
10002b80:	d00a      	beq.n	10002b98 <_etoa+0x37c>
10002b82:	9b0d      	ldr	r3, [sp, #52]	; 0x34
10002b84:	0028      	movs	r0, r5
10002b86:	3b01      	subs	r3, #1
10002b88:	0031      	movs	r1, r6
10002b8a:	930d      	str	r3, [sp, #52]	; 0x34
10002b8c:	2200      	movs	r2, #0
10002b8e:	4b30      	ldr	r3, [pc, #192]	; (10002c50 <_etoa+0x434>)
10002b90:	f7ff f8b3 	bl	10001cfa <__wrap___aeabi_ddiv>
10002b94:	0005      	movs	r5, r0
10002b96:	000e      	movs	r6, r1
10002b98:	27c6      	movs	r7, #198	; 0xc6
10002b9a:	990d      	ldr	r1, [sp, #52]	; 0x34
10002b9c:	002b      	movs	r3, r5
10002b9e:	3163      	adds	r1, #99	; 0x63
10002ba0:	428f      	cmp	r7, r1
10002ba2:	41bf      	sbcs	r7, r7
10002ba4:	9928      	ldr	r1, [sp, #160]	; 0xa0
10002ba6:	427f      	negs	r7, r7
10002ba8:	3704      	adds	r7, #4
10002baa:	0509      	lsls	r1, r1, #20
10002bac:	d400      	bmi.n	10002bb0 <_etoa+0x394>
10002bae:	e695      	b.n	100028dc <_etoa+0xc0>
10002bb0:	4333      	orrs	r3, r6
10002bb2:	d100      	bne.n	10002bb6 <_etoa+0x39a>
10002bb4:	e682      	b.n	100028bc <_etoa+0xa0>
10002bb6:	9c09      	ldr	r4, [sp, #36]	; 0x24
10002bb8:	4a28      	ldr	r2, [pc, #160]	; (10002c5c <_etoa+0x440>)
10002bba:	0021      	movs	r1, r4
10002bbc:	4b28      	ldr	r3, [pc, #160]	; (10002c60 <_etoa+0x444>)
10002bbe:	980a      	ldr	r0, [sp, #40]	; 0x28
10002bc0:	f7ff f90a 	bl	10001dd8 <__wrap___aeabi_dcmpge>
10002bc4:	2800      	cmp	r0, #0
10002bc6:	d008      	beq.n	10002bda <_etoa+0x3be>
10002bc8:	2200      	movs	r2, #0
10002bca:	0021      	movs	r1, r4
10002bcc:	4b25      	ldr	r3, [pc, #148]	; (10002c64 <_etoa+0x448>)
10002bce:	980a      	ldr	r0, [sp, #40]	; 0x28
10002bd0:	f7ff f8f4 	bl	10001dbc <__wrap___aeabi_dcmplt>
10002bd4:	2800      	cmp	r0, #0
10002bd6:	d000      	beq.n	10002bda <_etoa+0x3be>
10002bd8:	e670      	b.n	100028bc <_etoa+0xa0>
10002bda:	9b26      	ldr	r3, [sp, #152]	; 0x98
10002bdc:	2b00      	cmp	r3, #0
10002bde:	d100      	bne.n	10002be2 <_etoa+0x3c6>
10002be0:	e67c      	b.n	100028dc <_etoa+0xc0>
10002be2:	9b0e      	ldr	r3, [sp, #56]	; 0x38
10002be4:	1e5a      	subs	r2, r3, #1
10002be6:	4193      	sbcs	r3, r2
10002be8:	9a26      	ldr	r2, [sp, #152]	; 0x98
10002bea:	1ad3      	subs	r3, r2, r3
10002bec:	9326      	str	r3, [sp, #152]	; 0x98
10002bee:	e675      	b.n	100028dc <_etoa+0xc0>
10002bf0:	2300      	movs	r3, #0
10002bf2:	2704      	movs	r7, #4
10002bf4:	930d      	str	r3, [sp, #52]	; 0x34
10002bf6:	e671      	b.n	100028dc <_etoa+0xc0>
10002bf8:	4643      	mov	r3, r8
10002bfa:	930a      	str	r3, [sp, #40]	; 0x28
10002bfc:	2380      	movs	r3, #128	; 0x80
10002bfe:	061b      	lsls	r3, r3, #24
10002c00:	4453      	add	r3, sl
10002c02:	9309      	str	r3, [sp, #36]	; 0x24
10002c04:	e642      	b.n	1000288c <_etoa+0x70>
10002c06:	2300      	movs	r3, #0
10002c08:	9326      	str	r3, [sp, #152]	; 0x98
10002c0a:	e65f      	b.n	100028cc <_etoa+0xb0>
10002c0c:	fffffc01 	.word	0xfffffc01
10002c10:	509f79fb 	.word	0x509f79fb
10002c14:	3fd34413 	.word	0x3fd34413
10002c18:	8b60c8b3 	.word	0x8b60c8b3
10002c1c:	3fc68a28 	.word	0x3fc68a28
10002c20:	3ff00000 	.word	0x3ff00000
10002c24:	3ff80000 	.word	0x3ff80000
10002c28:	636f4361 	.word	0x636f4361
10002c2c:	3fd287a7 	.word	0x3fd287a7
10002c30:	0979a371 	.word	0x0979a371
10002c34:	400a934f 	.word	0x400a934f
10002c38:	3fe00000 	.word	0x3fe00000
10002c3c:	bbb55516 	.word	0xbbb55516
10002c40:	40026bb1 	.word	0x40026bb1
10002c44:	fefa39ef 	.word	0xfefa39ef
10002c48:	3fe62e42 	.word	0x3fe62e42
10002c4c:	402c0000 	.word	0x402c0000
10002c50:	40240000 	.word	0x40240000
10002c54:	40180000 	.word	0x40180000
10002c58:	000003ff 	.word	0x000003ff
10002c5c:	eb1c432d 	.word	0xeb1c432d
10002c60:	3f1a36e2 	.word	0x3f1a36e2
10002c64:	412e8480 	.word	0x412e8480

10002c68 <_ftoa>:
10002c68:	b5f0      	push	{r4, r5, r6, r7, lr}
10002c6a:	464e      	mov	r6, r9
10002c6c:	46de      	mov	lr, fp
10002c6e:	4657      	mov	r7, sl
10002c70:	4645      	mov	r5, r8
10002c72:	b5e0      	push	{r5, r6, r7, lr}
10002c74:	b097      	sub	sp, #92	; 0x5c
10002c76:	4699      	mov	r9, r3
10002c78:	9e20      	ldr	r6, [sp, #128]	; 0x80
10002c7a:	9f21      	ldr	r7, [sp, #132]	; 0x84
10002c7c:	9b22      	ldr	r3, [sp, #136]	; 0x88
10002c7e:	4683      	mov	fp, r0
10002c80:	4698      	mov	r8, r3
10002c82:	9107      	str	r1, [sp, #28]
10002c84:	920c      	str	r2, [sp, #48]	; 0x30
10002c86:	003b      	movs	r3, r7
10002c88:	0032      	movs	r2, r6
10002c8a:	0030      	movs	r0, r6
10002c8c:	0039      	movs	r1, r7
10002c8e:	f7ff f8b0 	bl	10001df2 <__wrap___aeabi_dcmpun>
10002c92:	2800      	cmp	r0, #0
10002c94:	d000      	beq.n	10002c98 <_ftoa+0x30>
10002c96:	e1a9      	b.n	10002fec <_ftoa+0x384>
10002c98:	2201      	movs	r2, #1
10002c9a:	0030      	movs	r0, r6
10002c9c:	0039      	movs	r1, r7
10002c9e:	4bca      	ldr	r3, [pc, #808]	; (10002fc8 <_ftoa+0x360>)
10002ca0:	4252      	negs	r2, r2
10002ca2:	f7ff f88b 	bl	10001dbc <__wrap___aeabi_dcmplt>
10002ca6:	2800      	cmp	r0, #0
10002ca8:	d000      	beq.n	10002cac <_ftoa+0x44>
10002caa:	e0e1      	b.n	10002e70 <_ftoa+0x208>
10002cac:	2201      	movs	r2, #1
10002cae:	0030      	movs	r0, r6
10002cb0:	0039      	movs	r1, r7
10002cb2:	4bc6      	ldr	r3, [pc, #792]	; (10002fcc <_ftoa+0x364>)
10002cb4:	4252      	negs	r2, r2
10002cb6:	f7ff f897 	bl	10001de8 <__wrap___aeabi_dcmpgt>
10002cba:	2800      	cmp	r0, #0
10002cbc:	d000      	beq.n	10002cc0 <_ftoa+0x58>
10002cbe:	e0b7      	b.n	10002e30 <_ftoa+0x1c8>
10002cc0:	2200      	movs	r2, #0
10002cc2:	0030      	movs	r0, r6
10002cc4:	0039      	movs	r1, r7
10002cc6:	4bc2      	ldr	r3, [pc, #776]	; (10002fd0 <_ftoa+0x368>)
10002cc8:	f7ff f88e 	bl	10001de8 <__wrap___aeabi_dcmpgt>
10002ccc:	2800      	cmp	r0, #0
10002cce:	d000      	beq.n	10002cd2 <_ftoa+0x6a>
10002cd0:	e099      	b.n	10002e06 <_ftoa+0x19e>
10002cd2:	2200      	movs	r2, #0
10002cd4:	0030      	movs	r0, r6
10002cd6:	0039      	movs	r1, r7
10002cd8:	4bbe      	ldr	r3, [pc, #760]	; (10002fd4 <_ftoa+0x36c>)
10002cda:	f7ff f86f 	bl	10001dbc <__wrap___aeabi_dcmplt>
10002cde:	2800      	cmp	r0, #0
10002ce0:	d000      	beq.n	10002ce4 <_ftoa+0x7c>
10002ce2:	e090      	b.n	10002e06 <_ftoa+0x19e>
10002ce4:	2200      	movs	r2, #0
10002ce6:	2300      	movs	r3, #0
10002ce8:	0030      	movs	r0, r6
10002cea:	0039      	movs	r1, r7
10002cec:	f7ff f866 	bl	10001dbc <__wrap___aeabi_dcmplt>
10002cf0:	2800      	cmp	r0, #0
10002cf2:	d000      	beq.n	10002cf6 <_ftoa+0x8e>
10002cf4:	e0b1      	b.n	10002e5a <_ftoa+0x1f2>
10002cf6:	2300      	movs	r3, #0
10002cf8:	930d      	str	r3, [sp, #52]	; 0x34
10002cfa:	9b24      	ldr	r3, [sp, #144]	; 0x90
10002cfc:	055b      	lsls	r3, r3, #21
10002cfe:	d401      	bmi.n	10002d04 <_ftoa+0x9c>
10002d00:	2306      	movs	r3, #6
10002d02:	4698      	mov	r8, r3
10002d04:	ab08      	add	r3, sp, #32
10002d06:	469c      	mov	ip, r3
10002d08:	2217      	movs	r2, #23
10002d0a:	2400      	movs	r4, #0
10002d0c:	2330      	movs	r3, #48	; 0x30
10002d0e:	4641      	mov	r1, r8
10002d10:	4462      	add	r2, ip
10002d12:	e004      	b.n	10002d1e <_ftoa+0xb6>
10002d14:	3401      	adds	r4, #1
10002d16:	5513      	strb	r3, [r2, r4]
10002d18:	3901      	subs	r1, #1
10002d1a:	2c20      	cmp	r4, #32
10002d1c:	d001      	beq.n	10002d22 <_ftoa+0xba>
10002d1e:	2909      	cmp	r1, #9
10002d20:	d8f8      	bhi.n	10002d14 <_ftoa+0xac>
10002d22:	4688      	mov	r8, r1
10002d24:	0030      	movs	r0, r6
10002d26:	0039      	movs	r1, r7
10002d28:	f7ff f88c 	bl	10001e44 <__wrap___aeabi_d2iz>
10002d2c:	4643      	mov	r3, r8
10002d2e:	00da      	lsls	r2, r3, #3
10002d30:	4ba9      	ldr	r3, [pc, #676]	; (10002fd8 <_ftoa+0x370>)
10002d32:	0005      	movs	r5, r0
10002d34:	189b      	adds	r3, r3, r2
10002d36:	681a      	ldr	r2, [r3, #0]
10002d38:	685b      	ldr	r3, [r3, #4]
10002d3a:	9208      	str	r2, [sp, #32]
10002d3c:	9309      	str	r3, [sp, #36]	; 0x24
10002d3e:	f7ff f869 	bl	10001e14 <__wrap___aeabi_i2d>
10002d42:	0002      	movs	r2, r0
10002d44:	000b      	movs	r3, r1
10002d46:	0030      	movs	r0, r6
10002d48:	0039      	movs	r1, r7
10002d4a:	f7fe ffc4 	bl	10001cd6 <__wrap___aeabi_dsub>
10002d4e:	9a08      	ldr	r2, [sp, #32]
10002d50:	9b09      	ldr	r3, [sp, #36]	; 0x24
10002d52:	f7fe fff0 	bl	10001d36 <__wrap___aeabi_dmul>
10002d56:	900a      	str	r0, [sp, #40]	; 0x28
10002d58:	910b      	str	r1, [sp, #44]	; 0x2c
10002d5a:	f7ff f897 	bl	10001e8c <__wrap___aeabi_d2uiz>
10002d5e:	4682      	mov	sl, r0
10002d60:	f7ff f854 	bl	10001e0c <__wrap___aeabi_ui2d>
10002d64:	0002      	movs	r2, r0
10002d66:	000b      	movs	r3, r1
10002d68:	980a      	ldr	r0, [sp, #40]	; 0x28
10002d6a:	990b      	ldr	r1, [sp, #44]	; 0x2c
10002d6c:	f7fe ffb3 	bl	10001cd6 <__wrap___aeabi_dsub>
10002d70:	2200      	movs	r2, #0
10002d72:	4b9a      	ldr	r3, [pc, #616]	; (10002fdc <_ftoa+0x374>)
10002d74:	900a      	str	r0, [sp, #40]	; 0x28
10002d76:	910b      	str	r1, [sp, #44]	; 0x2c
10002d78:	f7ff f836 	bl	10001de8 <__wrap___aeabi_dcmpgt>
10002d7c:	2800      	cmp	r0, #0
10002d7e:	d100      	bne.n	10002d82 <_ftoa+0x11a>
10002d80:	e0c0      	b.n	10002f04 <_ftoa+0x29c>
10002d82:	2301      	movs	r3, #1
10002d84:	469c      	mov	ip, r3
10002d86:	44e2      	add	sl, ip
10002d88:	4650      	mov	r0, sl
10002d8a:	f7ff f83f 	bl	10001e0c <__wrap___aeabi_ui2d>
10002d8e:	0002      	movs	r2, r0
10002d90:	000b      	movs	r3, r1
10002d92:	9808      	ldr	r0, [sp, #32]
10002d94:	9909      	ldr	r1, [sp, #36]	; 0x24
10002d96:	f7ff f817 	bl	10001dc8 <__wrap___aeabi_dcmple>
10002d9a:	2800      	cmp	r0, #0
10002d9c:	d002      	beq.n	10002da4 <_ftoa+0x13c>
10002d9e:	2300      	movs	r3, #0
10002da0:	469a      	mov	sl, r3
10002da2:	3501      	adds	r5, #1
10002da4:	4643      	mov	r3, r8
10002da6:	2b00      	cmp	r3, #0
10002da8:	d06a      	beq.n	10002e80 <_ftoa+0x218>
10002daa:	ab08      	add	r3, sp, #32
10002dac:	2617      	movs	r6, #23
10002dae:	469c      	mov	ip, r3
10002db0:	9508      	str	r5, [sp, #32]
10002db2:	4466      	add	r6, ip
10002db4:	4655      	mov	r5, sl
10002db6:	e014      	b.n	10002de2 <_ftoa+0x17a>
10002db8:	2301      	movs	r3, #1
10002dba:	425b      	negs	r3, r3
10002dbc:	4443      	add	r3, r8
10002dbe:	210a      	movs	r1, #10
10002dc0:	0028      	movs	r0, r5
10002dc2:	469a      	mov	sl, r3
10002dc4:	f7fe fd4c 	bl	10001860 <__wrap___aeabi_uidiv>
10002dc8:	3401      	adds	r4, #1
10002dca:	3130      	adds	r1, #48	; 0x30
10002dcc:	1937      	adds	r7, r6, r4
10002dce:	7039      	strb	r1, [r7, #0]
10002dd0:	0028      	movs	r0, r5
10002dd2:	210a      	movs	r1, #10
10002dd4:	f7fe fd44 	bl	10001860 <__wrap___aeabi_uidiv>
10002dd8:	2d09      	cmp	r5, #9
10002dda:	d800      	bhi.n	10002dde <_ftoa+0x176>
10002ddc:	e0d0      	b.n	10002f80 <_ftoa+0x318>
10002dde:	46d0      	mov	r8, sl
10002de0:	0005      	movs	r5, r0
10002de2:	2c20      	cmp	r4, #32
10002de4:	d1e8      	bne.n	10002db8 <_ftoa+0x150>
10002de6:	ab0e      	add	r3, sp, #56	; 0x38
10002de8:	4698      	mov	r8, r3
10002dea:	2303      	movs	r3, #3
10002dec:	9a24      	ldr	r2, [sp, #144]	; 0x90
10002dee:	4013      	ands	r3, r2
10002df0:	2b01      	cmp	r3, #1
10002df2:	d100      	bne.n	10002df6 <_ftoa+0x18e>
10002df4:	e096      	b.n	10002f24 <_ftoa+0x2bc>
10002df6:	2320      	movs	r3, #32
10002df8:	9a24      	ldr	r2, [sp, #144]	; 0x90
10002dfa:	9301      	str	r3, [sp, #4]
10002dfc:	9203      	str	r2, [sp, #12]
10002dfe:	9a23      	ldr	r2, [sp, #140]	; 0x8c
10002e00:	4643      	mov	r3, r8
10002e02:	9202      	str	r2, [sp, #8]
10002e04:	e01e      	b.n	10002e44 <_ftoa+0x1dc>
10002e06:	9b24      	ldr	r3, [sp, #144]	; 0x90
10002e08:	4658      	mov	r0, fp
10002e0a:	9304      	str	r3, [sp, #16]
10002e0c:	9b23      	ldr	r3, [sp, #140]	; 0x8c
10002e0e:	9600      	str	r6, [sp, #0]
10002e10:	9701      	str	r7, [sp, #4]
10002e12:	9303      	str	r3, [sp, #12]
10002e14:	4643      	mov	r3, r8
10002e16:	9a0c      	ldr	r2, [sp, #48]	; 0x30
10002e18:	9302      	str	r3, [sp, #8]
10002e1a:	9907      	ldr	r1, [sp, #28]
10002e1c:	464b      	mov	r3, r9
10002e1e:	f7ff fcfd 	bl	1000281c <_etoa>
10002e22:	b017      	add	sp, #92	; 0x5c
10002e24:	bcf0      	pop	{r4, r5, r6, r7}
10002e26:	46bb      	mov	fp, r7
10002e28:	46b2      	mov	sl, r6
10002e2a:	46a9      	mov	r9, r5
10002e2c:	46a0      	mov	r8, r4
10002e2e:	bdf0      	pop	{r4, r5, r6, r7, pc}
10002e30:	9b24      	ldr	r3, [sp, #144]	; 0x90
10002e32:	075b      	lsls	r3, r3, #29
10002e34:	d40e      	bmi.n	10002e54 <_ftoa+0x1ec>
10002e36:	2203      	movs	r2, #3
10002e38:	4b69      	ldr	r3, [pc, #420]	; (10002fe0 <_ftoa+0x378>)
10002e3a:	9924      	ldr	r1, [sp, #144]	; 0x90
10002e3c:	9201      	str	r2, [sp, #4]
10002e3e:	9103      	str	r1, [sp, #12]
10002e40:	9923      	ldr	r1, [sp, #140]	; 0x8c
10002e42:	9102      	str	r1, [sp, #8]
10002e44:	9300      	str	r3, [sp, #0]
10002e46:	4658      	mov	r0, fp
10002e48:	464b      	mov	r3, r9
10002e4a:	9a0c      	ldr	r2, [sp, #48]	; 0x30
10002e4c:	9907      	ldr	r1, [sp, #28]
10002e4e:	f7ff fba1 	bl	10002594 <_out_rev>
10002e52:	e7e6      	b.n	10002e22 <_ftoa+0x1ba>
10002e54:	2204      	movs	r2, #4
10002e56:	4b63      	ldr	r3, [pc, #396]	; (10002fe4 <_ftoa+0x37c>)
10002e58:	e7ef      	b.n	10002e3a <_ftoa+0x1d2>
10002e5a:	003b      	movs	r3, r7
10002e5c:	0032      	movs	r2, r6
10002e5e:	2000      	movs	r0, #0
10002e60:	2100      	movs	r1, #0
10002e62:	f7fe ff38 	bl	10001cd6 <__wrap___aeabi_dsub>
10002e66:	2301      	movs	r3, #1
10002e68:	0006      	movs	r6, r0
10002e6a:	000f      	movs	r7, r1
10002e6c:	930d      	str	r3, [sp, #52]	; 0x34
10002e6e:	e744      	b.n	10002cfa <_ftoa+0x92>
10002e70:	9b24      	ldr	r3, [sp, #144]	; 0x90
10002e72:	9303      	str	r3, [sp, #12]
10002e74:	9b23      	ldr	r3, [sp, #140]	; 0x8c
10002e76:	9302      	str	r3, [sp, #8]
10002e78:	2304      	movs	r3, #4
10002e7a:	9301      	str	r3, [sp, #4]
10002e7c:	4b5a      	ldr	r3, [pc, #360]	; (10002fe8 <_ftoa+0x380>)
10002e7e:	e7e1      	b.n	10002e44 <_ftoa+0x1dc>
10002e80:	0028      	movs	r0, r5
10002e82:	f7fe ffc7 	bl	10001e14 <__wrap___aeabi_i2d>
10002e86:	0002      	movs	r2, r0
10002e88:	000b      	movs	r3, r1
10002e8a:	0030      	movs	r0, r6
10002e8c:	0039      	movs	r1, r7
10002e8e:	f7fe ff22 	bl	10001cd6 <__wrap___aeabi_dsub>
10002e92:	4b52      	ldr	r3, [pc, #328]	; (10002fdc <_ftoa+0x374>)
10002e94:	2200      	movs	r2, #0
10002e96:	0006      	movs	r6, r0
10002e98:	000f      	movs	r7, r1
10002e9a:	f7fe ff8f 	bl	10001dbc <__wrap___aeabi_dcmplt>
10002e9e:	ab0e      	add	r3, sp, #56	; 0x38
10002ea0:	4698      	mov	r8, r3
10002ea2:	2800      	cmp	r0, #0
10002ea4:	d10a      	bne.n	10002ebc <_ftoa+0x254>
10002ea6:	2200      	movs	r2, #0
10002ea8:	0030      	movs	r0, r6
10002eaa:	0039      	movs	r1, r7
10002eac:	4b4b      	ldr	r3, [pc, #300]	; (10002fdc <_ftoa+0x374>)
10002eae:	f7fe ff9b 	bl	10001de8 <__wrap___aeabi_dcmpgt>
10002eb2:	2800      	cmp	r0, #0
10002eb4:	d102      	bne.n	10002ebc <_ftoa+0x254>
10002eb6:	07eb      	lsls	r3, r5, #31
10002eb8:	d500      	bpl.n	10002ebc <_ftoa+0x254>
10002eba:	3501      	adds	r5, #1
10002ebc:	2c20      	cmp	r4, #32
10002ebe:	d094      	beq.n	10002dea <_ftoa+0x182>
10002ec0:	aa08      	add	r2, sp, #32
10002ec2:	4694      	mov	ip, r2
10002ec4:	2317      	movs	r3, #23
10002ec6:	0028      	movs	r0, r5
10002ec8:	4463      	add	r3, ip
10002eca:	210a      	movs	r1, #10
10002ecc:	3401      	adds	r4, #1
10002ece:	191e      	adds	r6, r3, r4
10002ed0:	f7fe fc9e 	bl	10001810 <__wrap___aeabi_idiv>
10002ed4:	3130      	adds	r1, #48	; 0x30
10002ed6:	0028      	movs	r0, r5
10002ed8:	7031      	strb	r1, [r6, #0]
10002eda:	210a      	movs	r1, #10
10002edc:	f7fe fc98 	bl	10001810 <__wrap___aeabi_idiv>
10002ee0:	1e05      	subs	r5, r0, #0
10002ee2:	d1eb      	bne.n	10002ebc <_ftoa+0x254>
10002ee4:	2303      	movs	r3, #3
10002ee6:	9a24      	ldr	r2, [sp, #144]	; 0x90
10002ee8:	4013      	ands	r3, r2
10002eea:	2b01      	cmp	r3, #1
10002eec:	d01b      	beq.n	10002f26 <_ftoa+0x2be>
10002eee:	2c20      	cmp	r4, #32
10002ef0:	d100      	bne.n	10002ef4 <_ftoa+0x28c>
10002ef2:	e780      	b.n	10002df6 <_ftoa+0x18e>
10002ef4:	9b0d      	ldr	r3, [sp, #52]	; 0x34
10002ef6:	2b00      	cmp	r3, #0
10002ef8:	d035      	beq.n	10002f66 <_ftoa+0x2fe>
10002efa:	222d      	movs	r2, #45	; 0x2d
10002efc:	4641      	mov	r1, r8
10002efe:	1c63      	adds	r3, r4, #1
10002f00:	550a      	strb	r2, [r1, r4]
10002f02:	e779      	b.n	10002df8 <_ftoa+0x190>
10002f04:	2200      	movs	r2, #0
10002f06:	980a      	ldr	r0, [sp, #40]	; 0x28
10002f08:	990b      	ldr	r1, [sp, #44]	; 0x2c
10002f0a:	4b34      	ldr	r3, [pc, #208]	; (10002fdc <_ftoa+0x374>)
10002f0c:	f7fe ff56 	bl	10001dbc <__wrap___aeabi_dcmplt>
10002f10:	2800      	cmp	r0, #0
10002f12:	d000      	beq.n	10002f16 <_ftoa+0x2ae>
10002f14:	e746      	b.n	10002da4 <_ftoa+0x13c>
10002f16:	4653      	mov	r3, sl
10002f18:	2b00      	cmp	r3, #0
10002f1a:	d151      	bne.n	10002fc0 <_ftoa+0x358>
10002f1c:	2301      	movs	r3, #1
10002f1e:	469c      	mov	ip, r3
10002f20:	44e2      	add	sl, ip
10002f22:	e73f      	b.n	10002da4 <_ftoa+0x13c>
10002f24:	2420      	movs	r4, #32
10002f26:	9b23      	ldr	r3, [sp, #140]	; 0x8c
10002f28:	2b00      	cmp	r3, #0
10002f2a:	d0e0      	beq.n	10002eee <_ftoa+0x286>
10002f2c:	9b0d      	ldr	r3, [sp, #52]	; 0x34
10002f2e:	2b00      	cmp	r3, #0
10002f30:	d103      	bne.n	10002f3a <_ftoa+0x2d2>
10002f32:	9a24      	ldr	r2, [sp, #144]	; 0x90
10002f34:	330c      	adds	r3, #12
10002f36:	4213      	tst	r3, r2
10002f38:	d002      	beq.n	10002f40 <_ftoa+0x2d8>
10002f3a:	9b23      	ldr	r3, [sp, #140]	; 0x8c
10002f3c:	3b01      	subs	r3, #1
10002f3e:	9323      	str	r3, [sp, #140]	; 0x8c
10002f40:	9b23      	ldr	r3, [sp, #140]	; 0x8c
10002f42:	42a3      	cmp	r3, r4
10002f44:	d9d3      	bls.n	10002eee <_ftoa+0x286>
10002f46:	ab08      	add	r3, sp, #32
10002f48:	469c      	mov	ip, r3
10002f4a:	2217      	movs	r2, #23
10002f4c:	2330      	movs	r3, #48	; 0x30
10002f4e:	4462      	add	r2, ip
10002f50:	2c20      	cmp	r4, #32
10002f52:	d100      	bne.n	10002f56 <_ftoa+0x2ee>
10002f54:	e74f      	b.n	10002df6 <_ftoa+0x18e>
10002f56:	9923      	ldr	r1, [sp, #140]	; 0x8c
10002f58:	3401      	adds	r4, #1
10002f5a:	5513      	strb	r3, [r2, r4]
10002f5c:	428c      	cmp	r4, r1
10002f5e:	d0c6      	beq.n	10002eee <_ftoa+0x286>
10002f60:	2c20      	cmp	r4, #32
10002f62:	d1f8      	bne.n	10002f56 <_ftoa+0x2ee>
10002f64:	e747      	b.n	10002df6 <_ftoa+0x18e>
10002f66:	9b24      	ldr	r3, [sp, #144]	; 0x90
10002f68:	075b      	lsls	r3, r3, #29
10002f6a:	d424      	bmi.n	10002fb6 <_ftoa+0x34e>
10002f6c:	9a24      	ldr	r2, [sp, #144]	; 0x90
10002f6e:	0023      	movs	r3, r4
10002f70:	0712      	lsls	r2, r2, #28
10002f72:	d400      	bmi.n	10002f76 <_ftoa+0x30e>
10002f74:	e740      	b.n	10002df8 <_ftoa+0x190>
10002f76:	2220      	movs	r2, #32
10002f78:	4641      	mov	r1, r8
10002f7a:	3301      	adds	r3, #1
10002f7c:	550a      	strb	r2, [r1, r4]
10002f7e:	e73b      	b.n	10002df8 <_ftoa+0x190>
10002f80:	4657      	mov	r7, sl
10002f82:	9d08      	ldr	r5, [sp, #32]
10002f84:	2c20      	cmp	r4, #32
10002f86:	d100      	bne.n	10002f8a <_ftoa+0x322>
10002f88:	e72d      	b.n	10002de6 <_ftoa+0x17e>
10002f8a:	0022      	movs	r2, r4
10002f8c:	2130      	movs	r1, #48	; 0x30
10002f8e:	4640      	mov	r0, r8
10002f90:	2f00      	cmp	r7, #0
10002f92:	d009      	beq.n	10002fa8 <_ftoa+0x340>
10002f94:	3201      	adds	r2, #1
10002f96:	54b1      	strb	r1, [r6, r2]
10002f98:	2a20      	cmp	r2, #32
10002f9a:	d100      	bne.n	10002f9e <_ftoa+0x336>
10002f9c:	e723      	b.n	10002de6 <_ftoa+0x17e>
10002f9e:	43d3      	mvns	r3, r2
10002fa0:	191b      	adds	r3, r3, r4
10002fa2:	181b      	adds	r3, r3, r0
10002fa4:	2b00      	cmp	r3, #0
10002fa6:	d1f5      	bne.n	10002f94 <_ftoa+0x32c>
10002fa8:	ab0e      	add	r3, sp, #56	; 0x38
10002faa:	4698      	mov	r8, r3
10002fac:	232e      	movs	r3, #46	; 0x2e
10002fae:	4641      	mov	r1, r8
10002fb0:	1c54      	adds	r4, r2, #1
10002fb2:	548b      	strb	r3, [r1, r2]
10002fb4:	e782      	b.n	10002ebc <_ftoa+0x254>
10002fb6:	222b      	movs	r2, #43	; 0x2b
10002fb8:	4641      	mov	r1, r8
10002fba:	1c63      	adds	r3, r4, #1
10002fbc:	550a      	strb	r2, [r1, r4]
10002fbe:	e71b      	b.n	10002df8 <_ftoa+0x190>
10002fc0:	07db      	lsls	r3, r3, #31
10002fc2:	d400      	bmi.n	10002fc6 <_ftoa+0x35e>
10002fc4:	e6ee      	b.n	10002da4 <_ftoa+0x13c>
10002fc6:	e7a9      	b.n	10002f1c <_ftoa+0x2b4>
10002fc8:	ffefffff 	.word	0xffefffff
10002fcc:	7fefffff 	.word	0x7fefffff
10002fd0:	41cdcd65 	.word	0x41cdcd65
10002fd4:	c1cdcd65 	.word	0xc1cdcd65
10002fd8:	10006738 	.word	0x10006738
10002fdc:	3fe00000 	.word	0x3fe00000
10002fe0:	1000653c 	.word	0x1000653c
10002fe4:	10006540 	.word	0x10006540
10002fe8:	1000654c 	.word	0x1000654c
10002fec:	9b24      	ldr	r3, [sp, #144]	; 0x90
10002fee:	9303      	str	r3, [sp, #12]
10002ff0:	9b23      	ldr	r3, [sp, #140]	; 0x8c
10002ff2:	9302      	str	r3, [sp, #8]
10002ff4:	2303      	movs	r3, #3
10002ff6:	9301      	str	r3, [sp, #4]
10002ff8:	4b00      	ldr	r3, [pc, #0]	; (10002ffc <_ftoa+0x394>)
10002ffa:	e723      	b.n	10002e44 <_ftoa+0x1dc>
10002ffc:	10006548 	.word	0x10006548

10003000 <_vsnprintf>:
10003000:	b5f0      	push	{r4, r5, r6, r7, lr}
10003002:	46de      	mov	lr, fp
10003004:	464e      	mov	r6, r9
10003006:	4657      	mov	r7, sl
10003008:	4645      	mov	r5, r8
1000300a:	b5e0      	push	{r5, r6, r7, lr}
1000300c:	b09f      	sub	sp, #124	; 0x7c
1000300e:	001c      	movs	r4, r3
10003010:	9b28      	ldr	r3, [sp, #160]	; 0xa0
10003012:	4691      	mov	r9, r2
10003014:	9309      	str	r3, [sp, #36]	; 0x24
10003016:	4ac9      	ldr	r2, [pc, #804]	; (1000333c <_vsnprintf+0x33c>)
10003018:	4bc9      	ldr	r3, [pc, #804]	; (10003340 <_vsnprintf+0x340>)
1000301a:	468b      	mov	fp, r1
1000301c:	9008      	str	r0, [sp, #32]
1000301e:	601a      	str	r2, [r3, #0]
10003020:	2900      	cmp	r1, #0
10003022:	d100      	bne.n	10003026 <_vsnprintf+0x26>
10003024:	e218      	b.n	10003458 <_vsnprintf+0x458>
10003026:	2300      	movs	r3, #0
10003028:	7820      	ldrb	r0, [r4, #0]
1000302a:	469a      	mov	sl, r3
1000302c:	2800      	cmp	r0, #0
1000302e:	d100      	bne.n	10003032 <_vsnprintf+0x32>
10003030:	e21a      	b.n	10003468 <_vsnprintf+0x468>
10003032:	0026      	movs	r6, r4
10003034:	001d      	movs	r5, r3
10003036:	465c      	mov	r4, fp
10003038:	e00a      	b.n	10003050 <_vsnprintf+0x50>
1000303a:	002a      	movs	r2, r5
1000303c:	1c6f      	adds	r7, r5, #1
1000303e:	464b      	mov	r3, r9
10003040:	9d08      	ldr	r5, [sp, #32]
10003042:	0021      	movs	r1, r4
10003044:	47a8      	blx	r5
10003046:	003d      	movs	r5, r7
10003048:	3601      	adds	r6, #1
1000304a:	7830      	ldrb	r0, [r6, #0]
1000304c:	2800      	cmp	r0, #0
1000304e:	d070      	beq.n	10003132 <_vsnprintf+0x132>
10003050:	2825      	cmp	r0, #37	; 0x25
10003052:	d1f2      	bne.n	1000303a <_vsnprintf+0x3a>
10003054:	2310      	movs	r3, #16
10003056:	469b      	mov	fp, r3
10003058:	3b08      	subs	r3, #8
1000305a:	469a      	mov	sl, r3
1000305c:	3b04      	subs	r3, #4
1000305e:	4698      	mov	r8, r3
10003060:	3b02      	subs	r3, #2
10003062:	2100      	movs	r1, #0
10003064:	469c      	mov	ip, r3
10003066:	1c72      	adds	r2, r6, #1
10003068:	7810      	ldrb	r0, [r2, #0]
1000306a:	0016      	movs	r6, r2
1000306c:	0003      	movs	r3, r0
1000306e:	3b20      	subs	r3, #32
10003070:	b2db      	uxtb	r3, r3
10003072:	2b10      	cmp	r3, #16
10003074:	d803      	bhi.n	1000307e <_vsnprintf+0x7e>
10003076:	4fb3      	ldr	r7, [pc, #716]	; (10003344 <_vsnprintf+0x344>)
10003078:	009b      	lsls	r3, r3, #2
1000307a:	58fb      	ldr	r3, [r7, r3]
1000307c:	469f      	mov	pc, r3
1000307e:	0003      	movs	r3, r0
10003080:	3b30      	subs	r3, #48	; 0x30
10003082:	2b09      	cmp	r3, #9
10003084:	d932      	bls.n	100030ec <_vsnprintf+0xec>
10003086:	2300      	movs	r3, #0
10003088:	930a      	str	r3, [sp, #40]	; 0x28
1000308a:	282a      	cmp	r0, #42	; 0x2a
1000308c:	d068      	beq.n	10003160 <_vsnprintf+0x160>
1000308e:	2300      	movs	r3, #0
10003090:	4698      	mov	r8, r3
10003092:	282e      	cmp	r0, #46	; 0x2e
10003094:	d03e      	beq.n	10003114 <_vsnprintf+0x114>
10003096:	0003      	movs	r3, r0
10003098:	3b68      	subs	r3, #104	; 0x68
1000309a:	b2db      	uxtb	r3, r3
1000309c:	2b12      	cmp	r3, #18
1000309e:	d81c      	bhi.n	100030da <_vsnprintf+0xda>
100030a0:	4aa9      	ldr	r2, [pc, #676]	; (10003348 <_vsnprintf+0x348>)
100030a2:	009b      	lsls	r3, r3, #2
100030a4:	58d3      	ldr	r3, [r2, r3]
100030a6:	469f      	mov	pc, r3
100030a8:	2301      	movs	r3, #1
100030aa:	3201      	adds	r2, #1
100030ac:	4319      	orrs	r1, r3
100030ae:	e7db      	b.n	10003068 <_vsnprintf+0x68>
100030b0:	4663      	mov	r3, ip
100030b2:	3201      	adds	r2, #1
100030b4:	4319      	orrs	r1, r3
100030b6:	e7d7      	b.n	10003068 <_vsnprintf+0x68>
100030b8:	4643      	mov	r3, r8
100030ba:	3201      	adds	r2, #1
100030bc:	4319      	orrs	r1, r3
100030be:	e7d3      	b.n	10003068 <_vsnprintf+0x68>
100030c0:	465b      	mov	r3, fp
100030c2:	3201      	adds	r2, #1
100030c4:	4319      	orrs	r1, r3
100030c6:	e7cf      	b.n	10003068 <_vsnprintf+0x68>
100030c8:	4653      	mov	r3, sl
100030ca:	3201      	adds	r2, #1
100030cc:	4319      	orrs	r1, r3
100030ce:	e7cb      	b.n	10003068 <_vsnprintf+0x68>
100030d0:	2380      	movs	r3, #128	; 0x80
100030d2:	005b      	lsls	r3, r3, #1
100030d4:	7870      	ldrb	r0, [r6, #1]
100030d6:	4319      	orrs	r1, r3
100030d8:	3601      	adds	r6, #1
100030da:	0003      	movs	r3, r0
100030dc:	3b25      	subs	r3, #37	; 0x25
100030de:	b2db      	uxtb	r3, r3
100030e0:	2b53      	cmp	r3, #83	; 0x53
100030e2:	d8aa      	bhi.n	1000303a <_vsnprintf+0x3a>
100030e4:	4a99      	ldr	r2, [pc, #612]	; (1000334c <_vsnprintf+0x34c>)
100030e6:	009b      	lsls	r3, r3, #2
100030e8:	58d3      	ldr	r3, [r2, r3]
100030ea:	469f      	mov	pc, r3
100030ec:	2700      	movs	r7, #0
100030ee:	0003      	movs	r3, r0
100030f0:	00b8      	lsls	r0, r7, #2
100030f2:	19c0      	adds	r0, r0, r7
100030f4:	3601      	adds	r6, #1
100030f6:	0040      	lsls	r0, r0, #1
100030f8:	18c0      	adds	r0, r0, r3
100030fa:	7833      	ldrb	r3, [r6, #0]
100030fc:	3830      	subs	r0, #48	; 0x30
100030fe:	001a      	movs	r2, r3
10003100:	3a30      	subs	r2, #48	; 0x30
10003102:	0007      	movs	r7, r0
10003104:	2a09      	cmp	r2, #9
10003106:	d9f3      	bls.n	100030f0 <_vsnprintf+0xf0>
10003108:	900a      	str	r0, [sp, #40]	; 0x28
1000310a:	0018      	movs	r0, r3
1000310c:	2300      	movs	r3, #0
1000310e:	4698      	mov	r8, r3
10003110:	282e      	cmp	r0, #46	; 0x2e
10003112:	d1c0      	bne.n	10003096 <_vsnprintf+0x96>
10003114:	2380      	movs	r3, #128	; 0x80
10003116:	7870      	ldrb	r0, [r6, #1]
10003118:	00db      	lsls	r3, r3, #3
1000311a:	4319      	orrs	r1, r3
1000311c:	0003      	movs	r3, r0
1000311e:	3b30      	subs	r3, #48	; 0x30
10003120:	1c72      	adds	r2, r6, #1
10003122:	2b09      	cmp	r3, #9
10003124:	d800      	bhi.n	10003128 <_vsnprintf+0x128>
10003126:	e1a1      	b.n	1000346c <_vsnprintf+0x46c>
10003128:	282a      	cmp	r0, #42	; 0x2a
1000312a:	d100      	bne.n	1000312e <_vsnprintf+0x12e>
1000312c:	e1b2      	b.n	10003494 <_vsnprintf+0x494>
1000312e:	0016      	movs	r6, r2
10003130:	e7b1      	b.n	10003096 <_vsnprintf+0x96>
10003132:	46a3      	mov	fp, r4
10003134:	46aa      	mov	sl, r5
10003136:	002c      	movs	r4, r5
10003138:	45d1      	cmp	r9, sl
1000313a:	d803      	bhi.n	10003144 <_vsnprintf+0x144>
1000313c:	2301      	movs	r3, #1
1000313e:	425b      	negs	r3, r3
10003140:	444b      	add	r3, r9
10003142:	469a      	mov	sl, r3
10003144:	464b      	mov	r3, r9
10003146:	4652      	mov	r2, sl
10003148:	4659      	mov	r1, fp
1000314a:	2000      	movs	r0, #0
1000314c:	9d08      	ldr	r5, [sp, #32]
1000314e:	47a8      	blx	r5
10003150:	0020      	movs	r0, r4
10003152:	b01f      	add	sp, #124	; 0x7c
10003154:	bcf0      	pop	{r4, r5, r6, r7}
10003156:	46bb      	mov	fp, r7
10003158:	46b2      	mov	sl, r6
1000315a:	46a9      	mov	r9, r5
1000315c:	46a0      	mov	r8, r4
1000315e:	bdf0      	pop	{r4, r5, r6, r7, pc}
10003160:	9b09      	ldr	r3, [sp, #36]	; 0x24
10003162:	cb40      	ldmia	r3!, {r6}
10003164:	960a      	str	r6, [sp, #40]	; 0x28
10003166:	2e00      	cmp	r6, #0
10003168:	db03      	blt.n	10003172 <_vsnprintf+0x172>
1000316a:	7850      	ldrb	r0, [r2, #1]
1000316c:	9309      	str	r3, [sp, #36]	; 0x24
1000316e:	1c56      	adds	r6, r2, #1
10003170:	e78d      	b.n	1000308e <_vsnprintf+0x8e>
10003172:	3828      	subs	r0, #40	; 0x28
10003174:	4301      	orrs	r1, r0
10003176:	4270      	negs	r0, r6
10003178:	900a      	str	r0, [sp, #40]	; 0x28
1000317a:	9309      	str	r3, [sp, #36]	; 0x24
1000317c:	7850      	ldrb	r0, [r2, #1]
1000317e:	1c56      	adds	r6, r2, #1
10003180:	e785      	b.n	1000308e <_vsnprintf+0x8e>
10003182:	2878      	cmp	r0, #120	; 0x78
10003184:	d100      	bne.n	10003188 <_vsnprintf+0x188>
10003186:	e1df      	b.n	10003548 <_vsnprintf+0x548>
10003188:	2858      	cmp	r0, #88	; 0x58
1000318a:	d100      	bne.n	1000318e <_vsnprintf+0x18e>
1000318c:	e24c      	b.n	10003628 <_vsnprintf+0x628>
1000318e:	286f      	cmp	r0, #111	; 0x6f
10003190:	d100      	bne.n	10003194 <_vsnprintf+0x194>
10003192:	e34f      	b.n	10003834 <_vsnprintf+0x834>
10003194:	2862      	cmp	r0, #98	; 0x62
10003196:	d101      	bne.n	1000319c <_vsnprintf+0x19c>
10003198:	f000 fc30 	bl	100039fc <_vsnprintf+0x9fc>
1000319c:	2310      	movs	r3, #16
1000319e:	000a      	movs	r2, r1
100031a0:	439a      	bics	r2, r3
100031a2:	920b      	str	r2, [sp, #44]	; 0x2c
100031a4:	2869      	cmp	r0, #105	; 0x69
100031a6:	d001      	beq.n	100031ac <_vsnprintf+0x1ac>
100031a8:	f000 fca9 	bl	10003afe <_vsnprintf+0xafe>
100031ac:	230a      	movs	r3, #10
100031ae:	930c      	str	r3, [sp, #48]	; 0x30
100031b0:	054b      	lsls	r3, r1, #21
100031b2:	d500      	bpl.n	100031b6 <_vsnprintf+0x1b6>
100031b4:	e1d0      	b.n	10003558 <_vsnprintf+0x558>
100031b6:	9a0b      	ldr	r2, [sp, #44]	; 0x2c
100031b8:	2380      	movs	r3, #128	; 0x80
100031ba:	0011      	movs	r1, r2
100031bc:	009b      	lsls	r3, r3, #2
100031be:	4019      	ands	r1, r3
100031c0:	468b      	mov	fp, r1
100031c2:	421a      	tst	r2, r3
100031c4:	d000      	beq.n	100031c8 <_vsnprintf+0x1c8>
100031c6:	e2a1      	b.n	1000370c <_vsnprintf+0x70c>
100031c8:	2380      	movs	r3, #128	; 0x80
100031ca:	0011      	movs	r1, r2
100031cc:	005b      	lsls	r3, r3, #1
100031ce:	4019      	ands	r1, r3
100031d0:	468a      	mov	sl, r1
100031d2:	421a      	tst	r2, r3
100031d4:	d000      	beq.n	100031d8 <_vsnprintf+0x1d8>
100031d6:	e3b6      	b.n	10003946 <_vsnprintf+0x946>
100031d8:	0013      	movs	r3, r2
100031da:	065b      	lsls	r3, r3, #25
100031dc:	d500      	bpl.n	100031e0 <_vsnprintf+0x1e0>
100031de:	e2ed      	b.n	100037bc <_vsnprintf+0x7bc>
100031e0:	0013      	movs	r3, r2
100031e2:	9909      	ldr	r1, [sp, #36]	; 0x24
100031e4:	061b      	lsls	r3, r3, #24
100031e6:	d401      	bmi.n	100031ec <_vsnprintf+0x1ec>
100031e8:	f000 fc76 	bl	10003ad8 <_vsnprintf+0xad8>
100031ec:	c908      	ldmia	r1!, {r3}
100031ee:	b21b      	sxth	r3, r3
100031f0:	17d8      	asrs	r0, r3, #31
100031f2:	181a      	adds	r2, r3, r0
100031f4:	4042      	eors	r2, r0
100031f6:	b292      	uxth	r2, r2
100031f8:	9109      	str	r1, [sp, #36]	; 0x24
100031fa:	4693      	mov	fp, r2
100031fc:	0fda      	lsrs	r2, r3, #31
100031fe:	9212      	str	r2, [sp, #72]	; 0x48
10003200:	2b00      	cmp	r3, #0
10003202:	d109      	bne.n	10003218 <_vsnprintf+0x218>
10003204:	2380      	movs	r3, #128	; 0x80
10003206:	2210      	movs	r2, #16
10003208:	990b      	ldr	r1, [sp, #44]	; 0x2c
1000320a:	00db      	lsls	r3, r3, #3
1000320c:	400b      	ands	r3, r1
1000320e:	4391      	bics	r1, r2
10003210:	910b      	str	r1, [sp, #44]	; 0x2c
10003212:	2b00      	cmp	r3, #0
10003214:	d000      	beq.n	10003218 <_vsnprintf+0x218>
10003216:	e2e4      	b.n	100037e2 <_vsnprintf+0x7e2>
10003218:	9a0b      	ldr	r2, [sp, #44]	; 0x2c
1000321a:	2361      	movs	r3, #97	; 0x61
1000321c:	0692      	lsls	r2, r2, #26
1000321e:	d500      	bpl.n	10003222 <_vsnprintf+0x222>
10003220:	2341      	movs	r3, #65	; 0x41
10003222:	a90e      	add	r1, sp, #56	; 0x38
10003224:	221f      	movs	r2, #31
10003226:	468c      	mov	ip, r1
10003228:	b2db      	uxtb	r3, r3
1000322a:	4462      	add	r2, ip
1000322c:	3b0a      	subs	r3, #10
1000322e:	465f      	mov	r7, fp
10003230:	9513      	str	r5, [sp, #76]	; 0x4c
10003232:	46a3      	mov	fp, r4
10003234:	4655      	mov	r5, sl
10003236:	9c0c      	ldr	r4, [sp, #48]	; 0x30
10003238:	46b2      	mov	sl, r6
1000323a:	930d      	str	r3, [sp, #52]	; 0x34
1000323c:	0016      	movs	r6, r2
1000323e:	e00a      	b.n	10003256 <_vsnprintf+0x256>
10003240:	3330      	adds	r3, #48	; 0x30
10003242:	b2db      	uxtb	r3, r3
10003244:	3501      	adds	r5, #1
10003246:	5573      	strb	r3, [r6, r5]
10003248:	42a7      	cmp	r7, r4
1000324a:	d200      	bcs.n	1000324e <_vsnprintf+0x24e>
1000324c:	e2ed      	b.n	1000382a <_vsnprintf+0x82a>
1000324e:	2d20      	cmp	r5, #32
10003250:	d100      	bne.n	10003254 <_vsnprintf+0x254>
10003252:	e2ea      	b.n	1000382a <_vsnprintf+0x82a>
10003254:	0007      	movs	r7, r0
10003256:	0021      	movs	r1, r4
10003258:	0038      	movs	r0, r7
1000325a:	f7fe fb01 	bl	10001860 <__wrap___aeabi_uidiv>
1000325e:	b2cb      	uxtb	r3, r1
10003260:	2909      	cmp	r1, #9
10003262:	d9ed      	bls.n	10003240 <_vsnprintf+0x240>
10003264:	9a0d      	ldr	r2, [sp, #52]	; 0x34
10003266:	4694      	mov	ip, r2
10003268:	4463      	add	r3, ip
1000326a:	b2db      	uxtb	r3, r3
1000326c:	e7ea      	b.n	10003244 <_vsnprintf+0x244>
1000326e:	2380      	movs	r3, #128	; 0x80
10003270:	009b      	lsls	r3, r3, #2
10003272:	7870      	ldrb	r0, [r6, #1]
10003274:	4319      	orrs	r1, r3
10003276:	3601      	adds	r6, #1
10003278:	e72f      	b.n	100030da <_vsnprintf+0xda>
1000327a:	7870      	ldrb	r0, [r6, #1]
1000327c:	2868      	cmp	r0, #104	; 0x68
1000327e:	d100      	bne.n	10003282 <_vsnprintf+0x282>
10003280:	e1cd      	b.n	1000361e <_vsnprintf+0x61e>
10003282:	2380      	movs	r3, #128	; 0x80
10003284:	3601      	adds	r6, #1
10003286:	4319      	orrs	r1, r3
10003288:	e727      	b.n	100030da <_vsnprintf+0xda>
1000328a:	7870      	ldrb	r0, [r6, #1]
1000328c:	286c      	cmp	r0, #108	; 0x6c
1000328e:	d100      	bne.n	10003292 <_vsnprintf+0x292>
10003290:	e1bf      	b.n	10003612 <_vsnprintf+0x612>
10003292:	2380      	movs	r3, #128	; 0x80
10003294:	005b      	lsls	r3, r3, #1
10003296:	4319      	orrs	r1, r3
10003298:	3601      	adds	r6, #1
1000329a:	e71e      	b.n	100030da <_vsnprintf+0xda>
1000329c:	2846      	cmp	r0, #70	; 0x46
1000329e:	d100      	bne.n	100032a2 <_vsnprintf+0x2a2>
100032a0:	e19b      	b.n	100035da <_vsnprintf+0x5da>
100032a2:	2207      	movs	r2, #7
100032a4:	9b09      	ldr	r3, [sp, #36]	; 0x24
100032a6:	9104      	str	r1, [sp, #16]
100032a8:	3307      	adds	r3, #7
100032aa:	4393      	bics	r3, r2
100032ac:	9a0a      	ldr	r2, [sp, #40]	; 0x28
100032ae:	0019      	movs	r1, r3
100032b0:	9203      	str	r2, [sp, #12]
100032b2:	4642      	mov	r2, r8
100032b4:	9202      	str	r2, [sp, #8]
100032b6:	c90c      	ldmia	r1!, {r2, r3}
100032b8:	9808      	ldr	r0, [sp, #32]
100032ba:	9200      	str	r2, [sp, #0]
100032bc:	9301      	str	r3, [sp, #4]
100032be:	9109      	str	r1, [sp, #36]	; 0x24
100032c0:	002a      	movs	r2, r5
100032c2:	464b      	mov	r3, r9
100032c4:	0021      	movs	r1, r4
100032c6:	f7ff fccf 	bl	10002c68 <_ftoa>
100032ca:	3601      	adds	r6, #1
100032cc:	0005      	movs	r5, r0
100032ce:	e6bc      	b.n	1000304a <_vsnprintf+0x4a>
100032d0:	002a      	movs	r2, r5
100032d2:	1c6f      	adds	r7, r5, #1
100032d4:	464b      	mov	r3, r9
100032d6:	9d08      	ldr	r5, [sp, #32]
100032d8:	0021      	movs	r1, r4
100032da:	2025      	movs	r0, #37	; 0x25
100032dc:	47a8      	blx	r5
100032de:	3601      	adds	r6, #1
100032e0:	003d      	movs	r5, r7
100032e2:	e6b2      	b.n	1000304a <_vsnprintf+0x4a>
100032e4:	078b      	lsls	r3, r1, #30
100032e6:	d400      	bmi.n	100032ea <_vsnprintf+0x2ea>
100032e8:	e1ad      	b.n	10003646 <_vsnprintf+0x646>
100032ea:	9b09      	ldr	r3, [sp, #36]	; 0x24
100032ec:	002a      	movs	r2, r5
100032ee:	469a      	mov	sl, r3
100032f0:	1c6b      	adds	r3, r5, #1
100032f2:	4698      	mov	r8, r3
100032f4:	4653      	mov	r3, sl
100032f6:	cb01      	ldmia	r3!, {r0}
100032f8:	0021      	movs	r1, r4
100032fa:	469a      	mov	sl, r3
100032fc:	9f08      	ldr	r7, [sp, #32]
100032fe:	464b      	mov	r3, r9
10003300:	b2c0      	uxtb	r0, r0
10003302:	47b8      	blx	r7
10003304:	9b0a      	ldr	r3, [sp, #40]	; 0x28
10003306:	469c      	mov	ip, r3
10003308:	4465      	add	r5, ip
1000330a:	2b01      	cmp	r3, #1
1000330c:	d800      	bhi.n	10003310 <_vsnprintf+0x310>
1000330e:	e286      	b.n	1000381e <_vsnprintf+0x81e>
10003310:	9b08      	ldr	r3, [sp, #32]
10003312:	4647      	mov	r7, r8
10003314:	46b0      	mov	r8, r6
10003316:	0026      	movs	r6, r4
10003318:	464c      	mov	r4, r9
1000331a:	4699      	mov	r9, r3
1000331c:	003a      	movs	r2, r7
1000331e:	0023      	movs	r3, r4
10003320:	3701      	adds	r7, #1
10003322:	0031      	movs	r1, r6
10003324:	2020      	movs	r0, #32
10003326:	47c8      	blx	r9
10003328:	42af      	cmp	r7, r5
1000332a:	d1f7      	bne.n	1000331c <_vsnprintf+0x31c>
1000332c:	46a1      	mov	r9, r4
1000332e:	4653      	mov	r3, sl
10003330:	0034      	movs	r4, r6
10003332:	4646      	mov	r6, r8
10003334:	9309      	str	r3, [sp, #36]	; 0x24
10003336:	3601      	adds	r6, #1
10003338:	e687      	b.n	1000304a <_vsnprintf+0x4a>
1000333a:	46c0      	nop			; (mov r8, r8)
1000333c:	10003001 	.word	0x10003001
10003340:	20001c70 	.word	0x20001c70
10003344:	10006554 	.word	0x10006554
10003348:	10006598 	.word	0x10006598
1000334c:	100065e4 	.word	0x100065e4
10003350:	9b09      	ldr	r3, [sp, #36]	; 0x24
10003352:	cb04      	ldmia	r3!, {r2}
10003354:	469b      	mov	fp, r3
10003356:	4643      	mov	r3, r8
10003358:	9209      	str	r2, [sp, #36]	; 0x24
1000335a:	2b00      	cmp	r3, #0
1000335c:	d100      	bne.n	10003360 <_vsnprintf+0x360>
1000335e:	e0c6      	b.n	100034ee <_vsnprintf+0x4ee>
10003360:	7813      	ldrb	r3, [r2, #0]
10003362:	469c      	mov	ip, r3
10003364:	2b00      	cmp	r3, #0
10003366:	d100      	bne.n	1000336a <_vsnprintf+0x36a>
10003368:	e3bd      	b.n	10003ae6 <_vsnprintf+0xae6>
1000336a:	4643      	mov	r3, r8
1000336c:	3b01      	subs	r3, #1
1000336e:	9a09      	ldr	r2, [sp, #36]	; 0x24
10003370:	3301      	adds	r3, #1
10003372:	18d0      	adds	r0, r2, r3
10003374:	9f0a      	ldr	r7, [sp, #40]	; 0x28
10003376:	0013      	movs	r3, r2
10003378:	e001      	b.n	1000337e <_vsnprintf+0x37e>
1000337a:	4283      	cmp	r3, r0
1000337c:	d003      	beq.n	10003386 <_vsnprintf+0x386>
1000337e:	785a      	ldrb	r2, [r3, #1]
10003380:	3301      	adds	r3, #1
10003382:	2a00      	cmp	r2, #0
10003384:	d1f9      	bne.n	1000337a <_vsnprintf+0x37a>
10003386:	9a09      	ldr	r2, [sp, #36]	; 0x24
10003388:	970a      	str	r7, [sp, #40]	; 0x28
1000338a:	1a9b      	subs	r3, r3, r2
1000338c:	930b      	str	r3, [sp, #44]	; 0x2c
1000338e:	2380      	movs	r3, #128	; 0x80
10003390:	000a      	movs	r2, r1
10003392:	00db      	lsls	r3, r3, #3
10003394:	401a      	ands	r2, r3
10003396:	920c      	str	r2, [sp, #48]	; 0x30
10003398:	4219      	tst	r1, r3
1000339a:	d004      	beq.n	100033a6 <_vsnprintf+0x3a6>
1000339c:	9b0b      	ldr	r3, [sp, #44]	; 0x2c
1000339e:	4543      	cmp	r3, r8
100033a0:	d901      	bls.n	100033a6 <_vsnprintf+0x3a6>
100033a2:	4643      	mov	r3, r8
100033a4:	930b      	str	r3, [sp, #44]	; 0x2c
100033a6:	2302      	movs	r3, #2
100033a8:	001a      	movs	r2, r3
100033aa:	400a      	ands	r2, r1
100033ac:	920d      	str	r2, [sp, #52]	; 0x34
100033ae:	420b      	tst	r3, r1
100033b0:	d100      	bne.n	100033b4 <_vsnprintf+0x3b4>
100033b2:	e187      	b.n	100036c4 <_vsnprintf+0x6c4>
100033b4:	4660      	mov	r0, ip
100033b6:	2800      	cmp	r0, #0
100033b8:	d100      	bne.n	100033bc <_vsnprintf+0x3bc>
100033ba:	e168      	b.n	1000368e <_vsnprintf+0x68e>
100033bc:	9b0c      	ldr	r3, [sp, #48]	; 0x30
100033be:	2b00      	cmp	r3, #0
100033c0:	d100      	bne.n	100033c4 <_vsnprintf+0x3c4>
100033c2:	e10d      	b.n	100035e0 <_vsnprintf+0x5e0>
100033c4:	44a8      	add	r8, r5
100033c6:	46c2      	mov	sl, r8
100033c8:	9b09      	ldr	r3, [sp, #36]	; 0x24
100033ca:	4657      	mov	r7, sl
100033cc:	1b5b      	subs	r3, r3, r5
100033ce:	4698      	mov	r8, r3
100033d0:	9b08      	ldr	r3, [sp, #32]
100033d2:	46b2      	mov	sl, r6
100033d4:	002a      	movs	r2, r5
100033d6:	0026      	movs	r6, r4
100033d8:	464c      	mov	r4, r9
100033da:	4699      	mov	r9, r3
100033dc:	e009      	b.n	100033f2 <_vsnprintf+0x3f2>
100033de:	0023      	movs	r3, r4
100033e0:	0031      	movs	r1, r6
100033e2:	1c55      	adds	r5, r2, #1
100033e4:	47c8      	blx	r9
100033e6:	4643      	mov	r3, r8
100033e8:	5d58      	ldrb	r0, [r3, r5]
100033ea:	2800      	cmp	r0, #0
100033ec:	d100      	bne.n	100033f0 <_vsnprintf+0x3f0>
100033ee:	e126      	b.n	1000363e <_vsnprintf+0x63e>
100033f0:	002a      	movs	r2, r5
100033f2:	4297      	cmp	r7, r2
100033f4:	d1f3      	bne.n	100033de <_vsnprintf+0x3de>
100033f6:	46a1      	mov	r9, r4
100033f8:	003d      	movs	r5, r7
100033fa:	0034      	movs	r4, r6
100033fc:	4656      	mov	r6, sl
100033fe:	9b0d      	ldr	r3, [sp, #52]	; 0x34
10003400:	2b00      	cmp	r3, #0
10003402:	d000      	beq.n	10003406 <_vsnprintf+0x406>
10003404:	e143      	b.n	1000368e <_vsnprintf+0x68e>
10003406:	465b      	mov	r3, fp
10003408:	3601      	adds	r6, #1
1000340a:	9309      	str	r3, [sp, #36]	; 0x24
1000340c:	e61d      	b.n	1000304a <_vsnprintf+0x4a>
1000340e:	9b09      	ldr	r3, [sp, #36]	; 0x24
10003410:	001a      	movs	r2, r3
10003412:	ca08      	ldmia	r2!, {r3}
10003414:	4692      	mov	sl, r2
10003416:	2b00      	cmp	r3, #0
10003418:	d048      	beq.n	100034ac <_vsnprintf+0x4ac>
1000341a:	2221      	movs	r2, #33	; 0x21
1000341c:	4311      	orrs	r1, r2
1000341e:	468b      	mov	fp, r1
10003420:	a80e      	add	r0, sp, #56	; 0x38
10003422:	4684      	mov	ip, r0
10003424:	211f      	movs	r1, #31
10003426:	4461      	add	r1, ip
10003428:	9509      	str	r5, [sp, #36]	; 0x24
1000342a:	2200      	movs	r2, #0
1000342c:	270f      	movs	r7, #15
1000342e:	46a4      	mov	ip, r4
10003430:	000d      	movs	r5, r1
10003432:	e002      	b.n	1000343a <_vsnprintf+0x43a>
10003434:	2a20      	cmp	r2, #32
10003436:	d00c      	beq.n	10003452 <_vsnprintf+0x452>
10003438:	000b      	movs	r3, r1
1000343a:	003c      	movs	r4, r7
1000343c:	401c      	ands	r4, r3
1000343e:	0020      	movs	r0, r4
10003440:	3037      	adds	r0, #55	; 0x37
10003442:	2c09      	cmp	r4, #9
10003444:	d800      	bhi.n	10003448 <_vsnprintf+0x448>
10003446:	3807      	subs	r0, #7
10003448:	3201      	adds	r2, #1
1000344a:	54a8      	strb	r0, [r5, r2]
1000344c:	0919      	lsrs	r1, r3, #4
1000344e:	2b0f      	cmp	r3, #15
10003450:	d8f0      	bhi.n	10003434 <_vsnprintf+0x434>
10003452:	4664      	mov	r4, ip
10003454:	9d09      	ldr	r5, [sp, #36]	; 0x24
10003456:	e032      	b.n	100034be <_vsnprintf+0x4be>
10003458:	4bdc      	ldr	r3, [pc, #880]	; (100037cc <_vsnprintf+0x7cc>)
1000345a:	7820      	ldrb	r0, [r4, #0]
1000345c:	9308      	str	r3, [sp, #32]
1000345e:	2300      	movs	r3, #0
10003460:	469a      	mov	sl, r3
10003462:	2800      	cmp	r0, #0
10003464:	d000      	beq.n	10003468 <_vsnprintf+0x468>
10003466:	e5e4      	b.n	10003032 <_vsnprintf+0x32>
10003468:	2400      	movs	r4, #0
1000346a:	e665      	b.n	10003138 <_vsnprintf+0x138>
1000346c:	4643      	mov	r3, r8
1000346e:	0006      	movs	r6, r0
10003470:	9f0a      	ldr	r7, [sp, #40]	; 0x28
10003472:	0098      	lsls	r0, r3, #2
10003474:	18c0      	adds	r0, r0, r3
10003476:	3201      	adds	r2, #1
10003478:	0040      	lsls	r0, r0, #1
1000347a:	1980      	adds	r0, r0, r6
1000347c:	7816      	ldrb	r6, [r2, #0]
1000347e:	0003      	movs	r3, r0
10003480:	0030      	movs	r0, r6
10003482:	3830      	subs	r0, #48	; 0x30
10003484:	3b30      	subs	r3, #48	; 0x30
10003486:	2809      	cmp	r0, #9
10003488:	d9f3      	bls.n	10003472 <_vsnprintf+0x472>
1000348a:	0030      	movs	r0, r6
1000348c:	4698      	mov	r8, r3
1000348e:	0016      	movs	r6, r2
10003490:	970a      	str	r7, [sp, #40]	; 0x28
10003492:	e600      	b.n	10003096 <_vsnprintf+0x96>
10003494:	9b09      	ldr	r3, [sp, #36]	; 0x24
10003496:	3602      	adds	r6, #2
10003498:	cb04      	ldmia	r3!, {r2}
1000349a:	4690      	mov	r8, r2
1000349c:	43d2      	mvns	r2, r2
1000349e:	4640      	mov	r0, r8
100034a0:	17d2      	asrs	r2, r2, #31
100034a2:	4010      	ands	r0, r2
100034a4:	4680      	mov	r8, r0
100034a6:	9309      	str	r3, [sp, #36]	; 0x24
100034a8:	7830      	ldrb	r0, [r6, #0]
100034aa:	e5f4      	b.n	10003096 <_vsnprintf+0x96>
100034ac:	2210      	movs	r2, #16
100034ae:	0008      	movs	r0, r1
100034b0:	4390      	bics	r0, r2
100034b2:	3211      	adds	r2, #17
100034b4:	4310      	orrs	r0, r2
100034b6:	4683      	mov	fp, r0
100034b8:	2200      	movs	r2, #0
100034ba:	0549      	lsls	r1, r1, #21
100034bc:	d5b0      	bpl.n	10003420 <_vsnprintf+0x420>
100034be:	465b      	mov	r3, fp
100034c0:	9306      	str	r3, [sp, #24]
100034c2:	2308      	movs	r3, #8
100034c4:	9305      	str	r3, [sp, #20]
100034c6:	4643      	mov	r3, r8
100034c8:	9304      	str	r3, [sp, #16]
100034ca:	2310      	movs	r3, #16
100034cc:	9303      	str	r3, [sp, #12]
100034ce:	2300      	movs	r3, #0
100034d0:	9302      	str	r3, [sp, #8]
100034d2:	ab16      	add	r3, sp, #88	; 0x58
100034d4:	9201      	str	r2, [sp, #4]
100034d6:	9300      	str	r3, [sp, #0]
100034d8:	002a      	movs	r2, r5
100034da:	464b      	mov	r3, r9
100034dc:	0021      	movs	r1, r4
100034de:	9808      	ldr	r0, [sp, #32]
100034e0:	f7ff f8a6 	bl	10002630 <_ntoa_format>
100034e4:	4653      	mov	r3, sl
100034e6:	0005      	movs	r5, r0
100034e8:	3601      	adds	r6, #1
100034ea:	9309      	str	r3, [sp, #36]	; 0x24
100034ec:	e5ad      	b.n	1000304a <_vsnprintf+0x4a>
100034ee:	7813      	ldrb	r3, [r2, #0]
100034f0:	469c      	mov	ip, r3
100034f2:	2b00      	cmp	r3, #0
100034f4:	d100      	bne.n	100034f8 <_vsnprintf+0x4f8>
100034f6:	e2f7      	b.n	10003ae8 <_vsnprintf+0xae8>
100034f8:	2302      	movs	r3, #2
100034fa:	425b      	negs	r3, r3
100034fc:	e737      	b.n	1000336e <_vsnprintf+0x36e>
100034fe:	2320      	movs	r3, #32
10003500:	0002      	movs	r2, r0
10003502:	439a      	bics	r2, r3
10003504:	2a47      	cmp	r2, #71	; 0x47
10003506:	d104      	bne.n	10003512 <_vsnprintf+0x512>
10003508:	2380      	movs	r3, #128	; 0x80
1000350a:	011b      	lsls	r3, r3, #4
1000350c:	4319      	orrs	r1, r3
1000350e:	2302      	movs	r3, #2
10003510:	4398      	bics	r0, r3
10003512:	2845      	cmp	r0, #69	; 0x45
10003514:	d101      	bne.n	1000351a <_vsnprintf+0x51a>
10003516:	2320      	movs	r3, #32
10003518:	4319      	orrs	r1, r3
1000351a:	2207      	movs	r2, #7
1000351c:	9b09      	ldr	r3, [sp, #36]	; 0x24
1000351e:	9104      	str	r1, [sp, #16]
10003520:	3307      	adds	r3, #7
10003522:	4393      	bics	r3, r2
10003524:	9a0a      	ldr	r2, [sp, #40]	; 0x28
10003526:	0019      	movs	r1, r3
10003528:	9203      	str	r2, [sp, #12]
1000352a:	4642      	mov	r2, r8
1000352c:	9202      	str	r2, [sp, #8]
1000352e:	c90c      	ldmia	r1!, {r2, r3}
10003530:	9808      	ldr	r0, [sp, #32]
10003532:	9200      	str	r2, [sp, #0]
10003534:	9301      	str	r3, [sp, #4]
10003536:	9109      	str	r1, [sp, #36]	; 0x24
10003538:	002a      	movs	r2, r5
1000353a:	464b      	mov	r3, r9
1000353c:	0021      	movs	r1, r4
1000353e:	f7ff f96d 	bl	1000281c <_etoa>
10003542:	3601      	adds	r6, #1
10003544:	0005      	movs	r5, r0
10003546:	e580      	b.n	1000304a <_vsnprintf+0x4a>
10003548:	2310      	movs	r3, #16
1000354a:	930c      	str	r3, [sp, #48]	; 0x30
1000354c:	230c      	movs	r3, #12
1000354e:	000a      	movs	r2, r1
10003550:	439a      	bics	r2, r3
10003552:	920b      	str	r2, [sp, #44]	; 0x2c
10003554:	054b      	lsls	r3, r1, #21
10003556:	d503      	bpl.n	10003560 <_vsnprintf+0x560>
10003558:	2301      	movs	r3, #1
1000355a:	9a0b      	ldr	r2, [sp, #44]	; 0x2c
1000355c:	439a      	bics	r2, r3
1000355e:	920b      	str	r2, [sp, #44]	; 0x2c
10003560:	2869      	cmp	r0, #105	; 0x69
10003562:	d100      	bne.n	10003566 <_vsnprintf+0x566>
10003564:	e627      	b.n	100031b6 <_vsnprintf+0x1b6>
10003566:	2864      	cmp	r0, #100	; 0x64
10003568:	d100      	bne.n	1000356c <_vsnprintf+0x56c>
1000356a:	e624      	b.n	100031b6 <_vsnprintf+0x1b6>
1000356c:	9a0b      	ldr	r2, [sp, #44]	; 0x2c
1000356e:	2380      	movs	r3, #128	; 0x80
10003570:	0011      	movs	r1, r2
10003572:	009b      	lsls	r3, r3, #2
10003574:	4019      	ands	r1, r3
10003576:	468b      	mov	fp, r1
10003578:	421a      	tst	r2, r3
1000357a:	d000      	beq.n	1000357e <_vsnprintf+0x57e>
1000357c:	e166      	b.n	1000384c <_vsnprintf+0x84c>
1000357e:	2380      	movs	r3, #128	; 0x80
10003580:	0011      	movs	r1, r2
10003582:	005b      	lsls	r3, r3, #1
10003584:	4019      	ands	r1, r3
10003586:	468a      	mov	sl, r1
10003588:	421a      	tst	r2, r3
1000358a:	d000      	beq.n	1000358e <_vsnprintf+0x58e>
1000358c:	e239      	b.n	10003a02 <_vsnprintf+0xa02>
1000358e:	0013      	movs	r3, r2
10003590:	065b      	lsls	r3, r3, #25
10003592:	d500      	bpl.n	10003596 <_vsnprintf+0x596>
10003594:	e13c      	b.n	10003810 <_vsnprintf+0x810>
10003596:	0013      	movs	r3, r2
10003598:	061b      	lsls	r3, r3, #24
1000359a:	d400      	bmi.n	1000359e <_vsnprintf+0x59e>
1000359c:	e2a6      	b.n	10003aec <_vsnprintf+0xaec>
1000359e:	9b09      	ldr	r3, [sp, #36]	; 0x24
100035a0:	cb04      	ldmia	r3!, {r2}
100035a2:	0412      	lsls	r2, r2, #16
100035a4:	0c12      	lsrs	r2, r2, #16
100035a6:	4693      	mov	fp, r2
100035a8:	9309      	str	r3, [sp, #36]	; 0x24
100035aa:	465b      	mov	r3, fp
100035ac:	2b00      	cmp	r3, #0
100035ae:	d000      	beq.n	100035b2 <_vsnprintf+0x5b2>
100035b0:	e19a      	b.n	100038e8 <_vsnprintf+0x8e8>
100035b2:	9a0b      	ldr	r2, [sp, #44]	; 0x2c
100035b4:	3310      	adds	r3, #16
100035b6:	0011      	movs	r1, r2
100035b8:	4399      	bics	r1, r3
100035ba:	910b      	str	r1, [sp, #44]	; 0x2c
100035bc:	0552      	lsls	r2, r2, #21
100035be:	d400      	bmi.n	100035c2 <_vsnprintf+0x5c2>
100035c0:	e192      	b.n	100038e8 <_vsnprintf+0x8e8>
100035c2:	2300      	movs	r3, #0
100035c4:	469a      	mov	sl, r3
100035c6:	9b0b      	ldr	r3, [sp, #44]	; 0x2c
100035c8:	9306      	str	r3, [sp, #24]
100035ca:	9b0a      	ldr	r3, [sp, #40]	; 0x28
100035cc:	9305      	str	r3, [sp, #20]
100035ce:	4643      	mov	r3, r8
100035d0:	9304      	str	r3, [sp, #16]
100035d2:	9b0c      	ldr	r3, [sp, #48]	; 0x30
100035d4:	9303      	str	r3, [sp, #12]
100035d6:	2300      	movs	r3, #0
100035d8:	e10c      	b.n	100037f4 <_vsnprintf+0x7f4>
100035da:	2320      	movs	r3, #32
100035dc:	4319      	orrs	r1, r3
100035de:	e660      	b.n	100032a2 <_vsnprintf+0x2a2>
100035e0:	9b09      	ldr	r3, [sp, #36]	; 0x24
100035e2:	9a0a      	ldr	r2, [sp, #40]	; 0x28
100035e4:	1b5b      	subs	r3, r3, r5
100035e6:	4698      	mov	r8, r3
100035e8:	464b      	mov	r3, r9
100035ea:	4691      	mov	r9, r2
100035ec:	001f      	movs	r7, r3
100035ee:	46b2      	mov	sl, r6
100035f0:	0026      	movs	r6, r4
100035f2:	9c08      	ldr	r4, [sp, #32]
100035f4:	002a      	movs	r2, r5
100035f6:	003b      	movs	r3, r7
100035f8:	0031      	movs	r1, r6
100035fa:	47a0      	blx	r4
100035fc:	4643      	mov	r3, r8
100035fe:	3501      	adds	r5, #1
10003600:	5d58      	ldrb	r0, [r3, r5]
10003602:	2800      	cmp	r0, #0
10003604:	d1f6      	bne.n	100035f4 <_vsnprintf+0x5f4>
10003606:	464a      	mov	r2, r9
10003608:	0034      	movs	r4, r6
1000360a:	46b9      	mov	r9, r7
1000360c:	4656      	mov	r6, sl
1000360e:	920a      	str	r2, [sp, #40]	; 0x28
10003610:	e6f5      	b.n	100033fe <_vsnprintf+0x3fe>
10003612:	23c0      	movs	r3, #192	; 0xc0
10003614:	009b      	lsls	r3, r3, #2
10003616:	78b0      	ldrb	r0, [r6, #2]
10003618:	4319      	orrs	r1, r3
1000361a:	3602      	adds	r6, #2
1000361c:	e55d      	b.n	100030da <_vsnprintf+0xda>
1000361e:	23c0      	movs	r3, #192	; 0xc0
10003620:	78b0      	ldrb	r0, [r6, #2]
10003622:	4319      	orrs	r1, r3
10003624:	3602      	adds	r6, #2
10003626:	e558      	b.n	100030da <_vsnprintf+0xda>
10003628:	230c      	movs	r3, #12
1000362a:	000a      	movs	r2, r1
1000362c:	439a      	bics	r2, r3
1000362e:	3314      	adds	r3, #20
10003630:	431a      	orrs	r2, r3
10003632:	3b10      	subs	r3, #16
10003634:	920b      	str	r2, [sp, #44]	; 0x2c
10003636:	930c      	str	r3, [sp, #48]	; 0x30
10003638:	054b      	lsls	r3, r1, #21
1000363a:	d48d      	bmi.n	10003558 <_vsnprintf+0x558>
1000363c:	e796      	b.n	1000356c <_vsnprintf+0x56c>
1000363e:	46a1      	mov	r9, r4
10003640:	0034      	movs	r4, r6
10003642:	4656      	mov	r6, sl
10003644:	e6db      	b.n	100033fe <_vsnprintf+0x3fe>
10003646:	9a0a      	ldr	r2, [sp, #40]	; 0x28
10003648:	2a01      	cmp	r2, #1
1000364a:	d800      	bhi.n	1000364e <_vsnprintf+0x64e>
1000364c:	e253      	b.n	10003af6 <_vsnprintf+0xaf6>
1000364e:	1e6b      	subs	r3, r5, #1
10003650:	189f      	adds	r7, r3, r2
10003652:	9b08      	ldr	r3, [sp, #32]
10003654:	46b0      	mov	r8, r6
10003656:	0026      	movs	r6, r4
10003658:	464c      	mov	r4, r9
1000365a:	4699      	mov	r9, r3
1000365c:	002a      	movs	r2, r5
1000365e:	0023      	movs	r3, r4
10003660:	3501      	adds	r5, #1
10003662:	0031      	movs	r1, r6
10003664:	2020      	movs	r0, #32
10003666:	47c8      	blx	r9
10003668:	42bd      	cmp	r5, r7
1000366a:	d1f7      	bne.n	1000365c <_vsnprintf+0x65c>
1000366c:	46a1      	mov	r9, r4
1000366e:	0034      	movs	r4, r6
10003670:	4646      	mov	r6, r8
10003672:	9b09      	ldr	r3, [sp, #36]	; 0x24
10003674:	003a      	movs	r2, r7
10003676:	cb01      	ldmia	r3!, {r0}
10003678:	0021      	movs	r1, r4
1000367a:	4698      	mov	r8, r3
1000367c:	1c7d      	adds	r5, r7, #1
1000367e:	464b      	mov	r3, r9
10003680:	9f08      	ldr	r7, [sp, #32]
10003682:	b2c0      	uxtb	r0, r0
10003684:	47b8      	blx	r7
10003686:	4643      	mov	r3, r8
10003688:	3601      	adds	r6, #1
1000368a:	9309      	str	r3, [sp, #36]	; 0x24
1000368c:	e4dd      	b.n	1000304a <_vsnprintf+0x4a>
1000368e:	9b0b      	ldr	r3, [sp, #44]	; 0x2c
10003690:	9a0a      	ldr	r2, [sp, #40]	; 0x28
10003692:	46a8      	mov	r8, r5
10003694:	429a      	cmp	r2, r3
10003696:	d800      	bhi.n	1000369a <_vsnprintf+0x69a>
10003698:	e6b5      	b.n	10003406 <_vsnprintf+0x406>
1000369a:	4694      	mov	ip, r2
1000369c:	4465      	add	r5, ip
1000369e:	1aed      	subs	r5, r5, r3
100036a0:	9b08      	ldr	r3, [sp, #32]
100036a2:	4647      	mov	r7, r8
100036a4:	46b0      	mov	r8, r6
100036a6:	0026      	movs	r6, r4
100036a8:	464c      	mov	r4, r9
100036aa:	4699      	mov	r9, r3
100036ac:	003a      	movs	r2, r7
100036ae:	0023      	movs	r3, r4
100036b0:	3701      	adds	r7, #1
100036b2:	0031      	movs	r1, r6
100036b4:	2020      	movs	r0, #32
100036b6:	47c8      	blx	r9
100036b8:	42af      	cmp	r7, r5
100036ba:	d1f7      	bne.n	100036ac <_vsnprintf+0x6ac>
100036bc:	46a1      	mov	r9, r4
100036be:	0034      	movs	r4, r6
100036c0:	4646      	mov	r6, r8
100036c2:	e6a0      	b.n	10003406 <_vsnprintf+0x406>
100036c4:	9a0b      	ldr	r2, [sp, #44]	; 0x2c
100036c6:	990a      	ldr	r1, [sp, #40]	; 0x28
100036c8:	1c53      	adds	r3, r2, #1
100036ca:	4291      	cmp	r1, r2
100036cc:	d800      	bhi.n	100036d0 <_vsnprintf+0x6d0>
100036ce:	e214      	b.n	10003afa <_vsnprintf+0xafa>
100036d0:	194b      	adds	r3, r1, r5
100036d2:	1a9b      	subs	r3, r3, r2
100036d4:	001f      	movs	r7, r3
100036d6:	9b08      	ldr	r3, [sp, #32]
100036d8:	46b2      	mov	sl, r6
100036da:	0026      	movs	r6, r4
100036dc:	464c      	mov	r4, r9
100036de:	4699      	mov	r9, r3
100036e0:	002a      	movs	r2, r5
100036e2:	0023      	movs	r3, r4
100036e4:	3501      	adds	r5, #1
100036e6:	0031      	movs	r1, r6
100036e8:	2020      	movs	r0, #32
100036ea:	47c8      	blx	r9
100036ec:	42bd      	cmp	r5, r7
100036ee:	d1f7      	bne.n	100036e0 <_vsnprintf+0x6e0>
100036f0:	9b0a      	ldr	r3, [sp, #40]	; 0x28
100036f2:	46a1      	mov	r9, r4
100036f4:	3301      	adds	r3, #1
100036f6:	930b      	str	r3, [sp, #44]	; 0x2c
100036f8:	9b09      	ldr	r3, [sp, #36]	; 0x24
100036fa:	0034      	movs	r4, r6
100036fc:	781b      	ldrb	r3, [r3, #0]
100036fe:	4656      	mov	r6, sl
10003700:	469c      	mov	ip, r3
10003702:	4660      	mov	r0, ip
10003704:	2800      	cmp	r0, #0
10003706:	d000      	beq.n	1000370a <_vsnprintf+0x70a>
10003708:	e658      	b.n	100033bc <_vsnprintf+0x3bc>
1000370a:	e67c      	b.n	10003406 <_vsnprintf+0x406>
1000370c:	2207      	movs	r2, #7
1000370e:	9b09      	ldr	r3, [sp, #36]	; 0x24
10003710:	3307      	adds	r3, #7
10003712:	4393      	bics	r3, r2
10003714:	3201      	adds	r2, #1
10003716:	4694      	mov	ip, r2
10003718:	449c      	add	ip, r3
1000371a:	4662      	mov	r2, ip
1000371c:	685f      	ldr	r7, [r3, #4]
1000371e:	9209      	str	r2, [sp, #36]	; 0x24
10003720:	681a      	ldr	r2, [r3, #0]
10003722:	17fb      	asrs	r3, r7, #31
10003724:	9310      	str	r3, [sp, #64]	; 0x40
10003726:	9311      	str	r3, [sp, #68]	; 0x44
10003728:	9810      	ldr	r0, [sp, #64]	; 0x40
1000372a:	9911      	ldr	r1, [sp, #68]	; 0x44
1000372c:	0003      	movs	r3, r0
1000372e:	4053      	eors	r3, r2
10003730:	930e      	str	r3, [sp, #56]	; 0x38
10003732:	000b      	movs	r3, r1
10003734:	407b      	eors	r3, r7
10003736:	930f      	str	r3, [sp, #60]	; 0x3c
10003738:	4694      	mov	ip, r2
1000373a:	9a0e      	ldr	r2, [sp, #56]	; 0x38
1000373c:	9b0f      	ldr	r3, [sp, #60]	; 0x3c
1000373e:	1a12      	subs	r2, r2, r0
10003740:	418b      	sbcs	r3, r1
10003742:	920e      	str	r2, [sp, #56]	; 0x38
10003744:	930f      	str	r3, [sp, #60]	; 0x3c
10003746:	0ffb      	lsrs	r3, r7, #31
10003748:	4662      	mov	r2, ip
1000374a:	9312      	str	r3, [sp, #72]	; 0x48
1000374c:	2300      	movs	r3, #0
1000374e:	433a      	orrs	r2, r7
10003750:	469b      	mov	fp, r3
10003752:	d03d      	beq.n	100037d0 <_vsnprintf+0x7d0>
10003754:	9a0b      	ldr	r2, [sp, #44]	; 0x2c
10003756:	2361      	movs	r3, #97	; 0x61
10003758:	0692      	lsls	r2, r2, #26
1000375a:	d500      	bpl.n	1000375e <_vsnprintf+0x75e>
1000375c:	2341      	movs	r3, #65	; 0x41
1000375e:	2200      	movs	r2, #0
10003760:	b2db      	uxtb	r3, r3
10003762:	a90e      	add	r1, sp, #56	; 0x38
10003764:	3b0a      	subs	r3, #10
10003766:	468c      	mov	ip, r1
10003768:	4692      	mov	sl, r2
1000376a:	930d      	str	r3, [sp, #52]	; 0x34
1000376c:	4643      	mov	r3, r8
1000376e:	321f      	adds	r2, #31
10003770:	4462      	add	r2, ip
10003772:	9513      	str	r5, [sp, #76]	; 0x4c
10003774:	9615      	str	r6, [sp, #84]	; 0x54
10003776:	4655      	mov	r5, sl
10003778:	9e0e      	ldr	r6, [sp, #56]	; 0x38
1000377a:	9f0f      	ldr	r7, [sp, #60]	; 0x3c
1000377c:	46a2      	mov	sl, r4
1000377e:	4690      	mov	r8, r2
10003780:	9c0c      	ldr	r4, [sp, #48]	; 0x30
10003782:	9314      	str	r3, [sp, #80]	; 0x50
10003784:	e00c      	b.n	100037a0 <_vsnprintf+0x7a0>
10003786:	3230      	adds	r2, #48	; 0x30
10003788:	b2d2      	uxtb	r2, r2
1000378a:	4643      	mov	r3, r8
1000378c:	3501      	adds	r5, #1
1000378e:	555a      	strb	r2, [r3, r5]
10003790:	45bb      	cmp	fp, r7
10003792:	d100      	bne.n	10003796 <_vsnprintf+0x796>
10003794:	e18a      	b.n	10003aac <_vsnprintf+0xaac>
10003796:	2d20      	cmp	r5, #32
10003798:	d100      	bne.n	1000379c <_vsnprintf+0x79c>
1000379a:	e18a      	b.n	10003ab2 <_vsnprintf+0xab2>
1000379c:	0006      	movs	r6, r0
1000379e:	000f      	movs	r7, r1
100037a0:	0022      	movs	r2, r4
100037a2:	2300      	movs	r3, #0
100037a4:	0030      	movs	r0, r6
100037a6:	0039      	movs	r1, r7
100037a8:	f7fe f898 	bl	100018dc <__wrap___aeabi_uldivmod>
100037ac:	b2d2      	uxtb	r2, r2
100037ae:	2a09      	cmp	r2, #9
100037b0:	d9e9      	bls.n	10003786 <_vsnprintf+0x786>
100037b2:	9b0d      	ldr	r3, [sp, #52]	; 0x34
100037b4:	469c      	mov	ip, r3
100037b6:	4462      	add	r2, ip
100037b8:	b2d2      	uxtb	r2, r2
100037ba:	e7e6      	b.n	1000378a <_vsnprintf+0x78a>
100037bc:	23ff      	movs	r3, #255	; 0xff
100037be:	9909      	ldr	r1, [sp, #36]	; 0x24
100037c0:	c904      	ldmia	r1!, {r2}
100037c2:	4013      	ands	r3, r2
100037c4:	001a      	movs	r2, r3
100037c6:	9109      	str	r1, [sp, #36]	; 0x24
100037c8:	e517      	b.n	100031fa <_vsnprintf+0x1fa>
100037ca:	46c0      	nop			; (mov r8, r8)
100037cc:	10002591 	.word	0x10002591
100037d0:	9a0b      	ldr	r2, [sp, #44]	; 0x2c
100037d2:	3310      	adds	r3, #16
100037d4:	0011      	movs	r1, r2
100037d6:	4399      	bics	r1, r3
100037d8:	910b      	str	r1, [sp, #44]	; 0x2c
100037da:	0552      	lsls	r2, r2, #21
100037dc:	d5ba      	bpl.n	10003754 <_vsnprintf+0x754>
100037de:	2300      	movs	r3, #0
100037e0:	469a      	mov	sl, r3
100037e2:	9b0b      	ldr	r3, [sp, #44]	; 0x2c
100037e4:	9306      	str	r3, [sp, #24]
100037e6:	9b0a      	ldr	r3, [sp, #40]	; 0x28
100037e8:	9305      	str	r3, [sp, #20]
100037ea:	4643      	mov	r3, r8
100037ec:	9304      	str	r3, [sp, #16]
100037ee:	9b0c      	ldr	r3, [sp, #48]	; 0x30
100037f0:	9303      	str	r3, [sp, #12]
100037f2:	9b12      	ldr	r3, [sp, #72]	; 0x48
100037f4:	9302      	str	r3, [sp, #8]
100037f6:	4653      	mov	r3, sl
100037f8:	9301      	str	r3, [sp, #4]
100037fa:	ab16      	add	r3, sp, #88	; 0x58
100037fc:	002a      	movs	r2, r5
100037fe:	9300      	str	r3, [sp, #0]
10003800:	0021      	movs	r1, r4
10003802:	464b      	mov	r3, r9
10003804:	9808      	ldr	r0, [sp, #32]
10003806:	f7fe ff13 	bl	10002630 <_ntoa_format>
1000380a:	3601      	adds	r6, #1
1000380c:	0005      	movs	r5, r0
1000380e:	e41c      	b.n	1000304a <_vsnprintf+0x4a>
10003810:	22ff      	movs	r2, #255	; 0xff
10003812:	9b09      	ldr	r3, [sp, #36]	; 0x24
10003814:	cb02      	ldmia	r3!, {r1}
10003816:	4011      	ands	r1, r2
10003818:	468b      	mov	fp, r1
1000381a:	9309      	str	r3, [sp, #36]	; 0x24
1000381c:	e6c5      	b.n	100035aa <_vsnprintf+0x5aa>
1000381e:	4653      	mov	r3, sl
10003820:	4645      	mov	r5, r8
10003822:	9309      	str	r3, [sp, #36]	; 0x24
10003824:	3601      	adds	r6, #1
10003826:	f7ff fc10 	bl	1000304a <_vsnprintf+0x4a>
1000382a:	4656      	mov	r6, sl
1000382c:	465c      	mov	r4, fp
1000382e:	46aa      	mov	sl, r5
10003830:	9d13      	ldr	r5, [sp, #76]	; 0x4c
10003832:	e7d6      	b.n	100037e2 <_vsnprintf+0x7e2>
10003834:	2308      	movs	r3, #8
10003836:	930c      	str	r3, [sp, #48]	; 0x30
10003838:	910b      	str	r1, [sp, #44]	; 0x2c
1000383a:	990b      	ldr	r1, [sp, #44]	; 0x2c
1000383c:	2864      	cmp	r0, #100	; 0x64
1000383e:	d000      	beq.n	10003842 <_vsnprintf+0x842>
10003840:	e684      	b.n	1000354c <_vsnprintf+0x54c>
10003842:	9b0b      	ldr	r3, [sp, #44]	; 0x2c
10003844:	055b      	lsls	r3, r3, #21
10003846:	d500      	bpl.n	1000384a <_vsnprintf+0x84a>
10003848:	e686      	b.n	10003558 <_vsnprintf+0x558>
1000384a:	e4b4      	b.n	100031b6 <_vsnprintf+0x1b6>
1000384c:	2207      	movs	r2, #7
1000384e:	9b09      	ldr	r3, [sp, #36]	; 0x24
10003850:	3307      	adds	r3, #7
10003852:	4393      	bics	r3, r2
10003854:	3201      	adds	r2, #1
10003856:	4694      	mov	ip, r2
10003858:	449c      	add	ip, r3
1000385a:	4662      	mov	r2, ip
1000385c:	9209      	str	r2, [sp, #36]	; 0x24
1000385e:	681a      	ldr	r2, [r3, #0]
10003860:	685b      	ldr	r3, [r3, #4]
10003862:	0010      	movs	r0, r2
10003864:	469b      	mov	fp, r3
10003866:	0013      	movs	r3, r2
10003868:	465a      	mov	r2, fp
1000386a:	4313      	orrs	r3, r2
1000386c:	d107      	bne.n	1000387e <_vsnprintf+0x87e>
1000386e:	9a0b      	ldr	r2, [sp, #44]	; 0x2c
10003870:	3310      	adds	r3, #16
10003872:	0011      	movs	r1, r2
10003874:	4399      	bics	r1, r3
10003876:	910b      	str	r1, [sp, #44]	; 0x2c
10003878:	0552      	lsls	r2, r2, #21
1000387a:	d500      	bpl.n	1000387e <_vsnprintf+0x87e>
1000387c:	e6a1      	b.n	100035c2 <_vsnprintf+0x5c2>
1000387e:	9a0b      	ldr	r2, [sp, #44]	; 0x2c
10003880:	2361      	movs	r3, #97	; 0x61
10003882:	0692      	lsls	r2, r2, #26
10003884:	d500      	bpl.n	10003888 <_vsnprintf+0x888>
10003886:	2341      	movs	r3, #65	; 0x41
10003888:	2200      	movs	r2, #0
1000388a:	b2db      	uxtb	r3, r3
1000388c:	a90e      	add	r1, sp, #56	; 0x38
1000388e:	3b0a      	subs	r3, #10
10003890:	468c      	mov	ip, r1
10003892:	4692      	mov	sl, r2
10003894:	930d      	str	r3, [sp, #52]	; 0x34
10003896:	4643      	mov	r3, r8
10003898:	321f      	adds	r2, #31
1000389a:	4462      	add	r2, ip
1000389c:	465f      	mov	r7, fp
1000389e:	9512      	str	r5, [sp, #72]	; 0x48
100038a0:	46a3      	mov	fp, r4
100038a2:	4655      	mov	r5, sl
100038a4:	0004      	movs	r4, r0
100038a6:	46b2      	mov	sl, r6
100038a8:	4690      	mov	r8, r2
100038aa:	9e0c      	ldr	r6, [sp, #48]	; 0x30
100038ac:	9313      	str	r3, [sp, #76]	; 0x4c
100038ae:	e00d      	b.n	100038cc <_vsnprintf+0x8cc>
100038b0:	3230      	adds	r2, #48	; 0x30
100038b2:	b2d2      	uxtb	r2, r2
100038b4:	4643      	mov	r3, r8
100038b6:	3501      	adds	r5, #1
100038b8:	555a      	strb	r2, [r3, r5]
100038ba:	2300      	movs	r3, #0
100038bc:	42bb      	cmp	r3, r7
100038be:	d100      	bne.n	100038c2 <_vsnprintf+0x8c2>
100038c0:	e100      	b.n	10003ac4 <_vsnprintf+0xac4>
100038c2:	2d20      	cmp	r5, #32
100038c4:	d100      	bne.n	100038c8 <_vsnprintf+0x8c8>
100038c6:	e100      	b.n	10003aca <_vsnprintf+0xaca>
100038c8:	0004      	movs	r4, r0
100038ca:	000f      	movs	r7, r1
100038cc:	0032      	movs	r2, r6
100038ce:	2300      	movs	r3, #0
100038d0:	0020      	movs	r0, r4
100038d2:	0039      	movs	r1, r7
100038d4:	f7fe f802 	bl	100018dc <__wrap___aeabi_uldivmod>
100038d8:	b2d2      	uxtb	r2, r2
100038da:	2a09      	cmp	r2, #9
100038dc:	d9e8      	bls.n	100038b0 <_vsnprintf+0x8b0>
100038de:	9b0d      	ldr	r3, [sp, #52]	; 0x34
100038e0:	469c      	mov	ip, r3
100038e2:	4462      	add	r2, ip
100038e4:	b2d2      	uxtb	r2, r2
100038e6:	e7e5      	b.n	100038b4 <_vsnprintf+0x8b4>
100038e8:	9a0b      	ldr	r2, [sp, #44]	; 0x2c
100038ea:	2361      	movs	r3, #97	; 0x61
100038ec:	0692      	lsls	r2, r2, #26
100038ee:	d500      	bpl.n	100038f2 <_vsnprintf+0x8f2>
100038f0:	2341      	movs	r3, #65	; 0x41
100038f2:	b2db      	uxtb	r3, r3
100038f4:	a90e      	add	r1, sp, #56	; 0x38
100038f6:	3b0a      	subs	r3, #10
100038f8:	221f      	movs	r2, #31
100038fa:	468c      	mov	ip, r1
100038fc:	930d      	str	r3, [sp, #52]	; 0x34
100038fe:	0023      	movs	r3, r4
10003900:	4462      	add	r2, ip
10003902:	465c      	mov	r4, fp
10003904:	9512      	str	r5, [sp, #72]	; 0x48
10003906:	0017      	movs	r7, r2
10003908:	4655      	mov	r5, sl
1000390a:	469b      	mov	fp, r3
1000390c:	46b2      	mov	sl, r6
1000390e:	9e0c      	ldr	r6, [sp, #48]	; 0x30
10003910:	e008      	b.n	10003924 <_vsnprintf+0x924>
10003912:	3330      	adds	r3, #48	; 0x30
10003914:	b2db      	uxtb	r3, r3
10003916:	3501      	adds	r5, #1
10003918:	557b      	strb	r3, [r7, r5]
1000391a:	42b4      	cmp	r4, r6
1000391c:	d30e      	bcc.n	1000393c <_vsnprintf+0x93c>
1000391e:	2d20      	cmp	r5, #32
10003920:	d00c      	beq.n	1000393c <_vsnprintf+0x93c>
10003922:	0004      	movs	r4, r0
10003924:	0031      	movs	r1, r6
10003926:	0020      	movs	r0, r4
10003928:	f7fd ff9a 	bl	10001860 <__wrap___aeabi_uidiv>
1000392c:	b2cb      	uxtb	r3, r1
1000392e:	2909      	cmp	r1, #9
10003930:	d9ef      	bls.n	10003912 <_vsnprintf+0x912>
10003932:	9a0d      	ldr	r2, [sp, #52]	; 0x34
10003934:	4694      	mov	ip, r2
10003936:	4463      	add	r3, ip
10003938:	b2db      	uxtb	r3, r3
1000393a:	e7ec      	b.n	10003916 <_vsnprintf+0x916>
1000393c:	4656      	mov	r6, sl
1000393e:	465c      	mov	r4, fp
10003940:	46aa      	mov	sl, r5
10003942:	9d12      	ldr	r5, [sp, #72]	; 0x48
10003944:	e63f      	b.n	100035c6 <_vsnprintf+0x5c6>
10003946:	9b09      	ldr	r3, [sp, #36]	; 0x24
10003948:	001a      	movs	r2, r3
1000394a:	ca08      	ldmia	r2!, {r3}
1000394c:	17d9      	asrs	r1, r3, #31
1000394e:	9213      	str	r2, [sp, #76]	; 0x4c
10003950:	185a      	adds	r2, r3, r1
10003952:	404a      	eors	r2, r1
10003954:	4692      	mov	sl, r2
10003956:	0fda      	lsrs	r2, r3, #31
10003958:	9212      	str	r2, [sp, #72]	; 0x48
1000395a:	2b00      	cmp	r3, #0
1000395c:	d108      	bne.n	10003970 <_vsnprintf+0x970>
1000395e:	2380      	movs	r3, #128	; 0x80
10003960:	2210      	movs	r2, #16
10003962:	990b      	ldr	r1, [sp, #44]	; 0x2c
10003964:	00db      	lsls	r3, r3, #3
10003966:	400b      	ands	r3, r1
10003968:	4391      	bics	r1, r2
1000396a:	910b      	str	r1, [sp, #44]	; 0x2c
1000396c:	2b00      	cmp	r3, #0
1000396e:	d12b      	bne.n	100039c8 <_vsnprintf+0x9c8>
10003970:	9a0b      	ldr	r2, [sp, #44]	; 0x2c
10003972:	2361      	movs	r3, #97	; 0x61
10003974:	0692      	lsls	r2, r2, #26
10003976:	d500      	bpl.n	1000397a <_vsnprintf+0x97a>
10003978:	2341      	movs	r3, #65	; 0x41
1000397a:	aa0e      	add	r2, sp, #56	; 0x38
1000397c:	271f      	movs	r7, #31
1000397e:	4694      	mov	ip, r2
10003980:	b2db      	uxtb	r3, r3
10003982:	3b0a      	subs	r3, #10
10003984:	950d      	str	r5, [sp, #52]	; 0x34
10003986:	4467      	add	r7, ip
10003988:	465d      	mov	r5, fp
1000398a:	9309      	str	r3, [sp, #36]	; 0x24
1000398c:	46a3      	mov	fp, r4
1000398e:	4654      	mov	r4, sl
10003990:	46b2      	mov	sl, r6
10003992:	9e0c      	ldr	r6, [sp, #48]	; 0x30
10003994:	e008      	b.n	100039a8 <_vsnprintf+0x9a8>
10003996:	3330      	adds	r3, #48	; 0x30
10003998:	b2db      	uxtb	r3, r3
1000399a:	3501      	adds	r5, #1
1000399c:	557b      	strb	r3, [r7, r5]
1000399e:	42b4      	cmp	r4, r6
100039a0:	d30e      	bcc.n	100039c0 <_vsnprintf+0x9c0>
100039a2:	2d20      	cmp	r5, #32
100039a4:	d00c      	beq.n	100039c0 <_vsnprintf+0x9c0>
100039a6:	0004      	movs	r4, r0
100039a8:	0031      	movs	r1, r6
100039aa:	0020      	movs	r0, r4
100039ac:	f7fd ff58 	bl	10001860 <__wrap___aeabi_uidiv>
100039b0:	b2cb      	uxtb	r3, r1
100039b2:	2909      	cmp	r1, #9
100039b4:	d9ef      	bls.n	10003996 <_vsnprintf+0x996>
100039b6:	9a09      	ldr	r2, [sp, #36]	; 0x24
100039b8:	4694      	mov	ip, r2
100039ba:	4463      	add	r3, ip
100039bc:	b2db      	uxtb	r3, r3
100039be:	e7ec      	b.n	1000399a <_vsnprintf+0x99a>
100039c0:	4656      	mov	r6, sl
100039c2:	465c      	mov	r4, fp
100039c4:	46ab      	mov	fp, r5
100039c6:	9d0d      	ldr	r5, [sp, #52]	; 0x34
100039c8:	9b0b      	ldr	r3, [sp, #44]	; 0x2c
100039ca:	002a      	movs	r2, r5
100039cc:	9306      	str	r3, [sp, #24]
100039ce:	9b0a      	ldr	r3, [sp, #40]	; 0x28
100039d0:	0021      	movs	r1, r4
100039d2:	9305      	str	r3, [sp, #20]
100039d4:	4643      	mov	r3, r8
100039d6:	9304      	str	r3, [sp, #16]
100039d8:	9b0c      	ldr	r3, [sp, #48]	; 0x30
100039da:	9808      	ldr	r0, [sp, #32]
100039dc:	9303      	str	r3, [sp, #12]
100039de:	9b12      	ldr	r3, [sp, #72]	; 0x48
100039e0:	3601      	adds	r6, #1
100039e2:	9302      	str	r3, [sp, #8]
100039e4:	465b      	mov	r3, fp
100039e6:	9301      	str	r3, [sp, #4]
100039e8:	ab16      	add	r3, sp, #88	; 0x58
100039ea:	9300      	str	r3, [sp, #0]
100039ec:	464b      	mov	r3, r9
100039ee:	f7fe fe1f 	bl	10002630 <_ntoa_format>
100039f2:	9b13      	ldr	r3, [sp, #76]	; 0x4c
100039f4:	0005      	movs	r5, r0
100039f6:	9309      	str	r3, [sp, #36]	; 0x24
100039f8:	f7ff fb27 	bl	1000304a <_vsnprintf+0x4a>
100039fc:	2302      	movs	r3, #2
100039fe:	930c      	str	r3, [sp, #48]	; 0x30
10003a00:	e71a      	b.n	10003838 <_vsnprintf+0x838>
10003a02:	9b09      	ldr	r3, [sp, #36]	; 0x24
10003a04:	cb04      	ldmia	r3!, {r2}
10003a06:	4692      	mov	sl, r2
10003a08:	9312      	str	r3, [sp, #72]	; 0x48
10003a0a:	2a00      	cmp	r2, #0
10003a0c:	d108      	bne.n	10003a20 <_vsnprintf+0xa20>
10003a0e:	2380      	movs	r3, #128	; 0x80
10003a10:	2210      	movs	r2, #16
10003a12:	990b      	ldr	r1, [sp, #44]	; 0x2c
10003a14:	00db      	lsls	r3, r3, #3
10003a16:	400b      	ands	r3, r1
10003a18:	4391      	bics	r1, r2
10003a1a:	910b      	str	r1, [sp, #44]	; 0x2c
10003a1c:	2b00      	cmp	r3, #0
10003a1e:	d12b      	bne.n	10003a78 <_vsnprintf+0xa78>
10003a20:	9a0b      	ldr	r2, [sp, #44]	; 0x2c
10003a22:	2361      	movs	r3, #97	; 0x61
10003a24:	0692      	lsls	r2, r2, #26
10003a26:	d500      	bpl.n	10003a2a <_vsnprintf+0xa2a>
10003a28:	2341      	movs	r3, #65	; 0x41
10003a2a:	aa0e      	add	r2, sp, #56	; 0x38
10003a2c:	271f      	movs	r7, #31
10003a2e:	4694      	mov	ip, r2
10003a30:	b2db      	uxtb	r3, r3
10003a32:	3b0a      	subs	r3, #10
10003a34:	950d      	str	r5, [sp, #52]	; 0x34
10003a36:	4467      	add	r7, ip
10003a38:	465d      	mov	r5, fp
10003a3a:	9309      	str	r3, [sp, #36]	; 0x24
10003a3c:	46a3      	mov	fp, r4
10003a3e:	4654      	mov	r4, sl
10003a40:	46b2      	mov	sl, r6
10003a42:	9e0c      	ldr	r6, [sp, #48]	; 0x30
10003a44:	e008      	b.n	10003a58 <_vsnprintf+0xa58>
10003a46:	3330      	adds	r3, #48	; 0x30
10003a48:	b2db      	uxtb	r3, r3
10003a4a:	3501      	adds	r5, #1
10003a4c:	557b      	strb	r3, [r7, r5]
10003a4e:	42b4      	cmp	r4, r6
10003a50:	d30e      	bcc.n	10003a70 <_vsnprintf+0xa70>
10003a52:	2d20      	cmp	r5, #32
10003a54:	d00c      	beq.n	10003a70 <_vsnprintf+0xa70>
10003a56:	0004      	movs	r4, r0
10003a58:	0031      	movs	r1, r6
10003a5a:	0020      	movs	r0, r4
10003a5c:	f7fd ff00 	bl	10001860 <__wrap___aeabi_uidiv>
10003a60:	b2cb      	uxtb	r3, r1
10003a62:	2909      	cmp	r1, #9
10003a64:	d9ef      	bls.n	10003a46 <_vsnprintf+0xa46>
10003a66:	9a09      	ldr	r2, [sp, #36]	; 0x24
10003a68:	4694      	mov	ip, r2
10003a6a:	4463      	add	r3, ip
10003a6c:	b2db      	uxtb	r3, r3
10003a6e:	e7ec      	b.n	10003a4a <_vsnprintf+0xa4a>
10003a70:	4656      	mov	r6, sl
10003a72:	465c      	mov	r4, fp
10003a74:	46ab      	mov	fp, r5
10003a76:	9d0d      	ldr	r5, [sp, #52]	; 0x34
10003a78:	9b0b      	ldr	r3, [sp, #44]	; 0x2c
10003a7a:	002a      	movs	r2, r5
10003a7c:	9306      	str	r3, [sp, #24]
10003a7e:	9b0a      	ldr	r3, [sp, #40]	; 0x28
10003a80:	0021      	movs	r1, r4
10003a82:	9305      	str	r3, [sp, #20]
10003a84:	4643      	mov	r3, r8
10003a86:	9304      	str	r3, [sp, #16]
10003a88:	9b0c      	ldr	r3, [sp, #48]	; 0x30
10003a8a:	9808      	ldr	r0, [sp, #32]
10003a8c:	9303      	str	r3, [sp, #12]
10003a8e:	2300      	movs	r3, #0
10003a90:	9302      	str	r3, [sp, #8]
10003a92:	465b      	mov	r3, fp
10003a94:	9301      	str	r3, [sp, #4]
10003a96:	ab16      	add	r3, sp, #88	; 0x58
10003a98:	9300      	str	r3, [sp, #0]
10003a9a:	464b      	mov	r3, r9
10003a9c:	f7fe fdc8 	bl	10002630 <_ntoa_format>
10003aa0:	9b12      	ldr	r3, [sp, #72]	; 0x48
10003aa2:	0005      	movs	r5, r0
10003aa4:	9309      	str	r3, [sp, #36]	; 0x24
10003aa6:	3601      	adds	r6, #1
10003aa8:	f7ff facf 	bl	1000304a <_vsnprintf+0x4a>
10003aac:	42b4      	cmp	r4, r6
10003aae:	d800      	bhi.n	10003ab2 <_vsnprintf+0xab2>
10003ab0:	e671      	b.n	10003796 <_vsnprintf+0x796>
10003ab2:	9b14      	ldr	r3, [sp, #80]	; 0x50
10003ab4:	4654      	mov	r4, sl
10003ab6:	960e      	str	r6, [sp, #56]	; 0x38
10003ab8:	970f      	str	r7, [sp, #60]	; 0x3c
10003aba:	46aa      	mov	sl, r5
10003abc:	4698      	mov	r8, r3
10003abe:	9e15      	ldr	r6, [sp, #84]	; 0x54
10003ac0:	9d13      	ldr	r5, [sp, #76]	; 0x4c
10003ac2:	e68e      	b.n	100037e2 <_vsnprintf+0x7e2>
10003ac4:	42a6      	cmp	r6, r4
10003ac6:	d800      	bhi.n	10003aca <_vsnprintf+0xaca>
10003ac8:	e6fb      	b.n	100038c2 <_vsnprintf+0x8c2>
10003aca:	9b13      	ldr	r3, [sp, #76]	; 0x4c
10003acc:	4656      	mov	r6, sl
10003ace:	4698      	mov	r8, r3
10003ad0:	46aa      	mov	sl, r5
10003ad2:	465c      	mov	r4, fp
10003ad4:	9d12      	ldr	r5, [sp, #72]	; 0x48
10003ad6:	e576      	b.n	100035c6 <_vsnprintf+0x5c6>
10003ad8:	c908      	ldmia	r1!, {r3}
10003ada:	17d8      	asrs	r0, r3, #31
10003adc:	181a      	adds	r2, r3, r0
10003ade:	4042      	eors	r2, r0
10003ae0:	9109      	str	r1, [sp, #36]	; 0x24
10003ae2:	f7ff fb8a 	bl	100031fa <_vsnprintf+0x1fa>
10003ae6:	2300      	movs	r3, #0
10003ae8:	930b      	str	r3, [sp, #44]	; 0x2c
10003aea:	e450      	b.n	1000338e <_vsnprintf+0x38e>
10003aec:	9b09      	ldr	r3, [sp, #36]	; 0x24
10003aee:	cb04      	ldmia	r3!, {r2}
10003af0:	4693      	mov	fp, r2
10003af2:	9309      	str	r3, [sp, #36]	; 0x24
10003af4:	e559      	b.n	100035aa <_vsnprintf+0x5aa>
10003af6:	002f      	movs	r7, r5
10003af8:	e5bb      	b.n	10003672 <_vsnprintf+0x672>
10003afa:	930b      	str	r3, [sp, #44]	; 0x2c
10003afc:	e601      	b.n	10003702 <_vsnprintf+0x702>
10003afe:	3b06      	subs	r3, #6
10003b00:	930c      	str	r3, [sp, #48]	; 0x30
10003b02:	e69a      	b.n	1000383a <_vsnprintf+0x83a>

10003b04 <vfctprintf>:
10003b04:	b500      	push	{lr}
10003b06:	b085      	sub	sp, #20
10003b08:	9103      	str	r1, [sp, #12]
10003b0a:	2101      	movs	r1, #1
10003b0c:	9002      	str	r0, [sp, #8]
10003b0e:	9300      	str	r3, [sp, #0]
10003b10:	4803      	ldr	r0, [pc, #12]	; (10003b20 <vfctprintf+0x1c>)
10003b12:	0013      	movs	r3, r2
10003b14:	424a      	negs	r2, r1
10003b16:	a902      	add	r1, sp, #8
10003b18:	f7ff fa72 	bl	10003000 <_vsnprintf>
10003b1c:	b005      	add	sp, #20
10003b1e:	bd00      	pop	{pc}
10003b20:	1000280d 	.word	0x1000280d

10003b24 <weak_raw_vprintf>:
10003b24:	b510      	push	{r4, lr}
10003b26:	4a09      	ldr	r2, [pc, #36]	; (10003b4c <weak_raw_vprintf+0x28>)
10003b28:	0003      	movs	r3, r0
10003b2a:	6814      	ldr	r4, [r2, #0]
10003b2c:	b084      	sub	sp, #16
10003b2e:	2c00      	cmp	r4, #0
10003b30:	d008      	beq.n	10003b44 <weak_raw_vprintf+0x20>
10003b32:	2201      	movs	r2, #1
10003b34:	9100      	str	r1, [sp, #0]
10003b36:	4806      	ldr	r0, [pc, #24]	; (10003b50 <weak_raw_vprintf+0x2c>)
10003b38:	4252      	negs	r2, r2
10003b3a:	a903      	add	r1, sp, #12
10003b3c:	47a0      	blx	r4
10003b3e:	2001      	movs	r0, #1
10003b40:	b004      	add	sp, #16
10003b42:	bd10      	pop	{r4, pc}
10003b44:	f000 f99a 	bl	10003e7c <__wrap_puts>
10003b48:	2000      	movs	r0, #0
10003b4a:	e7f9      	b.n	10003b40 <weak_raw_vprintf+0x1c>
10003b4c:	20001c70 	.word	0x20001c70
10003b50:	100027fd 	.word	0x100027fd

10003b54 <_exit>:
10003b54:	be00      	bkpt	0x0000
10003b56:	e7fd      	b.n	10003b54 <_exit>

10003b58 <_fini>:
10003b58:	4770      	bx	lr
10003b5a:	46c0      	nop			; (mov r8, r8)

10003b5c <exit>:
10003b5c:	b510      	push	{r4, lr}
10003b5e:	f7ff fff9 	bl	10003b54 <_exit>
10003b62:	46c0      	nop			; (mov r8, r8)

10003b64 <runtime_init>:
10003b64:	b570      	push	{r4, r5, r6, lr}
10003b66:	f7fd fd2f 	bl	100015c8 <runtime_run_initializers>
10003b6a:	4d07      	ldr	r5, [pc, #28]	; (10003b88 <runtime_init+0x24>)
10003b6c:	4e07      	ldr	r6, [pc, #28]	; (10003b8c <runtime_init+0x28>)
10003b6e:	42b5      	cmp	r5, r6
10003b70:	d209      	bcs.n	10003b86 <runtime_init+0x22>
10003b72:	2400      	movs	r4, #0
10003b74:	3e01      	subs	r6, #1
10003b76:	1b76      	subs	r6, r6, r5
10003b78:	08b6      	lsrs	r6, r6, #2
10003b7a:	cd08      	ldmia	r5!, {r3}
10003b7c:	4798      	blx	r3
10003b7e:	0023      	movs	r3, r4
10003b80:	3401      	adds	r4, #1
10003b82:	42b3      	cmp	r3, r6
10003b84:	d1f9      	bne.n	10003b7a <runtime_init+0x16>
10003b86:	bd70      	pop	{r4, r5, r6, pc}
10003b88:	1000640c 	.word	0x1000640c
10003b8c:	10006410 	.word	0x10006410

10003b90 <stdio_out_chars_no_crlf>:
10003b90:	0003      	movs	r3, r0
10003b92:	b510      	push	{r4, lr}
10003b94:	0008      	movs	r0, r1
10003b96:	0011      	movs	r1, r2
10003b98:	681b      	ldr	r3, [r3, #0]
10003b9a:	4798      	blx	r3
10003b9c:	bd10      	pop	{r4, pc}
10003b9e:	46c0      	nop			; (mov r8, r8)

10003ba0 <stdio_out_chars_crlf>:
10003ba0:	b5f0      	push	{r4, r5, r6, r7, lr}
10003ba2:	4646      	mov	r6, r8
10003ba4:	464f      	mov	r7, r9
10003ba6:	46d6      	mov	lr, sl
10003ba8:	b5c0      	push	{r6, r7, lr}
10003baa:	7d43      	ldrb	r3, [r0, #21]
10003bac:	4680      	mov	r8, r0
10003bae:	000e      	movs	r6, r1
10003bb0:	0017      	movs	r7, r2
10003bb2:	2b00      	cmp	r3, #0
10003bb4:	d046      	beq.n	10003c44 <stdio_out_chars_crlf+0xa4>
10003bb6:	2a00      	cmp	r2, #0
10003bb8:	dd3f      	ble.n	10003c3a <stdio_out_chars_crlf+0x9a>
10003bba:	1e4b      	subs	r3, r1, #1
10003bbc:	4699      	mov	r9, r3
10003bbe:	4b24      	ldr	r3, [pc, #144]	; (10003c50 <stdio_out_chars_crlf+0xb0>)
10003bc0:	2501      	movs	r5, #1
10003bc2:	2400      	movs	r4, #0
10003bc4:	2000      	movs	r0, #0
10003bc6:	469a      	mov	sl, r3
10003bc8:	e00d      	b.n	10003be6 <stdio_out_chars_crlf+0x46>
10003bca:	464b      	mov	r3, r9
10003bcc:	5d1b      	ldrb	r3, [r3, r4]
10003bce:	3b0d      	subs	r3, #13
10003bd0:	425a      	negs	r2, r3
10003bd2:	4153      	adcs	r3, r2
10003bd4:	5d32      	ldrb	r2, [r6, r4]
10003bd6:	b2db      	uxtb	r3, r3
10003bd8:	2a0a      	cmp	r2, #10
10003bda:	d00b      	beq.n	10003bf4 <stdio_out_chars_crlf+0x54>
10003bdc:	002b      	movs	r3, r5
10003bde:	3401      	adds	r4, #1
10003be0:	3501      	adds	r5, #1
10003be2:	429f      	cmp	r7, r3
10003be4:	dd1a      	ble.n	10003c1c <stdio_out_chars_crlf+0x7c>
10003be6:	2c00      	cmp	r4, #0
10003be8:	d1ef      	bne.n	10003bca <stdio_out_chars_crlf+0x2a>
10003bea:	4643      	mov	r3, r8
10003bec:	5d32      	ldrb	r2, [r6, r4]
10003bee:	7d1b      	ldrb	r3, [r3, #20]
10003bf0:	2a0a      	cmp	r2, #10
10003bf2:	d1f3      	bne.n	10003bdc <stdio_out_chars_crlf+0x3c>
10003bf4:	2b00      	cmp	r3, #0
10003bf6:	d1f1      	bne.n	10003bdc <stdio_out_chars_crlf+0x3c>
10003bf8:	42a0      	cmp	r0, r4
10003bfa:	da04      	bge.n	10003c06 <stdio_out_chars_crlf+0x66>
10003bfc:	4643      	mov	r3, r8
10003bfe:	1a21      	subs	r1, r4, r0
10003c00:	681b      	ldr	r3, [r3, #0]
10003c02:	1830      	adds	r0, r6, r0
10003c04:	4798      	blx	r3
10003c06:	4643      	mov	r3, r8
10003c08:	4650      	mov	r0, sl
10003c0a:	681b      	ldr	r3, [r3, #0]
10003c0c:	2102      	movs	r1, #2
10003c0e:	4798      	blx	r3
10003c10:	3401      	adds	r4, #1
10003c12:	0028      	movs	r0, r5
10003c14:	002b      	movs	r3, r5
10003c16:	3501      	adds	r5, #1
10003c18:	429f      	cmp	r7, r3
10003c1a:	dce4      	bgt.n	10003be6 <stdio_out_chars_crlf+0x46>
10003c1c:	4287      	cmp	r7, r0
10003c1e:	dd04      	ble.n	10003c2a <stdio_out_chars_crlf+0x8a>
10003c20:	4643      	mov	r3, r8
10003c22:	1a39      	subs	r1, r7, r0
10003c24:	681b      	ldr	r3, [r3, #0]
10003c26:	1830      	adds	r0, r6, r0
10003c28:	4798      	blx	r3
10003c2a:	19f6      	adds	r6, r6, r7
10003c2c:	3e01      	subs	r6, #1
10003c2e:	7833      	ldrb	r3, [r6, #0]
10003c30:	3b0d      	subs	r3, #13
10003c32:	425a      	negs	r2, r3
10003c34:	4153      	adcs	r3, r2
10003c36:	4642      	mov	r2, r8
10003c38:	7513      	strb	r3, [r2, #20]
10003c3a:	bce0      	pop	{r5, r6, r7}
10003c3c:	46ba      	mov	sl, r7
10003c3e:	46b1      	mov	r9, r6
10003c40:	46a8      	mov	r8, r5
10003c42:	bdf0      	pop	{r4, r5, r6, r7, pc}
10003c44:	6803      	ldr	r3, [r0, #0]
10003c46:	0011      	movs	r1, r2
10003c48:	0030      	movs	r0, r6
10003c4a:	4798      	blx	r3
10003c4c:	e7f5      	b.n	10003c3a <stdio_out_chars_crlf+0x9a>
10003c4e:	46c0      	nop			; (mov r8, r8)
10003c50:	10006788 	.word	0x10006788

10003c54 <stdio_buffered_printer>:
10003c54:	b5f8      	push	{r3, r4, r5, r6, r7, lr}
10003c56:	680b      	ldr	r3, [r1, #0]
10003c58:	000d      	movs	r5, r1
10003c5a:	1c5a      	adds	r2, r3, #1
10003c5c:	18cb      	adds	r3, r1, r3
10003c5e:	600a      	str	r2, [r1, #0]
10003c60:	7118      	strb	r0, [r3, #4]
10003c62:	2a80      	cmp	r2, #128	; 0x80
10003c64:	d000      	beq.n	10003c68 <stdio_buffered_printer+0x14>
10003c66:	bdf8      	pop	{r3, r4, r5, r6, r7, pc}
10003c68:	4b0e      	ldr	r3, [pc, #56]	; (10003ca4 <stdio_buffered_printer+0x50>)
10003c6a:	681c      	ldr	r4, [r3, #0]
10003c6c:	2c00      	cmp	r4, #0
10003c6e:	d015      	beq.n	10003c9c <stdio_buffered_printer+0x48>
10003c70:	4e0d      	ldr	r6, [pc, #52]	; (10003ca8 <stdio_buffered_printer+0x54>)
10003c72:	1d0f      	adds	r7, r1, #4
10003c74:	e002      	b.n	10003c7c <stdio_buffered_printer+0x28>
10003c76:	6924      	ldr	r4, [r4, #16]
10003c78:	2c00      	cmp	r4, #0
10003c7a:	d00f      	beq.n	10003c9c <stdio_buffered_printer+0x48>
10003c7c:	6823      	ldr	r3, [r4, #0]
10003c7e:	2b00      	cmp	r3, #0
10003c80:	d0f9      	beq.n	10003c76 <stdio_buffered_printer+0x22>
10003c82:	6833      	ldr	r3, [r6, #0]
10003c84:	2b00      	cmp	r3, #0
10003c86:	d001      	beq.n	10003c8c <stdio_buffered_printer+0x38>
10003c88:	42a3      	cmp	r3, r4
10003c8a:	d1f4      	bne.n	10003c76 <stdio_buffered_printer+0x22>
10003c8c:	0020      	movs	r0, r4
10003c8e:	0039      	movs	r1, r7
10003c90:	682a      	ldr	r2, [r5, #0]
10003c92:	f7ff ff85 	bl	10003ba0 <stdio_out_chars_crlf>
10003c96:	6924      	ldr	r4, [r4, #16]
10003c98:	2c00      	cmp	r4, #0
10003c9a:	d1ef      	bne.n	10003c7c <stdio_buffered_printer+0x28>
10003c9c:	2300      	movs	r3, #0
10003c9e:	602b      	str	r3, [r5, #0]
10003ca0:	e7e1      	b.n	10003c66 <stdio_buffered_printer+0x12>
10003ca2:	46c0      	nop			; (mov r8, r8)
10003ca4:	20001864 	.word	0x20001864
10003ca8:	2000186c 	.word	0x2000186c

10003cac <stdio_put_string>:
10003cac:	b5f0      	push	{r4, r5, r6, r7, lr}
10003cae:	46de      	mov	lr, fp
10003cb0:	4657      	mov	r7, sl
10003cb2:	464e      	mov	r6, r9
10003cb4:	4645      	mov	r5, r8
10003cb6:	b5e0      	push	{r5, r6, r7, lr}
10003cb8:	b085      	sub	sp, #20
10003cba:	0017      	movs	r7, r2
10003cbc:	001c      	movs	r4, r3
10003cbe:	0006      	movs	r6, r0
10003cc0:	000d      	movs	r5, r1
10003cc2:	f7fd fa6d 	bl	100011a0 <time_us_64>
10003cc6:	2300      	movs	r3, #0
10003cc8:	4a31      	ldr	r2, [pc, #196]	; (10003d90 <stdio_put_string+0xe4>)
10003cca:	1812      	adds	r2, r2, r0
10003ccc:	414b      	adcs	r3, r1
10003cce:	2b00      	cmp	r3, #0
10003cd0:	db59      	blt.n	10003d86 <stdio_put_string+0xda>
10003cd2:	4930      	ldr	r1, [pc, #192]	; (10003d94 <stdio_put_string+0xe8>)
10003cd4:	0008      	movs	r0, r1
10003cd6:	468a      	mov	sl, r1
10003cd8:	f002 fb52 	bl	10006380 <__mutex_try_enter_block_until_veneer>
10003cdc:	9001      	str	r0, [sp, #4]
10003cde:	1c6b      	adds	r3, r5, #1
10003ce0:	d103      	bne.n	10003cea <stdio_put_string+0x3e>
10003ce2:	0030      	movs	r0, r6
10003ce4:	f002 fade 	bl	100062a4 <strlen>
10003ce8:	0005      	movs	r5, r0
10003cea:	2c00      	cmp	r4, #0
10003cec:	d126      	bne.n	10003d3c <stdio_put_string+0x90>
10003cee:	4b2a      	ldr	r3, [pc, #168]	; (10003d98 <stdio_put_string+0xec>)
10003cf0:	4698      	mov	r8, r3
10003cf2:	4b2a      	ldr	r3, [pc, #168]	; (10003d9c <stdio_put_string+0xf0>)
10003cf4:	681c      	ldr	r4, [r3, #0]
10003cf6:	2c00      	cmp	r4, #0
10003cf8:	d015      	beq.n	10003d26 <stdio_put_string+0x7a>
10003cfa:	2f00      	cmp	r7, #0
10003cfc:	d121      	bne.n	10003d42 <stdio_put_string+0x96>
10003cfe:	4f28      	ldr	r7, [pc, #160]	; (10003da0 <stdio_put_string+0xf4>)
10003d00:	e002      	b.n	10003d08 <stdio_put_string+0x5c>
10003d02:	6924      	ldr	r4, [r4, #16]
10003d04:	2c00      	cmp	r4, #0
10003d06:	d00e      	beq.n	10003d26 <stdio_put_string+0x7a>
10003d08:	6823      	ldr	r3, [r4, #0]
10003d0a:	2b00      	cmp	r3, #0
10003d0c:	d0f9      	beq.n	10003d02 <stdio_put_string+0x56>
10003d0e:	683b      	ldr	r3, [r7, #0]
10003d10:	2b00      	cmp	r3, #0
10003d12:	d001      	beq.n	10003d18 <stdio_put_string+0x6c>
10003d14:	42a3      	cmp	r3, r4
10003d16:	d1f4      	bne.n	10003d02 <stdio_put_string+0x56>
10003d18:	0020      	movs	r0, r4
10003d1a:	002a      	movs	r2, r5
10003d1c:	0031      	movs	r1, r6
10003d1e:	47c0      	blx	r8
10003d20:	6924      	ldr	r4, [r4, #16]
10003d22:	2c00      	cmp	r4, #0
10003d24:	d1f0      	bne.n	10003d08 <stdio_put_string+0x5c>
10003d26:	9b01      	ldr	r3, [sp, #4]
10003d28:	2b00      	cmp	r3, #0
10003d2a:	d128      	bne.n	10003d7e <stdio_put_string+0xd2>
10003d2c:	0028      	movs	r0, r5
10003d2e:	b005      	add	sp, #20
10003d30:	bcf0      	pop	{r4, r5, r6, r7}
10003d32:	46bb      	mov	fp, r7
10003d34:	46b2      	mov	sl, r6
10003d36:	46a9      	mov	r9, r5
10003d38:	46a0      	mov	r8, r4
10003d3a:	bdf0      	pop	{r4, r5, r6, r7, pc}
10003d3c:	4b19      	ldr	r3, [pc, #100]	; (10003da4 <stdio_put_string+0xf8>)
10003d3e:	4698      	mov	r8, r3
10003d40:	e7d7      	b.n	10003cf2 <stdio_put_string+0x46>
10003d42:	4b17      	ldr	r3, [pc, #92]	; (10003da0 <stdio_put_string+0xf4>)
10003d44:	4699      	mov	r9, r3
10003d46:	ab02      	add	r3, sp, #8
10003d48:	1ddf      	adds	r7, r3, #7
10003d4a:	230a      	movs	r3, #10
10003d4c:	469b      	mov	fp, r3
10003d4e:	e002      	b.n	10003d56 <stdio_put_string+0xaa>
10003d50:	6924      	ldr	r4, [r4, #16]
10003d52:	2c00      	cmp	r4, #0
10003d54:	d0e7      	beq.n	10003d26 <stdio_put_string+0x7a>
10003d56:	6823      	ldr	r3, [r4, #0]
10003d58:	2b00      	cmp	r3, #0
10003d5a:	d0f9      	beq.n	10003d50 <stdio_put_string+0xa4>
10003d5c:	464b      	mov	r3, r9
10003d5e:	681b      	ldr	r3, [r3, #0]
10003d60:	2b00      	cmp	r3, #0
10003d62:	d001      	beq.n	10003d68 <stdio_put_string+0xbc>
10003d64:	42a3      	cmp	r3, r4
10003d66:	d1f3      	bne.n	10003d50 <stdio_put_string+0xa4>
10003d68:	002a      	movs	r2, r5
10003d6a:	0031      	movs	r1, r6
10003d6c:	0020      	movs	r0, r4
10003d6e:	47c0      	blx	r8
10003d70:	465b      	mov	r3, fp
10003d72:	2201      	movs	r2, #1
10003d74:	0039      	movs	r1, r7
10003d76:	0020      	movs	r0, r4
10003d78:	703b      	strb	r3, [r7, #0]
10003d7a:	47c0      	blx	r8
10003d7c:	e7e8      	b.n	10003d50 <stdio_put_string+0xa4>
10003d7e:	4650      	mov	r0, sl
10003d80:	f002 fb1e 	bl	100063c0 <__mutex_exit_veneer>
10003d84:	e7d2      	b.n	10003d2c <stdio_put_string+0x80>
10003d86:	2201      	movs	r2, #1
10003d88:	4b07      	ldr	r3, [pc, #28]	; (10003da8 <stdio_put_string+0xfc>)
10003d8a:	4252      	negs	r2, r2
10003d8c:	e7a1      	b.n	10003cd2 <stdio_put_string+0x26>
10003d8e:	46c0      	nop			; (mov r8, r8)
10003d90:	000f4240 	.word	0x000f4240
10003d94:	200010a8 	.word	0x200010a8
10003d98:	10003b91 	.word	0x10003b91
10003d9c:	20001864 	.word	0x20001864
10003da0:	2000186c 	.word	0x2000186c
10003da4:	10003ba1 	.word	0x10003ba1
10003da8:	7fffffff 	.word	0x7fffffff

10003dac <stdio_set_driver_enabled>:
10003dac:	4a0a      	ldr	r2, [pc, #40]	; (10003dd8 <stdio_set_driver_enabled+0x2c>)
10003dae:	6813      	ldr	r3, [r2, #0]
10003db0:	2b00      	cmp	r3, #0
10003db2:	d105      	bne.n	10003dc0 <stdio_set_driver_enabled+0x14>
10003db4:	e00c      	b.n	10003dd0 <stdio_set_driver_enabled+0x24>
10003db6:	001a      	movs	r2, r3
10003db8:	691b      	ldr	r3, [r3, #16]
10003dba:	3210      	adds	r2, #16
10003dbc:	2b00      	cmp	r3, #0
10003dbe:	d007      	beq.n	10003dd0 <stdio_set_driver_enabled+0x24>
10003dc0:	4298      	cmp	r0, r3
10003dc2:	d1f8      	bne.n	10003db6 <stdio_set_driver_enabled+0xa>
10003dc4:	2900      	cmp	r1, #0
10003dc6:	d102      	bne.n	10003dce <stdio_set_driver_enabled+0x22>
10003dc8:	6903      	ldr	r3, [r0, #16]
10003dca:	6013      	str	r3, [r2, #0]
10003dcc:	6101      	str	r1, [r0, #16]
10003dce:	4770      	bx	lr
10003dd0:	2900      	cmp	r1, #0
10003dd2:	d0fc      	beq.n	10003dce <stdio_set_driver_enabled+0x22>
10003dd4:	6010      	str	r0, [r2, #0]
10003dd6:	e7fa      	b.n	10003dce <stdio_set_driver_enabled+0x22>
10003dd8:	20001864 	.word	0x20001864

10003ddc <stdio_init_all>:
10003ddc:	b510      	push	{r4, lr}
10003dde:	f000 fa7b 	bl	100042d8 <stdio_usb_init>
10003de2:	bd10      	pop	{r4, pc}

10003de4 <__wrap_putchar>:
10003de4:	b5f0      	push	{r4, r5, r6, r7, lr}
10003de6:	46ce      	mov	lr, r9
10003de8:	4647      	mov	r7, r8
10003dea:	b580      	push	{r7, lr}
10003dec:	b083      	sub	sp, #12
10003dee:	466b      	mov	r3, sp
10003df0:	0006      	movs	r6, r0
10003df2:	1ddd      	adds	r5, r3, #7
10003df4:	7028      	strb	r0, [r5, #0]
10003df6:	f7fd f9d3 	bl	100011a0 <time_us_64>
10003dfa:	2300      	movs	r3, #0
10003dfc:	4a1a      	ldr	r2, [pc, #104]	; (10003e68 <__wrap_putchar+0x84>)
10003dfe:	1812      	adds	r2, r2, r0
10003e00:	414b      	adcs	r3, r1
10003e02:	2b00      	cmp	r3, #0
10003e04:	db2b      	blt.n	10003e5e <__wrap_putchar+0x7a>
10003e06:	4919      	ldr	r1, [pc, #100]	; (10003e6c <__wrap_putchar+0x88>)
10003e08:	0008      	movs	r0, r1
10003e0a:	4688      	mov	r8, r1
10003e0c:	f002 fab8 	bl	10006380 <__mutex_try_enter_block_until_veneer>
10003e10:	4b17      	ldr	r3, [pc, #92]	; (10003e70 <__wrap_putchar+0x8c>)
10003e12:	4681      	mov	r9, r0
10003e14:	681c      	ldr	r4, [r3, #0]
10003e16:	2c00      	cmp	r4, #0
10003e18:	d014      	beq.n	10003e44 <__wrap_putchar+0x60>
10003e1a:	4f16      	ldr	r7, [pc, #88]	; (10003e74 <__wrap_putchar+0x90>)
10003e1c:	e002      	b.n	10003e24 <__wrap_putchar+0x40>
10003e1e:	6924      	ldr	r4, [r4, #16]
10003e20:	2c00      	cmp	r4, #0
10003e22:	d00f      	beq.n	10003e44 <__wrap_putchar+0x60>
10003e24:	6823      	ldr	r3, [r4, #0]
10003e26:	2b00      	cmp	r3, #0
10003e28:	d0f9      	beq.n	10003e1e <__wrap_putchar+0x3a>
10003e2a:	683b      	ldr	r3, [r7, #0]
10003e2c:	2b00      	cmp	r3, #0
10003e2e:	d001      	beq.n	10003e34 <__wrap_putchar+0x50>
10003e30:	42a3      	cmp	r3, r4
10003e32:	d1f4      	bne.n	10003e1e <__wrap_putchar+0x3a>
10003e34:	0020      	movs	r0, r4
10003e36:	2201      	movs	r2, #1
10003e38:	0029      	movs	r1, r5
10003e3a:	f7ff feb1 	bl	10003ba0 <stdio_out_chars_crlf>
10003e3e:	6924      	ldr	r4, [r4, #16]
10003e40:	2c00      	cmp	r4, #0
10003e42:	d1ef      	bne.n	10003e24 <__wrap_putchar+0x40>
10003e44:	464b      	mov	r3, r9
10003e46:	2b00      	cmp	r3, #0
10003e48:	d105      	bne.n	10003e56 <__wrap_putchar+0x72>
10003e4a:	0030      	movs	r0, r6
10003e4c:	b003      	add	sp, #12
10003e4e:	bcc0      	pop	{r6, r7}
10003e50:	46b9      	mov	r9, r7
10003e52:	46b0      	mov	r8, r6
10003e54:	bdf0      	pop	{r4, r5, r6, r7, pc}
10003e56:	4640      	mov	r0, r8
10003e58:	f002 fab2 	bl	100063c0 <__mutex_exit_veneer>
10003e5c:	e7f5      	b.n	10003e4a <__wrap_putchar+0x66>
10003e5e:	2201      	movs	r2, #1
10003e60:	4b05      	ldr	r3, [pc, #20]	; (10003e78 <__wrap_putchar+0x94>)
10003e62:	4252      	negs	r2, r2
10003e64:	e7cf      	b.n	10003e06 <__wrap_putchar+0x22>
10003e66:	46c0      	nop			; (mov r8, r8)
10003e68:	000f4240 	.word	0x000f4240
10003e6c:	200010a8 	.word	0x200010a8
10003e70:	20001864 	.word	0x20001864
10003e74:	2000186c 	.word	0x2000186c
10003e78:	7fffffff 	.word	0x7fffffff

10003e7c <__wrap_puts>:
10003e7c:	b570      	push	{r4, r5, r6, lr}
10003e7e:	0004      	movs	r4, r0
10003e80:	f002 fa10 	bl	100062a4 <strlen>
10003e84:	2301      	movs	r3, #1
10003e86:	0001      	movs	r1, r0
10003e88:	0005      	movs	r5, r0
10003e8a:	2201      	movs	r2, #1
10003e8c:	0020      	movs	r0, r4
10003e8e:	f7ff ff0d 	bl	10003cac <stdio_put_string>
10003e92:	4b08      	ldr	r3, [pc, #32]	; (10003eb4 <__wrap_puts+0x38>)
10003e94:	681c      	ldr	r4, [r3, #0]
10003e96:	2c00      	cmp	r4, #0
10003e98:	d006      	beq.n	10003ea8 <__wrap_puts+0x2c>
10003e9a:	6863      	ldr	r3, [r4, #4]
10003e9c:	2b00      	cmp	r3, #0
10003e9e:	d005      	beq.n	10003eac <__wrap_puts+0x30>
10003ea0:	4798      	blx	r3
10003ea2:	6924      	ldr	r4, [r4, #16]
10003ea4:	2c00      	cmp	r4, #0
10003ea6:	d1f8      	bne.n	10003e9a <__wrap_puts+0x1e>
10003ea8:	0028      	movs	r0, r5
10003eaa:	bd70      	pop	{r4, r5, r6, pc}
10003eac:	6924      	ldr	r4, [r4, #16]
10003eae:	2c00      	cmp	r4, #0
10003eb0:	d1f3      	bne.n	10003e9a <__wrap_puts+0x1e>
10003eb2:	e7f9      	b.n	10003ea8 <__wrap_puts+0x2c>
10003eb4:	20001864 	.word	0x20001864

10003eb8 <__wrap_vprintf>:
10003eb8:	b5f0      	push	{r4, r5, r6, r7, lr}
10003eba:	46ce      	mov	lr, r9
10003ebc:	4647      	mov	r7, r8
10003ebe:	b580      	push	{r7, lr}
10003ec0:	b0a5      	sub	sp, #148	; 0x94
10003ec2:	0004      	movs	r4, r0
10003ec4:	000d      	movs	r5, r1
10003ec6:	f7fd f96b 	bl	100011a0 <time_us_64>
10003eca:	2300      	movs	r3, #0
10003ecc:	4a2a      	ldr	r2, [pc, #168]	; (10003f78 <__wrap_vprintf+0xc0>)
10003ece:	1812      	adds	r2, r2, r0
10003ed0:	414b      	adcs	r3, r1
10003ed2:	2b00      	cmp	r3, #0
10003ed4:	db49      	blt.n	10003f6a <__wrap_vprintf+0xb2>
10003ed6:	4e29      	ldr	r6, [pc, #164]	; (10003f7c <__wrap_vprintf+0xc4>)
10003ed8:	0030      	movs	r0, r6
10003eda:	f002 fa51 	bl	10006380 <__mutex_try_enter_block_until_veneer>
10003ede:	2300      	movs	r3, #0
10003ee0:	0007      	movs	r7, r0
10003ee2:	9303      	str	r3, [sp, #12]
10003ee4:	0022      	movs	r2, r4
10003ee6:	002b      	movs	r3, r5
10003ee8:	4825      	ldr	r0, [pc, #148]	; (10003f80 <__wrap_vprintf+0xc8>)
10003eea:	a903      	add	r1, sp, #12
10003eec:	f7ff fe0a 	bl	10003b04 <vfctprintf>
10003ef0:	9b03      	ldr	r3, [sp, #12]
10003ef2:	4680      	mov	r8, r0
10003ef4:	2b00      	cmp	r3, #0
10003ef6:	d114      	bne.n	10003f22 <__wrap_vprintf+0x6a>
10003ef8:	4b22      	ldr	r3, [pc, #136]	; (10003f84 <__wrap_vprintf+0xcc>)
10003efa:	681c      	ldr	r4, [r3, #0]
10003efc:	2c00      	cmp	r4, #0
10003efe:	d006      	beq.n	10003f0e <__wrap_vprintf+0x56>
10003f00:	6863      	ldr	r3, [r4, #4]
10003f02:	2b00      	cmp	r3, #0
10003f04:	d00b      	beq.n	10003f1e <__wrap_vprintf+0x66>
10003f06:	4798      	blx	r3
10003f08:	6924      	ldr	r4, [r4, #16]
10003f0a:	2c00      	cmp	r4, #0
10003f0c:	d1f8      	bne.n	10003f00 <__wrap_vprintf+0x48>
10003f0e:	2f00      	cmp	r7, #0
10003f10:	d127      	bne.n	10003f62 <__wrap_vprintf+0xaa>
10003f12:	4640      	mov	r0, r8
10003f14:	b025      	add	sp, #148	; 0x94
10003f16:	bcc0      	pop	{r6, r7}
10003f18:	46b9      	mov	r9, r7
10003f1a:	46b0      	mov	r8, r6
10003f1c:	bdf0      	pop	{r4, r5, r6, r7, pc}
10003f1e:	6924      	ldr	r4, [r4, #16]
10003f20:	e7ec      	b.n	10003efc <__wrap_vprintf+0x44>
10003f22:	4b18      	ldr	r3, [pc, #96]	; (10003f84 <__wrap_vprintf+0xcc>)
10003f24:	681d      	ldr	r5, [r3, #0]
10003f26:	4699      	mov	r9, r3
10003f28:	2d00      	cmp	r5, #0
10003f2a:	d022      	beq.n	10003f72 <__wrap_vprintf+0xba>
10003f2c:	4c16      	ldr	r4, [pc, #88]	; (10003f88 <__wrap_vprintf+0xd0>)
10003f2e:	e002      	b.n	10003f36 <__wrap_vprintf+0x7e>
10003f30:	692d      	ldr	r5, [r5, #16]
10003f32:	2d00      	cmp	r5, #0
10003f34:	d011      	beq.n	10003f5a <__wrap_vprintf+0xa2>
10003f36:	682b      	ldr	r3, [r5, #0]
10003f38:	2b00      	cmp	r3, #0
10003f3a:	d0f9      	beq.n	10003f30 <__wrap_vprintf+0x78>
10003f3c:	6823      	ldr	r3, [r4, #0]
10003f3e:	2b00      	cmp	r3, #0
10003f40:	d001      	beq.n	10003f46 <__wrap_vprintf+0x8e>
10003f42:	429d      	cmp	r5, r3
10003f44:	d1f4      	bne.n	10003f30 <__wrap_vprintf+0x78>
10003f46:	9b03      	ldr	r3, [sp, #12]
10003f48:	0028      	movs	r0, r5
10003f4a:	001a      	movs	r2, r3
10003f4c:	a904      	add	r1, sp, #16
10003f4e:	9301      	str	r3, [sp, #4]
10003f50:	f7ff fe26 	bl	10003ba0 <stdio_out_chars_crlf>
10003f54:	692d      	ldr	r5, [r5, #16]
10003f56:	2d00      	cmp	r5, #0
10003f58:	d1ed      	bne.n	10003f36 <__wrap_vprintf+0x7e>
10003f5a:	464b      	mov	r3, r9
10003f5c:	9503      	str	r5, [sp, #12]
10003f5e:	681c      	ldr	r4, [r3, #0]
10003f60:	e7cc      	b.n	10003efc <__wrap_vprintf+0x44>
10003f62:	0030      	movs	r0, r6
10003f64:	f002 fa2c 	bl	100063c0 <__mutex_exit_veneer>
10003f68:	e7d3      	b.n	10003f12 <__wrap_vprintf+0x5a>
10003f6a:	2201      	movs	r2, #1
10003f6c:	4b07      	ldr	r3, [pc, #28]	; (10003f8c <__wrap_vprintf+0xd4>)
10003f6e:	4252      	negs	r2, r2
10003f70:	e7b1      	b.n	10003ed6 <__wrap_vprintf+0x1e>
10003f72:	9503      	str	r5, [sp, #12]
10003f74:	e7cb      	b.n	10003f0e <__wrap_vprintf+0x56>
10003f76:	46c0      	nop			; (mov r8, r8)
10003f78:	000f4240 	.word	0x000f4240
10003f7c:	200010a8 	.word	0x200010a8
10003f80:	10003c55 	.word	0x10003c55
10003f84:	20001864 	.word	0x20001864
10003f88:	2000186c 	.word	0x2000186c
10003f8c:	7fffffff 	.word	0x7fffffff

10003f90 <__wrap_printf>:
10003f90:	b40f      	push	{r0, r1, r2, r3}
10003f92:	b500      	push	{lr}
10003f94:	b083      	sub	sp, #12
10003f96:	a904      	add	r1, sp, #16
10003f98:	c901      	ldmia	r1!, {r0}
10003f9a:	9101      	str	r1, [sp, #4]
10003f9c:	f7ff ff8c 	bl	10003eb8 <__wrap_vprintf>
10003fa0:	b003      	add	sp, #12
10003fa2:	bc08      	pop	{r3}
10003fa4:	b004      	add	sp, #16
10003fa6:	4718      	bx	r3

10003fa8 <stdio_usb_set_chars_available_callback>:
10003fa8:	4b02      	ldr	r3, [pc, #8]	; (10003fb4 <stdio_usb_set_chars_available_callback+0xc>)
10003faa:	6018      	str	r0, [r3, #0]
10003fac:	4b02      	ldr	r3, [pc, #8]	; (10003fb8 <stdio_usb_set_chars_available_callback+0x10>)
10003fae:	6019      	str	r1, [r3, #0]
10003fb0:	4770      	bx	lr
10003fb2:	46c0      	nop			; (mov r8, r8)
10003fb4:	20001804 	.word	0x20001804
10003fb8:	20001808 	.word	0x20001808

10003fbc <usb_irq>:
10003fbc:	b510      	push	{r4, lr}
10003fbe:	4b02      	ldr	r3, [pc, #8]	; (10003fc8 <usb_irq+0xc>)
10003fc0:	7818      	ldrb	r0, [r3, #0]
10003fc2:	f7fc facf 	bl	10000564 <irq_set_pending>
10003fc6:	bd10      	pop	{r4, pc}
10003fc8:	20001cc3 	.word	0x20001cc3

10003fcc <timer_task>:
10003fcc:	4b15      	ldr	r3, [pc, #84]	; (10004024 <timer_task+0x58>)
10003fce:	b570      	push	{r4, r5, r6, lr}
10003fd0:	681a      	ldr	r2, [r3, #0]
10003fd2:	2a00      	cmp	r2, #0
10003fd4:	d022      	beq.n	1000401c <timer_task+0x50>
10003fd6:	f3ef 8110 	mrs	r1, PRIMASK
10003fda:	b672      	cpsid	i
10003fdc:	6810      	ldr	r0, [r2, #0]
10003fde:	2800      	cmp	r0, #0
10003fe0:	d0fc      	beq.n	10003fdc <timer_task+0x10>
10003fe2:	f3bf 8f5f 	dmb	sy
10003fe6:	2200      	movs	r2, #0
10003fe8:	480f      	ldr	r0, [pc, #60]	; (10004028 <timer_task+0x5c>)
10003fea:	6059      	str	r1, [r3, #4]
10003fec:	7002      	strb	r2, [r0, #0]
10003fee:	681b      	ldr	r3, [r3, #0]
10003ff0:	f3bf 8f5f 	dmb	sy
10003ff4:	601a      	str	r2, [r3, #0]
10003ff6:	f381 8810 	msr	PRIMASK, r1
10003ffa:	2400      	movs	r4, #0
10003ffc:	2500      	movs	r5, #0
10003ffe:	4e0b      	ldr	r6, [pc, #44]	; (1000402c <timer_task+0x60>)
10004000:	7830      	ldrb	r0, [r6, #0]
10004002:	f7fc faa3 	bl	1000054c <irq_is_enabled>
10004006:	2800      	cmp	r0, #0
10004008:	d104      	bne.n	10004014 <timer_task+0x48>
1000400a:	2400      	movs	r4, #0
1000400c:	2500      	movs	r5, #0
1000400e:	0029      	movs	r1, r5
10004010:	0020      	movs	r0, r4
10004012:	bd70      	pop	{r4, r5, r6, pc}
10004014:	7830      	ldrb	r0, [r6, #0]
10004016:	f7fc faa5 	bl	10000564 <irq_set_pending>
1000401a:	e7f8      	b.n	1000400e <timer_task+0x42>
1000401c:	24fa      	movs	r4, #250	; 0xfa
1000401e:	2500      	movs	r5, #0
10004020:	00a4      	lsls	r4, r4, #2
10004022:	e7ec      	b.n	10003ffe <timer_task+0x32>
10004024:	20001c7c 	.word	0x20001c7c
10004028:	20001cc4 	.word	0x20001cc4
1000402c:	20001cc3 	.word	0x20001cc3

10004030 <stdio_usb_in_chars>:
10004030:	b570      	push	{r4, r5, r6, lr}
10004032:	0004      	movs	r4, r0
10004034:	2000      	movs	r0, #0
10004036:	000e      	movs	r6, r1
10004038:	f001 fb7c 	bl	10005734 <tud_cdc_n_connected>
1000403c:	2800      	cmp	r0, #0
1000403e:	d035      	beq.n	100040ac <stdio_usb_in_chars+0x7c>
10004040:	2000      	movs	r0, #0
10004042:	f001 fb8d 	bl	10005760 <tud_cdc_n_available>
10004046:	2800      	cmp	r0, #0
10004048:	d030      	beq.n	100040ac <stdio_usb_in_chars+0x7c>
1000404a:	f7fd f8a9 	bl	100011a0 <time_us_64>
1000404e:	2300      	movs	r3, #0
10004050:	4a18      	ldr	r2, [pc, #96]	; (100040b4 <stdio_usb_in_chars+0x84>)
10004052:	1812      	adds	r2, r2, r0
10004054:	414b      	adcs	r3, r1
10004056:	2b00      	cmp	r3, #0
10004058:	db24      	blt.n	100040a4 <stdio_usb_in_chars+0x74>
1000405a:	4d17      	ldr	r5, [pc, #92]	; (100040b8 <stdio_usb_in_chars+0x88>)
1000405c:	0028      	movs	r0, r5
1000405e:	f002 f98f 	bl	10006380 <__mutex_try_enter_block_until_veneer>
10004062:	2800      	cmp	r0, #0
10004064:	d022      	beq.n	100040ac <stdio_usb_in_chars+0x7c>
10004066:	2000      	movs	r0, #0
10004068:	f001 fb64 	bl	10005734 <tud_cdc_n_connected>
1000406c:	2800      	cmp	r0, #0
1000406e:	d10b      	bne.n	10004088 <stdio_usb_in_chars+0x58>
10004070:	2001      	movs	r0, #1
10004072:	2100      	movs	r1, #0
10004074:	2403      	movs	r4, #3
10004076:	4240      	negs	r0, r0
10004078:	f000 fd86 	bl	10004b88 <tud_task_ext>
1000407c:	4264      	negs	r4, r4
1000407e:	0028      	movs	r0, r5
10004080:	f002 f99e 	bl	100063c0 <__mutex_exit_veneer>
10004084:	0020      	movs	r0, r4
10004086:	bd70      	pop	{r4, r5, r6, pc}
10004088:	2000      	movs	r0, #0
1000408a:	f001 fb69 	bl	10005760 <tud_cdc_n_available>
1000408e:	2800      	cmp	r0, #0
10004090:	d0ee      	beq.n	10004070 <stdio_usb_in_chars+0x40>
10004092:	0021      	movs	r1, r4
10004094:	0032      	movs	r2, r6
10004096:	2000      	movs	r0, #0
10004098:	f001 fb6e 	bl	10005778 <tud_cdc_n_read>
1000409c:	1e04      	subs	r4, r0, #0
1000409e:	d1ee      	bne.n	1000407e <stdio_usb_in_chars+0x4e>
100040a0:	3c03      	subs	r4, #3
100040a2:	e7ec      	b.n	1000407e <stdio_usb_in_chars+0x4e>
100040a4:	2201      	movs	r2, #1
100040a6:	4b05      	ldr	r3, [pc, #20]	; (100040bc <stdio_usb_in_chars+0x8c>)
100040a8:	4252      	negs	r2, r2
100040aa:	e7d6      	b.n	1000405a <stdio_usb_in_chars+0x2a>
100040ac:	2403      	movs	r4, #3
100040ae:	4264      	negs	r4, r4
100040b0:	e7e8      	b.n	10004084 <stdio_usb_in_chars+0x54>
100040b2:	46c0      	nop			; (mov r8, r8)
100040b4:	000f4240 	.word	0x000f4240
100040b8:	20001ca4 	.word	0x20001ca4
100040bc:	7fffffff 	.word	0x7fffffff

100040c0 <stdio_usb_out_flush>:
100040c0:	b510      	push	{r4, lr}
100040c2:	f7fd f86d 	bl	100011a0 <time_us_64>
100040c6:	2300      	movs	r3, #0
100040c8:	4a0e      	ldr	r2, [pc, #56]	; (10004104 <stdio_usb_out_flush+0x44>)
100040ca:	1812      	adds	r2, r2, r0
100040cc:	414b      	adcs	r3, r1
100040ce:	2b00      	cmp	r3, #0
100040d0:	db13      	blt.n	100040fa <stdio_usb_out_flush+0x3a>
100040d2:	4c0d      	ldr	r4, [pc, #52]	; (10004108 <stdio_usb_out_flush+0x48>)
100040d4:	0020      	movs	r0, r4
100040d6:	f002 f953 	bl	10006380 <__mutex_try_enter_block_until_veneer>
100040da:	2800      	cmp	r0, #0
100040dc:	d00c      	beq.n	100040f8 <stdio_usb_out_flush+0x38>
100040de:	2001      	movs	r0, #1
100040e0:	2100      	movs	r1, #0
100040e2:	4240      	negs	r0, r0
100040e4:	f000 fd50 	bl	10004b88 <tud_task_ext>
100040e8:	2000      	movs	r0, #0
100040ea:	f001 fb8f 	bl	1000580c <tud_cdc_n_write_flush>
100040ee:	2800      	cmp	r0, #0
100040f0:	d1f5      	bne.n	100040de <stdio_usb_out_flush+0x1e>
100040f2:	0020      	movs	r0, r4
100040f4:	f002 f964 	bl	100063c0 <__mutex_exit_veneer>
100040f8:	bd10      	pop	{r4, pc}
100040fa:	2201      	movs	r2, #1
100040fc:	4b03      	ldr	r3, [pc, #12]	; (1000410c <stdio_usb_out_flush+0x4c>)
100040fe:	4252      	negs	r2, r2
10004100:	e7e7      	b.n	100040d2 <stdio_usb_out_flush+0x12>
10004102:	46c0      	nop			; (mov r8, r8)
10004104:	000f4240 	.word	0x000f4240
10004108:	20001ca4 	.word	0x20001ca4
1000410c:	7fffffff 	.word	0x7fffffff

10004110 <stdio_usb_out_chars>:
10004110:	b5f8      	push	{r3, r4, r5, r6, r7, lr}
10004112:	46de      	mov	lr, fp
10004114:	4657      	mov	r7, sl
10004116:	b580      	push	{r7, lr}
10004118:	0005      	movs	r5, r0
1000411a:	000c      	movs	r4, r1
1000411c:	f7fd f840 	bl	100011a0 <time_us_64>
10004120:	2300      	movs	r3, #0
10004122:	4a36      	ldr	r2, [pc, #216]	; (100041fc <stdio_usb_out_chars+0xec>)
10004124:	1812      	adds	r2, r2, r0
10004126:	414b      	adcs	r3, r1
10004128:	2b00      	cmp	r3, #0
1000412a:	db5a      	blt.n	100041e2 <stdio_usb_out_chars+0xd2>
1000412c:	4934      	ldr	r1, [pc, #208]	; (10004200 <stdio_usb_out_chars+0xf0>)
1000412e:	0008      	movs	r0, r1
10004130:	468a      	mov	sl, r1
10004132:	f002 f925 	bl	10006380 <__mutex_try_enter_block_until_veneer>
10004136:	2800      	cmp	r0, #0
10004138:	d103      	bne.n	10004142 <stdio_usb_out_chars+0x32>
1000413a:	bcc0      	pop	{r6, r7}
1000413c:	46bb      	mov	fp, r7
1000413e:	46b2      	mov	sl, r6
10004140:	bdf8      	pop	{r3, r4, r5, r6, r7, pc}
10004142:	2000      	movs	r0, #0
10004144:	f001 faf6 	bl	10005734 <tud_cdc_n_connected>
10004148:	2800      	cmp	r0, #0
1000414a:	d04e      	beq.n	100041ea <stdio_usb_out_chars+0xda>
1000414c:	2600      	movs	r6, #0
1000414e:	2c00      	cmp	r4, #0
10004150:	dd43      	ble.n	100041da <stdio_usb_out_chars+0xca>
10004152:	4b2c      	ldr	r3, [pc, #176]	; (10004204 <stdio_usb_out_chars+0xf4>)
10004154:	469b      	mov	fp, r3
10004156:	e014      	b.n	10004182 <stdio_usb_out_chars+0x72>
10004158:	19a9      	adds	r1, r5, r6
1000415a:	2000      	movs	r0, #0
1000415c:	f001 fb92 	bl	10005884 <tud_cdc_n_write>
10004160:	0007      	movs	r7, r0
10004162:	2001      	movs	r0, #1
10004164:	2100      	movs	r1, #0
10004166:	4240      	negs	r0, r0
10004168:	f000 fd0e 	bl	10004b88 <tud_task_ext>
1000416c:	2000      	movs	r0, #0
1000416e:	f001 fb4d 	bl	1000580c <tud_cdc_n_write_flush>
10004172:	f7fd f815 	bl	100011a0 <time_us_64>
10004176:	4b23      	ldr	r3, [pc, #140]	; (10004204 <stdio_usb_out_chars+0xf4>)
10004178:	19f6      	adds	r6, r6, r7
1000417a:	6018      	str	r0, [r3, #0]
1000417c:	6059      	str	r1, [r3, #4]
1000417e:	42b4      	cmp	r4, r6
10004180:	dd2b      	ble.n	100041da <stdio_usb_out_chars+0xca>
10004182:	2000      	movs	r0, #0
10004184:	f001 fba0 	bl	100058c8 <tud_cdc_n_write_available>
10004188:	1ba7      	subs	r7, r4, r6
1000418a:	0002      	movs	r2, r0
1000418c:	42b8      	cmp	r0, r7
1000418e:	dd00      	ble.n	10004192 <stdio_usb_out_chars+0x82>
10004190:	003a      	movs	r2, r7
10004192:	2a00      	cmp	r2, #0
10004194:	d1e0      	bne.n	10004158 <stdio_usb_out_chars+0x48>
10004196:	2001      	movs	r0, #1
10004198:	2100      	movs	r1, #0
1000419a:	4240      	negs	r0, r0
1000419c:	f000 fcf4 	bl	10004b88 <tud_task_ext>
100041a0:	2000      	movs	r0, #0
100041a2:	f001 fb33 	bl	1000580c <tud_cdc_n_write_flush>
100041a6:	2000      	movs	r0, #0
100041a8:	f001 fac4 	bl	10005734 <tud_cdc_n_connected>
100041ac:	2800      	cmp	r0, #0
100041ae:	d014      	beq.n	100041da <stdio_usb_out_chars+0xca>
100041b0:	2000      	movs	r0, #0
100041b2:	f001 fb89 	bl	100058c8 <tud_cdc_n_write_available>
100041b6:	2800      	cmp	r0, #0
100041b8:	d1e1      	bne.n	1000417e <stdio_usb_out_chars+0x6e>
100041ba:	f7fc fff1 	bl	100011a0 <time_us_64>
100041be:	465b      	mov	r3, fp
100041c0:	000f      	movs	r7, r1
100041c2:	681a      	ldr	r2, [r3, #0]
100041c4:	685b      	ldr	r3, [r3, #4]
100041c6:	2100      	movs	r1, #0
100041c8:	4684      	mov	ip, r0
100041ca:	480f      	ldr	r0, [pc, #60]	; (10004208 <stdio_usb_out_chars+0xf8>)
100041cc:	1812      	adds	r2, r2, r0
100041ce:	414b      	adcs	r3, r1
100041d0:	429f      	cmp	r7, r3
100041d2:	d802      	bhi.n	100041da <stdio_usb_out_chars+0xca>
100041d4:	d1d3      	bne.n	1000417e <stdio_usb_out_chars+0x6e>
100041d6:	4594      	cmp	ip, r2
100041d8:	d9d1      	bls.n	1000417e <stdio_usb_out_chars+0x6e>
100041da:	4650      	mov	r0, sl
100041dc:	f002 f8f0 	bl	100063c0 <__mutex_exit_veneer>
100041e0:	e7ab      	b.n	1000413a <stdio_usb_out_chars+0x2a>
100041e2:	2201      	movs	r2, #1
100041e4:	4b09      	ldr	r3, [pc, #36]	; (1000420c <stdio_usb_out_chars+0xfc>)
100041e6:	4252      	negs	r2, r2
100041e8:	e7a0      	b.n	1000412c <stdio_usb_out_chars+0x1c>
100041ea:	2000      	movs	r0, #0
100041ec:	2100      	movs	r1, #0
100041ee:	4b05      	ldr	r3, [pc, #20]	; (10004204 <stdio_usb_out_chars+0xf4>)
100041f0:	6018      	str	r0, [r3, #0]
100041f2:	6059      	str	r1, [r3, #4]
100041f4:	4650      	mov	r0, sl
100041f6:	f002 f8e3 	bl	100063c0 <__mutex_exit_veneer>
100041fa:	e79e      	b.n	1000413a <stdio_usb_out_chars+0x2a>
100041fc:	000f4240 	.word	0x000f4240
10004200:	20001ca4 	.word	0x20001ca4
10004204:	20001230 	.word	0x20001230
10004208:	0007a120 	.word	0x0007a120
1000420c:	7fffffff 	.word	0x7fffffff

10004210 <low_priority_worker_irq>:
10004210:	b530      	push	{r4, r5, lr}
10004212:	4c2a      	ldr	r4, [pc, #168]	; (100042bc <low_priority_worker_irq+0xac>)
10004214:	b085      	sub	sp, #20
10004216:	2100      	movs	r1, #0
10004218:	0020      	movs	r0, r4
1000421a:	f002 f8c1 	bl	100063a0 <__mutex_try_enter_veneer>
1000421e:	2800      	cmp	r0, #0
10004220:	d11c      	bne.n	1000425c <low_priority_worker_irq+0x4c>
10004222:	4b27      	ldr	r3, [pc, #156]	; (100042c0 <low_priority_worker_irq+0xb0>)
10004224:	681a      	ldr	r2, [r3, #0]
10004226:	2a00      	cmp	r2, #0
10004228:	d016      	beq.n	10004258 <low_priority_worker_irq+0x48>
1000422a:	f3ef 8110 	mrs	r1, PRIMASK
1000422e:	b672      	cpsid	i
10004230:	6810      	ldr	r0, [r2, #0]
10004232:	2800      	cmp	r0, #0
10004234:	d0fc      	beq.n	10004230 <low_priority_worker_irq+0x20>
10004236:	f3bf 8f5f 	dmb	sy
1000423a:	2401      	movs	r4, #1
1000423c:	4821      	ldr	r0, [pc, #132]	; (100042c4 <low_priority_worker_irq+0xb4>)
1000423e:	6059      	str	r1, [r3, #4]
10004240:	7802      	ldrb	r2, [r0, #0]
10004242:	681b      	ldr	r3, [r3, #0]
10004244:	b2d2      	uxtb	r2, r2
10004246:	7004      	strb	r4, [r0, #0]
10004248:	f3bf 8f5f 	dmb	sy
1000424c:	2000      	movs	r0, #0
1000424e:	6018      	str	r0, [r3, #0]
10004250:	f381 8810 	msr	PRIMASK, r1
10004254:	2a00      	cmp	r2, #0
10004256:	d017      	beq.n	10004288 <low_priority_worker_irq+0x78>
10004258:	b005      	add	sp, #20
1000425a:	bd30      	pop	{r4, r5, pc}
1000425c:	2001      	movs	r0, #1
1000425e:	2100      	movs	r1, #0
10004260:	4240      	negs	r0, r0
10004262:	f000 fc91 	bl	10004b88 <tud_task_ext>
10004266:	2000      	movs	r0, #0
10004268:	f001 fa7a 	bl	10005760 <tud_cdc_n_available>
1000426c:	0005      	movs	r5, r0
1000426e:	0020      	movs	r0, r4
10004270:	f002 f8a6 	bl	100063c0 <__mutex_exit_veneer>
10004274:	2d00      	cmp	r5, #0
10004276:	d0ef      	beq.n	10004258 <low_priority_worker_irq+0x48>
10004278:	4b13      	ldr	r3, [pc, #76]	; (100042c8 <low_priority_worker_irq+0xb8>)
1000427a:	681b      	ldr	r3, [r3, #0]
1000427c:	2b00      	cmp	r3, #0
1000427e:	d0eb      	beq.n	10004258 <low_priority_worker_irq+0x48>
10004280:	4a12      	ldr	r2, [pc, #72]	; (100042cc <low_priority_worker_irq+0xbc>)
10004282:	6810      	ldr	r0, [r2, #0]
10004284:	4798      	blx	r3
10004286:	e7e7      	b.n	10004258 <low_priority_worker_irq+0x48>
10004288:	f7fc fd68 	bl	10000d5c <alarm_pool_get_default>
1000428c:	0004      	movs	r4, r0
1000428e:	f7fc ff87 	bl	100011a0 <time_us_64>
10004292:	22fa      	movs	r2, #250	; 0xfa
10004294:	2300      	movs	r3, #0
10004296:	0092      	lsls	r2, r2, #2
10004298:	1812      	adds	r2, r2, r0
1000429a:	414b      	adcs	r3, r1
1000429c:	2b00      	cmp	r3, #0
1000429e:	db09      	blt.n	100042b4 <low_priority_worker_irq+0xa4>
100042a0:	2101      	movs	r1, #1
100042a2:	9102      	str	r1, [sp, #8]
100042a4:	2100      	movs	r1, #0
100042a6:	9101      	str	r1, [sp, #4]
100042a8:	4909      	ldr	r1, [pc, #36]	; (100042d0 <low_priority_worker_irq+0xc0>)
100042aa:	0020      	movs	r0, r4
100042ac:	9100      	str	r1, [sp, #0]
100042ae:	f7fc fd59 	bl	10000d64 <alarm_pool_add_alarm_at>
100042b2:	e7d1      	b.n	10004258 <low_priority_worker_irq+0x48>
100042b4:	2201      	movs	r2, #1
100042b6:	4b07      	ldr	r3, [pc, #28]	; (100042d4 <low_priority_worker_irq+0xc4>)
100042b8:	4252      	negs	r2, r2
100042ba:	e7f1      	b.n	100042a0 <low_priority_worker_irq+0x90>
100042bc:	20001ca4 	.word	0x20001ca4
100042c0:	20001c7c 	.word	0x20001c7c
100042c4:	20001cc4 	.word	0x20001cc4
100042c8:	20001804 	.word	0x20001804
100042cc:	20001808 	.word	0x20001808
100042d0:	10003fcd 	.word	0x10003fcd
100042d4:	7fffffff 	.word	0x7fffffff

100042d8 <stdio_usb_init>:
100042d8:	23d0      	movs	r3, #208	; 0xd0
100042da:	b510      	push	{r4, lr}
100042dc:	061b      	lsls	r3, r3, #24
100042de:	b084      	sub	sp, #16
100042e0:	681c      	ldr	r4, [r3, #0]
100042e2:	f7fc fd3b 	bl	10000d5c <alarm_pool_get_default>
100042e6:	f7fc fe37 	bl	10000f58 <alarm_pool_core_num>
100042ea:	42a0      	cmp	r0, r4
100042ec:	d002      	beq.n	100042f4 <stdio_usb_init+0x1c>
100042ee:	2000      	movs	r0, #0
100042f0:	b004      	add	sp, #16
100042f2:	bd10      	pop	{r4, pc}
100042f4:	4b29      	ldr	r3, [pc, #164]	; (1000439c <stdio_usb_init+0xc4>)
100042f6:	2100      	movs	r1, #0
100042f8:	2000      	movs	r0, #0
100042fa:	781b      	ldrb	r3, [r3, #0]
100042fc:	f001 fca6 	bl	10005c4c <tusb_rhport_init>
10004300:	4827      	ldr	r0, [pc, #156]	; (100043a0 <stdio_usb_init+0xc8>)
10004302:	6803      	ldr	r3, [r0, #0]
10004304:	2b00      	cmp	r3, #0
10004306:	d041      	beq.n	1000438c <stdio_usb_init+0xb4>
10004308:	2001      	movs	r0, #1
1000430a:	f7fc faad 	bl	10000868 <user_irq_claim_unused>
1000430e:	23ff      	movs	r3, #255	; 0xff
10004310:	4c24      	ldr	r4, [pc, #144]	; (100043a4 <stdio_usb_init+0xcc>)
10004312:	4925      	ldr	r1, [pc, #148]	; (100043a8 <stdio_usb_init+0xd0>)
10004314:	7020      	strb	r0, [r4, #0]
10004316:	4018      	ands	r0, r3
10004318:	f7fc f93e 	bl	10000598 <irq_set_exclusive_handler>
1000431c:	7820      	ldrb	r0, [r4, #0]
1000431e:	2101      	movs	r1, #1
10004320:	f7fc f902 	bl	10000528 <irq_set_enabled>
10004324:	2005      	movs	r0, #5
10004326:	f7fc f925 	bl	10000574 <irq_has_shared_handler>
1000432a:	2800      	cmp	r0, #0
1000432c:	d121      	bne.n	10004372 <stdio_usb_init+0x9a>
1000432e:	2208      	movs	r2, #8
10004330:	2100      	movs	r1, #0
10004332:	481e      	ldr	r0, [pc, #120]	; (100043ac <stdio_usb_init+0xd4>)
10004334:	f7fe f920 	bl	10002578 <__wrap_memset>
10004338:	f7fc fd10 	bl	10000d5c <alarm_pool_get_default>
1000433c:	0004      	movs	r4, r0
1000433e:	f7fc ff2f 	bl	100011a0 <time_us_64>
10004342:	22fa      	movs	r2, #250	; 0xfa
10004344:	2300      	movs	r3, #0
10004346:	0092      	lsls	r2, r2, #2
10004348:	1812      	adds	r2, r2, r0
1000434a:	414b      	adcs	r3, r1
1000434c:	2b00      	cmp	r3, #0
1000434e:	db20      	blt.n	10004392 <stdio_usb_init+0xba>
10004350:	2101      	movs	r1, #1
10004352:	9102      	str	r1, [sp, #8]
10004354:	2100      	movs	r1, #0
10004356:	9101      	str	r1, [sp, #4]
10004358:	4915      	ldr	r1, [pc, #84]	; (100043b0 <stdio_usb_init+0xd8>)
1000435a:	0020      	movs	r0, r4
1000435c:	9100      	str	r1, [sp, #0]
1000435e:	f7fc fd01 	bl	10000d64 <alarm_pool_add_alarm_at>
10004362:	2800      	cmp	r0, #0
10004364:	dbc3      	blt.n	100042ee <stdio_usb_init+0x16>
10004366:	4813      	ldr	r0, [pc, #76]	; (100043b4 <stdio_usb_init+0xdc>)
10004368:	2101      	movs	r1, #1
1000436a:	f7ff fd1f 	bl	10003dac <stdio_set_driver_enabled>
1000436e:	2001      	movs	r0, #1
10004370:	e7be      	b.n	100042f0 <stdio_usb_init+0x18>
10004372:	2001      	movs	r0, #1
10004374:	f7fc f8a8 	bl	100004c8 <spin_lock_claim_unused>
10004378:	0001      	movs	r1, r0
1000437a:	480c      	ldr	r0, [pc, #48]	; (100043ac <stdio_usb_init+0xd4>)
1000437c:	f7fc fada 	bl	10000934 <critical_section_init_with_lock_num>
10004380:	2200      	movs	r2, #0
10004382:	2005      	movs	r0, #5
10004384:	490c      	ldr	r1, [pc, #48]	; (100043b8 <stdio_usb_init+0xe0>)
10004386:	f7fc f931 	bl	100005ec <irq_add_shared_handler>
1000438a:	e7ec      	b.n	10004366 <stdio_usb_init+0x8e>
1000438c:	f7fc fab4 	bl	100008f8 <mutex_init>
10004390:	e7ba      	b.n	10004308 <stdio_usb_init+0x30>
10004392:	2201      	movs	r2, #1
10004394:	4b09      	ldr	r3, [pc, #36]	; (100043bc <stdio_usb_init+0xe4>)
10004396:	4252      	negs	r2, r2
10004398:	e7da      	b.n	10004350 <stdio_usb_init+0x78>
1000439a:	46c0      	nop			; (mov r8, r8)
1000439c:	10006a84 	.word	0x10006a84
100043a0:	20001ca4 	.word	0x20001ca4
100043a4:	20001cc3 	.word	0x20001cc3
100043a8:	10004211 	.word	0x10004211
100043ac:	20001c7c 	.word	0x20001c7c
100043b0:	10003fcd 	.word	0x10003fcd
100043b4:	20001070 	.word	0x20001070
100043b8:	10003fbd 	.word	0x10003fbd
100043bc:	7fffffff 	.word	0x7fffffff

100043c0 <tud_descriptor_device_cb>:
100043c0:	4800      	ldr	r0, [pc, #0]	; (100043c4 <tud_descriptor_device_cb+0x4>)
100043c2:	4770      	bx	lr
100043c4:	1000682c 	.word	0x1000682c

100043c8 <tud_descriptor_configuration_cb>:
100043c8:	4800      	ldr	r0, [pc, #0]	; (100043cc <tud_descriptor_configuration_cb+0x4>)
100043ca:	4770      	bx	lr
100043cc:	100067d8 	.word	0x100067d8

100043d0 <tud_descriptor_string_cb>:
100043d0:	b570      	push	{r4, r5, r6, lr}
100043d2:	0004      	movs	r4, r0
100043d4:	4817      	ldr	r0, [pc, #92]	; (10004434 <tud_descriptor_string_cb+0x64>)
100043d6:	7803      	ldrb	r3, [r0, #0]
100043d8:	2b00      	cmp	r3, #0
100043da:	d021      	beq.n	10004420 <tud_descriptor_string_cb+0x50>
100043dc:	2c00      	cmp	r4, #0
100043de:	d106      	bne.n	100043ee <tud_descriptor_string_cb+0x1e>
100043e0:	24c1      	movs	r4, #193	; 0xc1
100043e2:	4815      	ldr	r0, [pc, #84]	; (10004438 <tud_descriptor_string_cb+0x68>)
100043e4:	4b15      	ldr	r3, [pc, #84]	; (1000443c <tud_descriptor_string_cb+0x6c>)
100043e6:	00a4      	lsls	r4, r4, #2
100043e8:	8043      	strh	r3, [r0, #2]
100043ea:	8004      	strh	r4, [r0, #0]
100043ec:	bd70      	pop	{r4, r5, r6, pc}
100043ee:	2c05      	cmp	r4, #5
100043f0:	d81d      	bhi.n	1000442e <tud_descriptor_string_cb+0x5e>
100043f2:	4b13      	ldr	r3, [pc, #76]	; (10004440 <tud_descriptor_string_cb+0x70>)
100043f4:	4810      	ldr	r0, [pc, #64]	; (10004438 <tud_descriptor_string_cb+0x68>)
100043f6:	00a4      	lsls	r4, r4, #2
100043f8:	58e5      	ldr	r5, [r4, r3]
100043fa:	1c81      	adds	r1, r0, #2
100043fc:	2300      	movs	r3, #0
100043fe:	e004      	b.n	1000440a <tud_descriptor_string_cb+0x3a>
10004400:	3301      	adds	r3, #1
10004402:	800a      	strh	r2, [r1, #0]
10004404:	3102      	adds	r1, #2
10004406:	2b13      	cmp	r3, #19
10004408:	d00e      	beq.n	10004428 <tud_descriptor_string_cb+0x58>
1000440a:	5cea      	ldrb	r2, [r5, r3]
1000440c:	b2dc      	uxtb	r4, r3
1000440e:	2a00      	cmp	r2, #0
10004410:	d1f6      	bne.n	10004400 <tud_descriptor_string_cb+0x30>
10004412:	23c0      	movs	r3, #192	; 0xc0
10004414:	3401      	adds	r4, #1
10004416:	b2e4      	uxtb	r4, r4
10004418:	0064      	lsls	r4, r4, #1
1000441a:	009b      	lsls	r3, r3, #2
1000441c:	431c      	orrs	r4, r3
1000441e:	e7e4      	b.n	100043ea <tud_descriptor_string_cb+0x1a>
10004420:	2111      	movs	r1, #17
10004422:	f000 f817 	bl	10004454 <pico_get_unique_board_id_string>
10004426:	e7d9      	b.n	100043dc <tud_descriptor_string_cb+0xc>
10004428:	24ca      	movs	r4, #202	; 0xca
1000442a:	00a4      	lsls	r4, r4, #2
1000442c:	e7dd      	b.n	100043ea <tud_descriptor_string_cb+0x1a>
1000442e:	2000      	movs	r0, #0
10004430:	e7dc      	b.n	100043ec <tud_descriptor_string_cb+0x1c>
10004432:	46c0      	nop			; (mov r8, r8)
10004434:	20001cac 	.word	0x20001cac
10004438:	2000183c 	.word	0x2000183c
1000443c:	00000409 	.word	0x00000409
10004440:	10006840 	.word	0x10006840

10004444 <_retrieve_unique_id_on_boot>:
10004444:	b510      	push	{r4, lr}
10004446:	4802      	ldr	r0, [pc, #8]	; (10004450 <_retrieve_unique_id_on_boot+0xc>)
10004448:	f000 f8d8 	bl	100045fc <flash_get_unique_id>
1000444c:	bd10      	pop	{r4, pc}
1000444e:	46c0      	nop			; (mov r8, r8)
10004450:	20001c94 	.word	0x20001c94

10004454 <pico_get_unique_board_id_string>:
10004454:	b530      	push	{r4, r5, lr}
10004456:	1e4b      	subs	r3, r1, #1
10004458:	2901      	cmp	r1, #1
1000445a:	d100      	bne.n	1000445e <pico_get_unique_board_id_string+0xa>
1000445c:	e0a7      	b.n	100045ae <pico_get_unique_board_id_string+0x15a>
1000445e:	4a66      	ldr	r2, [pc, #408]	; (100045f8 <pico_get_unique_board_id_string+0x1a4>)
10004460:	7811      	ldrb	r1, [r2, #0]
10004462:	110d      	asrs	r5, r1, #4
10004464:	002c      	movs	r4, r5
10004466:	3430      	adds	r4, #48	; 0x30
10004468:	299f      	cmp	r1, #159	; 0x9f
1000446a:	d900      	bls.n	1000446e <pico_get_unique_board_id_string+0x1a>
1000446c:	e0a2      	b.n	100045b4 <pico_get_unique_board_id_string+0x160>
1000446e:	7004      	strb	r4, [r0, #0]
10004470:	2b01      	cmp	r3, #1
10004472:	d100      	bne.n	10004476 <pico_get_unique_board_id_string+0x22>
10004474:	e0be      	b.n	100045f4 <pico_get_unique_board_id_string+0x1a0>
10004476:	210f      	movs	r1, #15
10004478:	7814      	ldrb	r4, [r2, #0]
1000447a:	4021      	ands	r1, r4
1000447c:	000c      	movs	r4, r1
1000447e:	3430      	adds	r4, #48	; 0x30
10004480:	2909      	cmp	r1, #9
10004482:	dd00      	ble.n	10004486 <pico_get_unique_board_id_string+0x32>
10004484:	e098      	b.n	100045b8 <pico_get_unique_board_id_string+0x164>
10004486:	7044      	strb	r4, [r0, #1]
10004488:	2b02      	cmp	r3, #2
1000448a:	d100      	bne.n	1000448e <pico_get_unique_board_id_string+0x3a>
1000448c:	e0b2      	b.n	100045f4 <pico_get_unique_board_id_string+0x1a0>
1000448e:	7854      	ldrb	r4, [r2, #1]
10004490:	1125      	asrs	r5, r4, #4
10004492:	0029      	movs	r1, r5
10004494:	3130      	adds	r1, #48	; 0x30
10004496:	2c9f      	cmp	r4, #159	; 0x9f
10004498:	d900      	bls.n	1000449c <pico_get_unique_board_id_string+0x48>
1000449a:	e090      	b.n	100045be <pico_get_unique_board_id_string+0x16a>
1000449c:	7081      	strb	r1, [r0, #2]
1000449e:	2b03      	cmp	r3, #3
100044a0:	d100      	bne.n	100044a4 <pico_get_unique_board_id_string+0x50>
100044a2:	e0a7      	b.n	100045f4 <pico_get_unique_board_id_string+0x1a0>
100044a4:	210f      	movs	r1, #15
100044a6:	4021      	ands	r1, r4
100044a8:	000c      	movs	r4, r1
100044aa:	3430      	adds	r4, #48	; 0x30
100044ac:	2909      	cmp	r1, #9
100044ae:	dd00      	ble.n	100044b2 <pico_get_unique_board_id_string+0x5e>
100044b0:	e087      	b.n	100045c2 <pico_get_unique_board_id_string+0x16e>
100044b2:	70c4      	strb	r4, [r0, #3]
100044b4:	2b04      	cmp	r3, #4
100044b6:	d100      	bne.n	100044ba <pico_get_unique_board_id_string+0x66>
100044b8:	e09c      	b.n	100045f4 <pico_get_unique_board_id_string+0x1a0>
100044ba:	7894      	ldrb	r4, [r2, #2]
100044bc:	1125      	asrs	r5, r4, #4
100044be:	0029      	movs	r1, r5
100044c0:	3130      	adds	r1, #48	; 0x30
100044c2:	2c9f      	cmp	r4, #159	; 0x9f
100044c4:	d900      	bls.n	100044c8 <pico_get_unique_board_id_string+0x74>
100044c6:	e07f      	b.n	100045c8 <pico_get_unique_board_id_string+0x174>
100044c8:	7101      	strb	r1, [r0, #4]
100044ca:	2b05      	cmp	r3, #5
100044cc:	d100      	bne.n	100044d0 <pico_get_unique_board_id_string+0x7c>
100044ce:	e091      	b.n	100045f4 <pico_get_unique_board_id_string+0x1a0>
100044d0:	210f      	movs	r1, #15
100044d2:	4021      	ands	r1, r4
100044d4:	000c      	movs	r4, r1
100044d6:	3430      	adds	r4, #48	; 0x30
100044d8:	2909      	cmp	r1, #9
100044da:	dd00      	ble.n	100044de <pico_get_unique_board_id_string+0x8a>
100044dc:	e076      	b.n	100045cc <pico_get_unique_board_id_string+0x178>
100044de:	7144      	strb	r4, [r0, #5]
100044e0:	2b06      	cmp	r3, #6
100044e2:	d100      	bne.n	100044e6 <pico_get_unique_board_id_string+0x92>
100044e4:	e086      	b.n	100045f4 <pico_get_unique_board_id_string+0x1a0>
100044e6:	78d4      	ldrb	r4, [r2, #3]
100044e8:	1125      	asrs	r5, r4, #4
100044ea:	0029      	movs	r1, r5
100044ec:	3130      	adds	r1, #48	; 0x30
100044ee:	2c9f      	cmp	r4, #159	; 0x9f
100044f0:	d900      	bls.n	100044f4 <pico_get_unique_board_id_string+0xa0>
100044f2:	e06e      	b.n	100045d2 <pico_get_unique_board_id_string+0x17e>
100044f4:	7181      	strb	r1, [r0, #6]
100044f6:	2b07      	cmp	r3, #7
100044f8:	d100      	bne.n	100044fc <pico_get_unique_board_id_string+0xa8>
100044fa:	e07b      	b.n	100045f4 <pico_get_unique_board_id_string+0x1a0>
100044fc:	210f      	movs	r1, #15
100044fe:	4021      	ands	r1, r4
10004500:	000c      	movs	r4, r1
10004502:	3430      	adds	r4, #48	; 0x30
10004504:	2909      	cmp	r1, #9
10004506:	dc66      	bgt.n	100045d6 <pico_get_unique_board_id_string+0x182>
10004508:	71c4      	strb	r4, [r0, #7]
1000450a:	2b08      	cmp	r3, #8
1000450c:	d100      	bne.n	10004510 <pico_get_unique_board_id_string+0xbc>
1000450e:	e071      	b.n	100045f4 <pico_get_unique_board_id_string+0x1a0>
10004510:	7914      	ldrb	r4, [r2, #4]
10004512:	1125      	asrs	r5, r4, #4
10004514:	0029      	movs	r1, r5
10004516:	3130      	adds	r1, #48	; 0x30
10004518:	2c9f      	cmp	r4, #159	; 0x9f
1000451a:	d85f      	bhi.n	100045dc <pico_get_unique_board_id_string+0x188>
1000451c:	7201      	strb	r1, [r0, #8]
1000451e:	2b09      	cmp	r3, #9
10004520:	d068      	beq.n	100045f4 <pico_get_unique_board_id_string+0x1a0>
10004522:	210f      	movs	r1, #15
10004524:	4021      	ands	r1, r4
10004526:	000c      	movs	r4, r1
10004528:	3430      	adds	r4, #48	; 0x30
1000452a:	2909      	cmp	r1, #9
1000452c:	dc58      	bgt.n	100045e0 <pico_get_unique_board_id_string+0x18c>
1000452e:	7244      	strb	r4, [r0, #9]
10004530:	2b0a      	cmp	r3, #10
10004532:	d05f      	beq.n	100045f4 <pico_get_unique_board_id_string+0x1a0>
10004534:	7954      	ldrb	r4, [r2, #5]
10004536:	1125      	asrs	r5, r4, #4
10004538:	0029      	movs	r1, r5
1000453a:	3130      	adds	r1, #48	; 0x30
1000453c:	2c9f      	cmp	r4, #159	; 0x9f
1000453e:	d852      	bhi.n	100045e6 <pico_get_unique_board_id_string+0x192>
10004540:	7281      	strb	r1, [r0, #10]
10004542:	2b0b      	cmp	r3, #11
10004544:	d056      	beq.n	100045f4 <pico_get_unique_board_id_string+0x1a0>
10004546:	210f      	movs	r1, #15
10004548:	4021      	ands	r1, r4
1000454a:	000c      	movs	r4, r1
1000454c:	3430      	adds	r4, #48	; 0x30
1000454e:	2909      	cmp	r1, #9
10004550:	dc4b      	bgt.n	100045ea <pico_get_unique_board_id_string+0x196>
10004552:	72c4      	strb	r4, [r0, #11]
10004554:	2b0c      	cmp	r3, #12
10004556:	d04d      	beq.n	100045f4 <pico_get_unique_board_id_string+0x1a0>
10004558:	7994      	ldrb	r4, [r2, #6]
1000455a:	1125      	asrs	r5, r4, #4
1000455c:	0029      	movs	r1, r5
1000455e:	3130      	adds	r1, #48	; 0x30
10004560:	2c9f      	cmp	r4, #159	; 0x9f
10004562:	d900      	bls.n	10004566 <pico_get_unique_board_id_string+0x112>
10004564:	3107      	adds	r1, #7
10004566:	7301      	strb	r1, [r0, #12]
10004568:	2b0d      	cmp	r3, #13
1000456a:	d043      	beq.n	100045f4 <pico_get_unique_board_id_string+0x1a0>
1000456c:	210f      	movs	r1, #15
1000456e:	4021      	ands	r1, r4
10004570:	000c      	movs	r4, r1
10004572:	3430      	adds	r4, #48	; 0x30
10004574:	2909      	cmp	r1, #9
10004576:	dd01      	ble.n	1000457c <pico_get_unique_board_id_string+0x128>
10004578:	3137      	adds	r1, #55	; 0x37
1000457a:	000c      	movs	r4, r1
1000457c:	7344      	strb	r4, [r0, #13]
1000457e:	2b0e      	cmp	r3, #14
10004580:	d038      	beq.n	100045f4 <pico_get_unique_board_id_string+0x1a0>
10004582:	79d1      	ldrb	r1, [r2, #7]
10004584:	110c      	asrs	r4, r1, #4
10004586:	0022      	movs	r2, r4
10004588:	3230      	adds	r2, #48	; 0x30
1000458a:	299f      	cmp	r1, #159	; 0x9f
1000458c:	d900      	bls.n	10004590 <pico_get_unique_board_id_string+0x13c>
1000458e:	3207      	adds	r2, #7
10004590:	7382      	strb	r2, [r0, #14]
10004592:	2b0f      	cmp	r3, #15
10004594:	d02e      	beq.n	100045f4 <pico_get_unique_board_id_string+0x1a0>
10004596:	220f      	movs	r2, #15
10004598:	400a      	ands	r2, r1
1000459a:	0011      	movs	r1, r2
1000459c:	3137      	adds	r1, #55	; 0x37
1000459e:	2a09      	cmp	r2, #9
100045a0:	dc01      	bgt.n	100045a6 <pico_get_unique_board_id_string+0x152>
100045a2:	3230      	adds	r2, #48	; 0x30
100045a4:	0011      	movs	r1, r2
100045a6:	73c1      	strb	r1, [r0, #15]
100045a8:	2b10      	cmp	r3, #16
100045aa:	d023      	beq.n	100045f4 <pico_get_unique_board_id_string+0x1a0>
100045ac:	3010      	adds	r0, #16
100045ae:	2300      	movs	r3, #0
100045b0:	7003      	strb	r3, [r0, #0]
100045b2:	bd30      	pop	{r4, r5, pc}
100045b4:	3407      	adds	r4, #7
100045b6:	e75a      	b.n	1000446e <pico_get_unique_board_id_string+0x1a>
100045b8:	3137      	adds	r1, #55	; 0x37
100045ba:	000c      	movs	r4, r1
100045bc:	e763      	b.n	10004486 <pico_get_unique_board_id_string+0x32>
100045be:	3107      	adds	r1, #7
100045c0:	e76c      	b.n	1000449c <pico_get_unique_board_id_string+0x48>
100045c2:	3137      	adds	r1, #55	; 0x37
100045c4:	000c      	movs	r4, r1
100045c6:	e774      	b.n	100044b2 <pico_get_unique_board_id_string+0x5e>
100045c8:	3107      	adds	r1, #7
100045ca:	e77d      	b.n	100044c8 <pico_get_unique_board_id_string+0x74>
100045cc:	3137      	adds	r1, #55	; 0x37
100045ce:	000c      	movs	r4, r1
100045d0:	e785      	b.n	100044de <pico_get_unique_board_id_string+0x8a>
100045d2:	3107      	adds	r1, #7
100045d4:	e78e      	b.n	100044f4 <pico_get_unique_board_id_string+0xa0>
100045d6:	3137      	adds	r1, #55	; 0x37
100045d8:	000c      	movs	r4, r1
100045da:	e795      	b.n	10004508 <pico_get_unique_board_id_string+0xb4>
100045dc:	3107      	adds	r1, #7
100045de:	e79d      	b.n	1000451c <pico_get_unique_board_id_string+0xc8>
100045e0:	3137      	adds	r1, #55	; 0x37
100045e2:	000c      	movs	r4, r1
100045e4:	e7a3      	b.n	1000452e <pico_get_unique_board_id_string+0xda>
100045e6:	3107      	adds	r1, #7
100045e8:	e7aa      	b.n	10004540 <pico_get_unique_board_id_string+0xec>
100045ea:	3137      	adds	r1, #55	; 0x37
100045ec:	000c      	movs	r4, r1
100045ee:	72c4      	strb	r4, [r0, #11]
100045f0:	2b0c      	cmp	r3, #12
100045f2:	d1b1      	bne.n	10004558 <pico_get_unique_board_id_string+0x104>
100045f4:	18c0      	adds	r0, r0, r3
100045f6:	e7da      	b.n	100045ae <pico_get_unique_board_id_string+0x15a>
100045f8:	20001c94 	.word	0x20001c94

100045fc <flash_get_unique_id>:
100045fc:	b530      	push	{r4, r5, lr}
100045fe:	2500      	movs	r5, #0
10004600:	b089      	sub	sp, #36	; 0x24
10004602:	0004      	movs	r4, r0
10004604:	2209      	movs	r2, #9
10004606:	2100      	movs	r1, #0
10004608:	a801      	add	r0, sp, #4
1000460a:	9500      	str	r5, [sp, #0]
1000460c:	f7fd ffb4 	bl	10002578 <__wrap_memset>
10004610:	2209      	movs	r2, #9
10004612:	2100      	movs	r1, #0
10004614:	a805      	add	r0, sp, #20
10004616:	9504      	str	r5, [sp, #16]
10004618:	f7fd ffae 	bl	10002578 <__wrap_memset>
1000461c:	466a      	mov	r2, sp
1000461e:	234b      	movs	r3, #75	; 0x4b
10004620:	4668      	mov	r0, sp
10004622:	7013      	strb	r3, [r2, #0]
10004624:	a904      	add	r1, sp, #16
10004626:	2300      	movs	r3, #0
10004628:	220d      	movs	r2, #13
1000462a:	f001 fe99 	bl	10006360 <__flash_do_cmd_cs_veneer>
1000462e:	2115      	movs	r1, #21
10004630:	2208      	movs	r2, #8
10004632:	0020      	movs	r0, r4
10004634:	4469      	add	r1, sp
10004636:	f7fd ffa5 	bl	10002584 <__wrap___aeabi_memcpy>
1000463a:	b009      	add	sp, #36	; 0x24
1000463c:	bd30      	pop	{r4, r5, pc}
1000463e:	46c0      	nop			; (mov r8, r8)

10004640 <usb_reset_interface_init>:
10004640:	4770      	bx	lr
10004642:	46c0      	nop			; (mov r8, r8)

10004644 <usb_reset_interface_reset>:
10004644:	2200      	movs	r2, #0
10004646:	4b01      	ldr	r3, [pc, #4]	; (1000464c <usb_reset_interface_reset+0x8>)
10004648:	701a      	strb	r2, [r3, #0]
1000464a:	4770      	bx	lr
1000464c:	20001cc2 	.word	0x20001cc2

10004650 <usb_reset_interface_open>:
10004650:	794b      	ldrb	r3, [r1, #5]
10004652:	2000      	movs	r0, #0
10004654:	2bff      	cmp	r3, #255	; 0xff
10004656:	d10b      	bne.n	10004670 <usb_reset_interface_open+0x20>
10004658:	798b      	ldrb	r3, [r1, #6]
1000465a:	2b00      	cmp	r3, #0
1000465c:	d108      	bne.n	10004670 <usb_reset_interface_open+0x20>
1000465e:	79cb      	ldrb	r3, [r1, #7]
10004660:	2b01      	cmp	r3, #1
10004662:	d105      	bne.n	10004670 <usb_reset_interface_open+0x20>
10004664:	2a08      	cmp	r2, #8
10004666:	d903      	bls.n	10004670 <usb_reset_interface_open+0x20>
10004668:	788a      	ldrb	r2, [r1, #2]
1000466a:	4b02      	ldr	r3, [pc, #8]	; (10004674 <usb_reset_interface_open+0x24>)
1000466c:	3009      	adds	r0, #9
1000466e:	701a      	strb	r2, [r3, #0]
10004670:	4770      	bx	lr
10004672:	46c0      	nop			; (mov r8, r8)
10004674:	20001cc2 	.word	0x20001cc2

10004678 <usb_reset_interface_xfer_cb>:
10004678:	2001      	movs	r0, #1
1000467a:	4770      	bx	lr

1000467c <usb_reset_interface_control_xfer_cb>:
1000467c:	b510      	push	{r4, lr}
1000467e:	2901      	cmp	r1, #1
10004680:	d109      	bne.n	10004696 <usb_reset_interface_control_xfer_cb+0x1a>
10004682:	4916      	ldr	r1, [pc, #88]	; (100046dc <usb_reset_interface_control_xfer_cb+0x60>)
10004684:	7953      	ldrb	r3, [r2, #5]
10004686:	7910      	ldrb	r0, [r2, #4]
10004688:	7809      	ldrb	r1, [r1, #0]
1000468a:	021b      	lsls	r3, r3, #8
1000468c:	4303      	orrs	r3, r0
1000468e:	2000      	movs	r0, #0
10004690:	4299      	cmp	r1, r3
10004692:	d002      	beq.n	1000469a <usb_reset_interface_control_xfer_cb+0x1e>
10004694:	bd10      	pop	{r4, pc}
10004696:	2001      	movs	r0, #1
10004698:	e7fc      	b.n	10004694 <usb_reset_interface_control_xfer_cb+0x18>
1000469a:	7853      	ldrb	r3, [r2, #1]
1000469c:	2b01      	cmp	r3, #1
1000469e:	d008      	beq.n	100046b2 <usb_reset_interface_control_xfer_cb+0x36>
100046a0:	2b02      	cmp	r3, #2
100046a2:	d1f7      	bne.n	10004694 <usb_reset_interface_control_xfer_cb+0x18>
100046a4:	2000      	movs	r0, #0
100046a6:	2264      	movs	r2, #100	; 0x64
100046a8:	2100      	movs	r1, #0
100046aa:	f7fc fed7 	bl	1000145c <watchdog_reboot>
100046ae:	2001      	movs	r0, #1
100046b0:	e7f0      	b.n	10004694 <usb_reset_interface_control_xfer_cb+0x18>
100046b2:	78d1      	ldrb	r1, [r2, #3]
100046b4:	7890      	ldrb	r0, [r2, #2]
100046b6:	0209      	lsls	r1, r1, #8
100046b8:	4301      	orrs	r1, r0
100046ba:	2080      	movs	r0, #128	; 0x80
100046bc:	000a      	movs	r2, r1
100046be:	0040      	lsls	r0, r0, #1
100046c0:	4002      	ands	r2, r0
100046c2:	4201      	tst	r1, r0
100046c4:	d006      	beq.n	100046d4 <usb_reset_interface_control_xfer_cb+0x58>
100046c6:	09ca      	lsrs	r2, r1, #7
100046c8:	401a      	ands	r2, r3
100046ca:	0a48      	lsrs	r0, r1, #9
100046cc:	2303      	movs	r3, #3
100046ce:	4019      	ands	r1, r3
100046d0:	f7fc ff4a 	bl	10001568 <rom_reset_usb_boot_extra>
100046d4:	2001      	movs	r0, #1
100046d6:	4240      	negs	r0, r0
100046d8:	e7f8      	b.n	100046cc <usb_reset_interface_control_xfer_cb+0x50>
100046da:	46c0      	nop			; (mov r8, r8)
100046dc:	20001cc2 	.word	0x20001cc2

100046e0 <tud_descriptor_bos_cb>:
100046e0:	4800      	ldr	r0, [pc, #0]	; (100046e4 <tud_descriptor_bos_cb+0x4>)
100046e2:	4770      	bx	lr
100046e4:	10006858 	.word	0x10006858

100046e8 <tud_vendor_control_xfer_cb>:
100046e8:	b570      	push	{r4, r5, r6, lr}
100046ea:	0005      	movs	r5, r0
100046ec:	0014      	movs	r4, r2
100046ee:	2001      	movs	r0, #1
100046f0:	2901      	cmp	r1, #1
100046f2:	d109      	bne.n	10004708 <tud_vendor_control_xfer_cb+0x20>
100046f4:	7853      	ldrb	r3, [r2, #1]
100046f6:	2000      	movs	r0, #0
100046f8:	2b01      	cmp	r3, #1
100046fa:	d105      	bne.n	10004708 <tud_vendor_control_xfer_cb+0x20>
100046fc:	7963      	ldrb	r3, [r4, #5]
100046fe:	7912      	ldrb	r2, [r2, #4]
10004700:	021b      	lsls	r3, r3, #8
10004702:	4313      	orrs	r3, r2
10004704:	2b07      	cmp	r3, #7
10004706:	d000      	beq.n	1000470a <tud_vendor_control_xfer_cb+0x22>
10004708:	bd70      	pop	{r4, r5, r6, pc}
1000470a:	0021      	movs	r1, r4
1000470c:	0028      	movs	r0, r5
1000470e:	4a02      	ldr	r2, [pc, #8]	; (10004718 <tud_vendor_control_xfer_cb+0x30>)
10004710:	339f      	adds	r3, #159	; 0x9f
10004712:	f000 fee5 	bl	100054e0 <tud_control_xfer>
10004716:	e7f7      	b.n	10004708 <tud_vendor_control_xfer_cb+0x20>
10004718:	1000687c 	.word	0x1000687c

1000471c <usbd_app_driver_get_cb>:
1000471c:	2301      	movs	r3, #1
1000471e:	7003      	strb	r3, [r0, #0]
10004720:	4800      	ldr	r0, [pc, #0]	; (10004724 <usbd_app_driver_get_cb+0x8>)
10004722:	4770      	bx	lr
10004724:	10006924 	.word	0x10006924

10004728 <tud_cdc_line_coding_cb>:
10004728:	7848      	ldrb	r0, [r1, #1]
1000472a:	780b      	ldrb	r3, [r1, #0]
1000472c:	788a      	ldrb	r2, [r1, #2]
1000472e:	0200      	lsls	r0, r0, #8
10004730:	4318      	orrs	r0, r3
10004732:	0412      	lsls	r2, r2, #16
10004734:	4310      	orrs	r0, r2
10004736:	2296      	movs	r2, #150	; 0x96
10004738:	78cb      	ldrb	r3, [r1, #3]
1000473a:	b510      	push	{r4, lr}
1000473c:	061b      	lsls	r3, r3, #24
1000473e:	4303      	orrs	r3, r0
10004740:	00d2      	lsls	r2, r2, #3
10004742:	4293      	cmp	r3, r2
10004744:	d000      	beq.n	10004748 <tud_cdc_line_coding_cb+0x20>
10004746:	bd10      	pop	{r4, pc}
10004748:	2200      	movs	r2, #0
1000474a:	2001      	movs	r0, #1
1000474c:	0011      	movs	r1, r2
1000474e:	4240      	negs	r0, r0
10004750:	f7fc ff0a 	bl	10001568 <rom_reset_usb_boot_extra>

10004754 <dcd_init>:
10004754:	b5f8      	push	{r3, r4, r5, r6, r7, lr}
10004756:	f000 f937 	bl	100049c8 <rp2040_usb_init>
1000475a:	230c      	movs	r3, #12
1000475c:	4d19      	ldr	r5, [pc, #100]	; (100047c4 <dcd_init+0x70>)
1000475e:	22ff      	movs	r2, #255	; 0xff
10004760:	67ab      	str	r3, [r5, #120]	; 0x78
10004762:	2005      	movs	r0, #5
10004764:	4918      	ldr	r1, [pc, #96]	; (100047c8 <dcd_init+0x74>)
10004766:	f7fb ff41 	bl	100005ec <irq_add_shared_handler>
1000476a:	4c18      	ldr	r4, [pc, #96]	; (100047cc <dcd_init+0x78>)
1000476c:	2240      	movs	r2, #64	; 0x40
1000476e:	2100      	movs	r1, #0
10004770:	0020      	movs	r0, r4
10004772:	f7fd ff01 	bl	10002578 <__wrap_memset>
10004776:	2740      	movs	r7, #64	; 0x40
10004778:	2300      	movs	r3, #0
1000477a:	2601      	movs	r6, #1
1000477c:	2121      	movs	r1, #33	; 0x21
1000477e:	4a14      	ldr	r2, [pc, #80]	; (100047d0 <dcd_init+0x7c>)
10004780:	7066      	strb	r6, [r4, #1]
10004782:	8327      	strh	r7, [r4, #24]
10004784:	60a2      	str	r2, [r4, #8]
10004786:	6013      	str	r3, [r2, #0]
10004788:	5463      	strb	r3, [r4, r1]
1000478a:	315f      	adds	r1, #95	; 0x5f
1000478c:	8461      	strh	r1, [r4, #34]	; 0x22
1000478e:	3945      	subs	r1, #69	; 0x45
10004790:	5463      	strb	r3, [r4, r1]
10004792:	4a10      	ldr	r2, [pc, #64]	; (100047d4 <dcd_init+0x80>)
10004794:	4910      	ldr	r1, [pc, #64]	; (100047d8 <dcd_init+0x84>)
10004796:	6063      	str	r3, [r4, #4]
10004798:	60e2      	str	r2, [r4, #12]
1000479a:	8727      	strh	r7, [r4, #56]	; 0x38
1000479c:	62a1      	str	r1, [r4, #40]	; 0x28
1000479e:	600b      	str	r3, [r1, #0]
100047a0:	6263      	str	r3, [r4, #36]	; 0x24
100047a2:	62e2      	str	r2, [r4, #44]	; 0x2c
100047a4:	f001 fdac 	bl	10006300 <__reset_non_control_endpoints_veneer>
100047a8:	2380      	movs	r3, #128	; 0x80
100047aa:	059b      	lsls	r3, r3, #22
100047ac:	642e      	str	r6, [r5, #64]	; 0x40
100047ae:	64eb      	str	r3, [r5, #76]	; 0x4c
100047b0:	2390      	movs	r3, #144	; 0x90
100047b2:	4a0a      	ldr	r2, [pc, #40]	; (100047dc <dcd_init+0x88>)
100047b4:	2001      	movs	r0, #1
100047b6:	50ea      	str	r2, [r5, r3]
100047b8:	2280      	movs	r2, #128	; 0x80
100047ba:	4b09      	ldr	r3, [pc, #36]	; (100047e0 <dcd_init+0x8c>)
100047bc:	0252      	lsls	r2, r2, #9
100047be:	64da      	str	r2, [r3, #76]	; 0x4c
100047c0:	bdf8      	pop	{r3, r4, r5, r6, r7, pc}
100047c2:	46c0      	nop			; (mov r8, r8)
100047c4:	50110000 	.word	0x50110000
100047c8:	200004f9 	.word	0x200004f9
100047cc:	20001870 	.word	0x20001870
100047d0:	50100084 	.word	0x50100084
100047d4:	50100100 	.word	0x50100100
100047d8:	50100080 	.word	0x50100080
100047dc:	0001d010 	.word	0x0001d010
100047e0:	50112000 	.word	0x50112000

100047e4 <dcd_int_enable>:
100047e4:	b510      	push	{r4, lr}
100047e6:	2101      	movs	r1, #1
100047e8:	2005      	movs	r0, #5
100047ea:	f7fb fe9d 	bl	10000528 <irq_set_enabled>
100047ee:	bd10      	pop	{r4, pc}

100047f0 <dcd_set_address>:
100047f0:	b510      	push	{r4, lr}
100047f2:	2200      	movs	r2, #0
100047f4:	2100      	movs	r1, #0
100047f6:	4802      	ldr	r0, [pc, #8]	; (10004800 <dcd_set_address+0x10>)
100047f8:	f000 f906 	bl	10004a08 <hw_endpoint_xfer_start>
100047fc:	bd10      	pop	{r4, pc}
100047fe:	46c0      	nop			; (mov r8, r8)
10004800:	20001890 	.word	0x20001890

10004804 <dcd_sof_enable>:
10004804:	4b04      	ldr	r3, [pc, #16]	; (10004818 <dcd_sof_enable+0x14>)
10004806:	7019      	strb	r1, [r3, #0]
10004808:	2900      	cmp	r1, #0
1000480a:	d004      	beq.n	10004816 <dcd_sof_enable+0x12>
1000480c:	2180      	movs	r1, #128	; 0x80
1000480e:	2390      	movs	r3, #144	; 0x90
10004810:	4a02      	ldr	r2, [pc, #8]	; (1000481c <dcd_sof_enable+0x18>)
10004812:	0289      	lsls	r1, r1, #10
10004814:	50d1      	str	r1, [r2, r3]
10004816:	4770      	bx	lr
10004818:	20001cbe 	.word	0x20001cbe
1000481c:	50112000 	.word	0x50112000

10004820 <dcd_edpt0_status_complete>:
10004820:	780b      	ldrb	r3, [r1, #0]
10004822:	065b      	lsls	r3, r3, #25
10004824:	d102      	bne.n	1000482c <dcd_edpt0_status_complete+0xc>
10004826:	784b      	ldrb	r3, [r1, #1]
10004828:	2b05      	cmp	r3, #5
1000482a:	d000      	beq.n	1000482e <dcd_edpt0_status_complete+0xe>
1000482c:	4770      	bx	lr
1000482e:	788a      	ldrb	r2, [r1, #2]
10004830:	4b01      	ldr	r3, [pc, #4]	; (10004838 <dcd_edpt0_status_complete+0x18>)
10004832:	601a      	str	r2, [r3, #0]
10004834:	e7fa      	b.n	1000482c <dcd_edpt0_status_complete+0xc>
10004836:	46c0      	nop			; (mov r8, r8)
10004838:	50110000 	.word	0x50110000

1000483c <dcd_edpt_open>:
1000483c:	b5f0      	push	{r4, r5, r6, r7, lr}
1000483e:	46c6      	mov	lr, r8
10004840:	78cb      	ldrb	r3, [r1, #3]
10004842:	b500      	push	{lr}
10004844:	079b      	lsls	r3, r3, #30
10004846:	0f9c      	lsrs	r4, r3, #30
10004848:	0020      	movs	r0, r4
1000484a:	2c01      	cmp	r4, #1
1000484c:	d056      	beq.n	100048fc <dcd_edpt_open+0xc0>
1000484e:	788d      	ldrb	r5, [r1, #2]
10004850:	790e      	ldrb	r6, [r1, #4]
10004852:	794b      	ldrb	r3, [r1, #5]
10004854:	217f      	movs	r1, #127	; 0x7f
10004856:	021b      	lsls	r3, r3, #8
10004858:	4029      	ands	r1, r5
1000485a:	4333      	orrs	r3, r6
1000485c:	004a      	lsls	r2, r1, #1
1000485e:	09ee      	lsrs	r6, r5, #7
10004860:	4694      	mov	ip, r2
10004862:	4f2c      	ldr	r7, [pc, #176]	; (10004914 <dcd_edpt_open+0xd8>)
10004864:	1992      	adds	r2, r2, r6
10004866:	0152      	lsls	r2, r2, #5
10004868:	18ba      	adds	r2, r7, r2
1000486a:	7095      	strb	r5, [r2, #2]
1000486c:	2501      	movs	r5, #1
1000486e:	4075      	eors	r5, r6
10004870:	7055      	strb	r5, [r2, #1]
10004872:	2500      	movs	r5, #0
10004874:	055b      	lsls	r3, r3, #21
10004876:	0d5b      	lsrs	r3, r3, #21
10004878:	70d5      	strb	r5, [r2, #3]
1000487a:	8313      	strh	r3, [r2, #24]
1000487c:	76d4      	strb	r4, [r2, #27]
1000487e:	00ca      	lsls	r2, r1, #3
10004880:	2e01      	cmp	r6, #1
10004882:	d02a      	beq.n	100048da <dcd_edpt_open+0x9e>
10004884:	4c24      	ldr	r4, [pc, #144]	; (10004918 <dcd_edpt_open+0xdc>)
10004886:	46a0      	mov	r8, r4
10004888:	018c      	lsls	r4, r1, #6
1000488a:	4442      	add	r2, r8
1000488c:	193c      	adds	r4, r7, r4
1000488e:	60a2      	str	r2, [r4, #8]
10004890:	6015      	str	r5, [r2, #0]
10004892:	2900      	cmp	r1, #0
10004894:	d02a      	beq.n	100048ec <dcd_edpt_open+0xb0>
10004896:	4a21      	ldr	r2, [pc, #132]	; (1000491c <dcd_edpt_open+0xe0>)
10004898:	00c9      	lsls	r1, r1, #3
1000489a:	4690      	mov	r8, r2
1000489c:	4441      	add	r1, r8
1000489e:	6061      	str	r1, [r4, #4]
100048a0:	223f      	movs	r2, #63	; 0x3f
100048a2:	333f      	adds	r3, #63	; 0x3f
100048a4:	4393      	bics	r3, r2
100048a6:	2802      	cmp	r0, #2
100048a8:	d030      	beq.n	1000490c <dcd_edpt_open+0xd0>
100048aa:	491d      	ldr	r1, [pc, #116]	; (10004920 <dcd_edpt_open+0xe4>)
100048ac:	4466      	add	r6, ip
100048ae:	680a      	ldr	r2, [r1, #0]
100048b0:	0176      	lsls	r6, r6, #5
100048b2:	18d3      	adds	r3, r2, r3
100048b4:	600b      	str	r3, [r1, #0]
100048b6:	491b      	ldr	r1, [pc, #108]	; (10004924 <dcd_edpt_open+0xe8>)
100048b8:	19bf      	adds	r7, r7, r6
100048ba:	60fa      	str	r2, [r7, #12]
100048bc:	428b      	cmp	r3, r1
100048be:	d827      	bhi.n	10004910 <dcd_edpt_open+0xd4>
100048c0:	4b19      	ldr	r3, [pc, #100]	; (10004928 <dcd_edpt_open+0xec>)
100048c2:	0680      	lsls	r0, r0, #26
100048c4:	4053      	eors	r3, r2
100048c6:	4318      	orrs	r0, r3
100048c8:	2380      	movs	r3, #128	; 0x80
100048ca:	061b      	lsls	r3, r3, #24
100048cc:	4303      	orrs	r3, r0
100048ce:	2001      	movs	r0, #1
100048d0:	687a      	ldr	r2, [r7, #4]
100048d2:	6013      	str	r3, [r2, #0]
100048d4:	bc80      	pop	{r7}
100048d6:	46b8      	mov	r8, r7
100048d8:	bdf0      	pop	{r4, r5, r6, r7, pc}
100048da:	4c14      	ldr	r4, [pc, #80]	; (1000492c <dcd_edpt_open+0xf0>)
100048dc:	46a0      	mov	r8, r4
100048de:	018c      	lsls	r4, r1, #6
100048e0:	4442      	add	r2, r8
100048e2:	193c      	adds	r4, r7, r4
100048e4:	62a2      	str	r2, [r4, #40]	; 0x28
100048e6:	6015      	str	r5, [r2, #0]
100048e8:	2900      	cmp	r1, #0
100048ea:	d109      	bne.n	10004900 <dcd_edpt_open+0xc4>
100048ec:	2300      	movs	r3, #0
100048ee:	0176      	lsls	r6, r6, #5
100048f0:	19bf      	adds	r7, r7, r6
100048f2:	607b      	str	r3, [r7, #4]
100048f4:	4b0e      	ldr	r3, [pc, #56]	; (10004930 <dcd_edpt_open+0xf4>)
100048f6:	2001      	movs	r0, #1
100048f8:	60fb      	str	r3, [r7, #12]
100048fa:	e7eb      	b.n	100048d4 <dcd_edpt_open+0x98>
100048fc:	2000      	movs	r0, #0
100048fe:	e7e9      	b.n	100048d4 <dcd_edpt_open+0x98>
10004900:	4a09      	ldr	r2, [pc, #36]	; (10004928 <dcd_edpt_open+0xec>)
10004902:	00c9      	lsls	r1, r1, #3
10004904:	4690      	mov	r8, r2
10004906:	4441      	add	r1, r8
10004908:	6261      	str	r1, [r4, #36]	; 0x24
1000490a:	e7c9      	b.n	100048a0 <dcd_edpt_open+0x64>
1000490c:	005b      	lsls	r3, r3, #1
1000490e:	e7cc      	b.n	100048aa <dcd_edpt_open+0x6e>
10004910:	f7fc fe54 	bl	100015bc <hard_assertion_failure>
10004914:	20001870 	.word	0x20001870
10004918:	50100084 	.word	0x50100084
1000491c:	50100004 	.word	0x50100004
10004920:	20001c78 	.word	0x20001c78
10004924:	50100fff 	.word	0x50100fff
10004928:	50100000 	.word	0x50100000
1000492c:	50100080 	.word	0x50100080
10004930:	50100100 	.word	0x50100100

10004934 <dcd_edpt_close_all>:
10004934:	b510      	push	{r4, lr}
10004936:	f001 fce3 	bl	10006300 <__reset_non_control_endpoints_veneer>
1000493a:	bd10      	pop	{r4, pc}

1000493c <dcd_edpt_xfer>:
1000493c:	b510      	push	{r4, lr}
1000493e:	207f      	movs	r0, #127	; 0x7f
10004940:	000c      	movs	r4, r1
10004942:	4020      	ands	r0, r4
10004944:	0040      	lsls	r0, r0, #1
10004946:	09e4      	lsrs	r4, r4, #7
10004948:	0011      	movs	r1, r2
1000494a:	1900      	adds	r0, r0, r4
1000494c:	001a      	movs	r2, r3
1000494e:	4b03      	ldr	r3, [pc, #12]	; (1000495c <dcd_edpt_xfer+0x20>)
10004950:	0140      	lsls	r0, r0, #5
10004952:	18c0      	adds	r0, r0, r3
10004954:	f000 f858 	bl	10004a08 <hw_endpoint_xfer_start>
10004958:	2001      	movs	r0, #1
1000495a:	bd10      	pop	{r4, pc}
1000495c:	20001870 	.word	0x20001870

10004960 <dcd_edpt_stall>:
10004960:	227f      	movs	r2, #127	; 0x7f
10004962:	0013      	movs	r3, r2
10004964:	b510      	push	{r4, lr}
10004966:	400b      	ands	r3, r1
10004968:	420a      	tst	r2, r1
1000496a:	d00b      	beq.n	10004984 <dcd_edpt_stall+0x24>
1000496c:	09c9      	lsrs	r1, r1, #7
1000496e:	2280      	movs	r2, #128	; 0x80
10004970:	0058      	lsls	r0, r3, #1
10004972:	1840      	adds	r0, r0, r1
10004974:	4906      	ldr	r1, [pc, #24]	; (10004990 <dcd_edpt_stall+0x30>)
10004976:	0140      	lsls	r0, r0, #5
10004978:	1840      	adds	r0, r0, r1
1000497a:	0112      	lsls	r2, r2, #4
1000497c:	2100      	movs	r1, #0
1000497e:	f001 fcdf 	bl	10006340 <___hw_endpoint_buffer_control_update32_veneer>
10004982:	bd10      	pop	{r4, pc}
10004984:	2202      	movs	r2, #2
10004986:	4803      	ldr	r0, [pc, #12]	; (10004994 <dcd_edpt_stall+0x34>)
10004988:	09c9      	lsrs	r1, r1, #7
1000498a:	1a52      	subs	r2, r2, r1
1000498c:	6682      	str	r2, [r0, #104]	; 0x68
1000498e:	e7ee      	b.n	1000496e <dcd_edpt_stall+0xe>
10004990:	20001870 	.word	0x20001870
10004994:	50112000 	.word	0x50112000

10004998 <dcd_edpt_clear_stall>:
10004998:	227f      	movs	r2, #127	; 0x7f
1000499a:	0010      	movs	r0, r2
1000499c:	b510      	push	{r4, lr}
1000499e:	4008      	ands	r0, r1
100049a0:	420a      	tst	r2, r1
100049a2:	d100      	bne.n	100049a6 <dcd_edpt_clear_stall+0xe>
100049a4:	bd10      	pop	{r4, pc}
100049a6:	2300      	movs	r3, #0
100049a8:	09c9      	lsrs	r1, r1, #7
100049aa:	0040      	lsls	r0, r0, #1
100049ac:	1840      	adds	r0, r0, r1
100049ae:	4904      	ldr	r1, [pc, #16]	; (100049c0 <dcd_edpt_clear_stall+0x28>)
100049b0:	0140      	lsls	r0, r0, #5
100049b2:	1808      	adds	r0, r1, r0
100049b4:	2200      	movs	r2, #0
100049b6:	4903      	ldr	r1, [pc, #12]	; (100049c4 <dcd_edpt_clear_stall+0x2c>)
100049b8:	70c3      	strb	r3, [r0, #3]
100049ba:	f001 fcc1 	bl	10006340 <___hw_endpoint_buffer_control_update32_veneer>
100049be:	e7f1      	b.n	100049a4 <dcd_edpt_clear_stall+0xc>
100049c0:	20001870 	.word	0x20001870
100049c4:	fffff7ff 	.word	0xfffff7ff

100049c8 <rp2040_usb_init>:
100049c8:	2280      	movs	r2, #128	; 0x80
100049ca:	4b0a      	ldr	r3, [pc, #40]	; (100049f4 <rp2040_usb_init+0x2c>)
100049cc:	0452      	lsls	r2, r2, #17
100049ce:	b510      	push	{r4, lr}
100049d0:	601a      	str	r2, [r3, #0]
100049d2:	4b09      	ldr	r3, [pc, #36]	; (100049f8 <rp2040_usb_init+0x30>)
100049d4:	4909      	ldr	r1, [pc, #36]	; (100049fc <rp2040_usb_init+0x34>)
100049d6:	601a      	str	r2, [r3, #0]
100049d8:	0010      	movs	r0, r2
100049da:	680b      	ldr	r3, [r1, #0]
100049dc:	4398      	bics	r0, r3
100049de:	d1fb      	bne.n	100049d8 <rp2040_usb_init+0x10>
100049e0:	2280      	movs	r2, #128	; 0x80
100049e2:	2100      	movs	r1, #0
100049e4:	0152      	lsls	r2, r2, #5
100049e6:	4806      	ldr	r0, [pc, #24]	; (10004a00 <rp2040_usb_init+0x38>)
100049e8:	f7fd fdc6 	bl	10002578 <__wrap_memset>
100049ec:	2209      	movs	r2, #9
100049ee:	4b05      	ldr	r3, [pc, #20]	; (10004a04 <rp2040_usb_init+0x3c>)
100049f0:	675a      	str	r2, [r3, #116]	; 0x74
100049f2:	bd10      	pop	{r4, pc}
100049f4:	4000e000 	.word	0x4000e000
100049f8:	4000f000 	.word	0x4000f000
100049fc:	4000c008 	.word	0x4000c008
10004a00:	50100000 	.word	0x50100000
10004a04:	50110000 	.word	0x50110000

10004a08 <hw_endpoint_xfer_start>:
10004a08:	b570      	push	{r4, r5, r6, lr}
10004a0a:	7e83      	ldrb	r3, [r0, #26]
10004a0c:	0004      	movs	r4, r0
10004a0e:	000d      	movs	r5, r1
10004a10:	0016      	movs	r6, r2
10004a12:	2b00      	cmp	r3, #0
10004a14:	d117      	bne.n	10004a46 <hw_endpoint_xfer_start+0x3e>
10004a16:	2300      	movs	r3, #0
10004a18:	82e3      	strh	r3, [r4, #22]
10004a1a:	3301      	adds	r3, #1
10004a1c:	0020      	movs	r0, r4
10004a1e:	82a6      	strh	r6, [r4, #20]
10004a20:	76a3      	strb	r3, [r4, #26]
10004a22:	6125      	str	r5, [r4, #16]
10004a24:	f001 fcb4 	bl	10006390 <__e15_is_bulkin_ep_veneer>
10004a28:	2800      	cmp	r0, #0
10004a2a:	d004      	beq.n	10004a36 <hw_endpoint_xfer_start+0x2e>
10004a2c:	2180      	movs	r1, #128	; 0x80
10004a2e:	2390      	movs	r3, #144	; 0x90
10004a30:	4a08      	ldr	r2, [pc, #32]	; (10004a54 <hw_endpoint_xfer_start+0x4c>)
10004a32:	0289      	lsls	r1, r1, #10
10004a34:	50d1      	str	r1, [r2, r3]
10004a36:	0020      	movs	r0, r4
10004a38:	f001 fc9a 	bl	10006370 <__e15_is_critical_frame_period_veneer>
10004a3c:	2800      	cmp	r0, #0
10004a3e:	d005      	beq.n	10004a4c <hw_endpoint_xfer_start+0x44>
10004a40:	2301      	movs	r3, #1
10004a42:	7723      	strb	r3, [r4, #28]
10004a44:	bd70      	pop	{r4, r5, r6, pc}
10004a46:	f001 fc83 	bl	10006350 <__hw_endpoint_reset_transfer_veneer>
10004a4a:	e7e4      	b.n	10004a16 <hw_endpoint_xfer_start+0xe>
10004a4c:	0020      	movs	r0, r4
10004a4e:	f001 fc67 	bl	10006320 <__hw_endpoint_start_next_buffer_veneer>
10004a52:	e7f7      	b.n	10004a44 <hw_endpoint_xfer_start+0x3c>
10004a54:	50112000 	.word	0x50112000

10004a58 <tud_event_hook_cb>:
10004a58:	4770      	bx	lr
10004a5a:	46c0      	nop			; (mov r8, r8)

10004a5c <tud_sof_cb>:
10004a5c:	4770      	bx	lr
10004a5e:	46c0      	nop			; (mov r8, r8)

10004a60 <tud_descriptor_device_qualifier_cb>:
10004a60:	2000      	movs	r0, #0
10004a62:	4770      	bx	lr

10004a64 <tud_descriptor_other_speed_configuration_cb>:
10004a64:	2000      	movs	r0, #0
10004a66:	4770      	bx	lr

10004a68 <tud_mount_cb>:
10004a68:	4770      	bx	lr
10004a6a:	46c0      	nop			; (mov r8, r8)

10004a6c <tud_umount_cb>:
10004a6c:	4770      	bx	lr
10004a6e:	46c0      	nop			; (mov r8, r8)

10004a70 <tud_suspend_cb>:
10004a70:	4770      	bx	lr
10004a72:	46c0      	nop			; (mov r8, r8)

10004a74 <tud_resume_cb>:
10004a74:	4770      	bx	lr
10004a76:	46c0      	nop			; (mov r8, r8)

10004a78 <tud_mounted>:
10004a78:	4b02      	ldr	r3, [pc, #8]	; (10004a84 <tud_mounted+0xc>)
10004a7a:	7858      	ldrb	r0, [r3, #1]
10004a7c:	1e43      	subs	r3, r0, #1
10004a7e:	4198      	sbcs	r0, r3
10004a80:	b2c0      	uxtb	r0, r0
10004a82:	4770      	bx	lr
10004a84:	200015e8 	.word	0x200015e8

10004a88 <tud_suspended>:
10004a88:	4b02      	ldr	r3, [pc, #8]	; (10004a94 <tud_suspended+0xc>)
10004a8a:	7818      	ldrb	r0, [r3, #0]
10004a8c:	0740      	lsls	r0, r0, #29
10004a8e:	0fc0      	lsrs	r0, r0, #31
10004a90:	4770      	bx	lr
10004a92:	46c0      	nop			; (mov r8, r8)
10004a94:	200015e8 	.word	0x200015e8

10004a98 <tud_rhport_init>:
10004a98:	b5f0      	push	{r4, r5, r6, r7, lr}
10004a9a:	4646      	mov	r6, r8
10004a9c:	464f      	mov	r7, r9
10004a9e:	46d6      	mov	lr, sl
10004aa0:	b5c0      	push	{r6, r7, lr}
10004aa2:	4b2e      	ldr	r3, [pc, #184]	; (10004b5c <tud_rhport_init+0xc4>)
10004aa4:	4681      	mov	r9, r0
10004aa6:	4698      	mov	r8, r3
10004aa8:	781b      	ldrb	r3, [r3, #0]
10004aaa:	000e      	movs	r6, r1
10004aac:	2401      	movs	r4, #1
10004aae:	2bff      	cmp	r3, #255	; 0xff
10004ab0:	d140      	bne.n	10004b34 <tud_rhport_init+0x9c>
10004ab2:	2900      	cmp	r1, #0
10004ab4:	d03d      	beq.n	10004b32 <tud_rhport_init+0x9a>
10004ab6:	2100      	movs	r1, #0
10004ab8:	2254      	movs	r2, #84	; 0x54
10004aba:	4829      	ldr	r0, [pc, #164]	; (10004b60 <tud_rhport_init+0xc8>)
10004abc:	f7fd fd5c 	bl	10002578 <__wrap_memset>
10004ac0:	2200      	movs	r2, #0
10004ac2:	4c28      	ldr	r4, [pc, #160]	; (10004b64 <tud_rhport_init+0xcc>)
10004ac4:	4b28      	ldr	r3, [pc, #160]	; (10004b68 <tud_rhport_init+0xd0>)
10004ac6:	0020      	movs	r0, r4
10004ac8:	701a      	strb	r2, [r3, #0]
10004aca:	f7fb ff15 	bl	100008f8 <mutex_init>
10004ace:	4b27      	ldr	r3, [pc, #156]	; (10004b6c <tud_rhport_init+0xd4>)
10004ad0:	601c      	str	r4, [r3, #0]
10004ad2:	4c27      	ldr	r4, [pc, #156]	; (10004b70 <tud_rhport_init+0xd8>)
10004ad4:	0020      	movs	r0, r4
10004ad6:	3014      	adds	r0, #20
10004ad8:	f7fb ff1c 	bl	10000914 <critical_section_init>
10004adc:	0020      	movs	r0, r4
10004ade:	f001 fb9d 	bl	1000621c <tu_fifo_clear>
10004ae2:	4b24      	ldr	r3, [pc, #144]	; (10004b74 <tud_rhport_init+0xdc>)
10004ae4:	4d24      	ldr	r5, [pc, #144]	; (10004b78 <tud_rhport_init+0xe0>)
10004ae6:	601c      	str	r4, [r3, #0]
10004ae8:	4b24      	ldr	r3, [pc, #144]	; (10004b7c <tud_rhport_init+0xe4>)
10004aea:	2b00      	cmp	r3, #0
10004aec:	d004      	beq.n	10004af8 <tud_rhport_init+0x60>
10004aee:	0028      	movs	r0, r5
10004af0:	f7ff fe14 	bl	1000471c <usbd_app_driver_get_cb>
10004af4:	4b22      	ldr	r3, [pc, #136]	; (10004b80 <tud_rhport_init+0xe8>)
10004af6:	6018      	str	r0, [r3, #0]
10004af8:	4a22      	ldr	r2, [pc, #136]	; (10004b84 <tud_rhport_init+0xec>)
10004afa:	2400      	movs	r4, #0
10004afc:	4692      	mov	sl, r2
10004afe:	782b      	ldrb	r3, [r5, #0]
10004b00:	4f1f      	ldr	r7, [pc, #124]	; (10004b80 <tud_rhport_init+0xe8>)
10004b02:	e00e      	b.n	10004b22 <tud_rhport_init+0x8a>
10004b04:	683a      	ldr	r2, [r7, #0]
10004b06:	0163      	lsls	r3, r4, #5
10004b08:	4694      	mov	ip, r2
10004b0a:	4463      	add	r3, ip
10004b0c:	2b00      	cmp	r3, #0
10004b0e:	d010      	beq.n	10004b32 <tud_rhport_init+0x9a>
10004b10:	685b      	ldr	r3, [r3, #4]
10004b12:	2b00      	cmp	r3, #0
10004b14:	d00d      	beq.n	10004b32 <tud_rhport_init+0x9a>
10004b16:	4798      	blx	r3
10004b18:	3401      	adds	r4, #1
10004b1a:	782b      	ldrb	r3, [r5, #0]
10004b1c:	b2e4      	uxtb	r4, r4
10004b1e:	42a3      	cmp	r3, r4
10004b20:	d30e      	bcc.n	10004b40 <tud_rhport_init+0xa8>
10004b22:	429c      	cmp	r4, r3
10004b24:	d3ee      	bcc.n	10004b04 <tud_rhport_init+0x6c>
10004b26:	1ae3      	subs	r3, r4, r3
10004b28:	015b      	lsls	r3, r3, #5
10004b2a:	4453      	add	r3, sl
10004b2c:	685b      	ldr	r3, [r3, #4]
10004b2e:	2b00      	cmp	r3, #0
10004b30:	d1f1      	bne.n	10004b16 <tud_rhport_init+0x7e>
10004b32:	2400      	movs	r4, #0
10004b34:	0020      	movs	r0, r4
10004b36:	bce0      	pop	{r5, r6, r7}
10004b38:	46ba      	mov	sl, r7
10004b3a:	46b1      	mov	r9, r6
10004b3c:	46a8      	mov	r8, r5
10004b3e:	bdf0      	pop	{r4, r5, r6, r7, pc}
10004b40:	4643      	mov	r3, r8
10004b42:	464a      	mov	r2, r9
10004b44:	0031      	movs	r1, r6
10004b46:	4648      	mov	r0, r9
10004b48:	701a      	strb	r2, [r3, #0]
10004b4a:	f7ff fe03 	bl	10004754 <dcd_init>
10004b4e:	1e04      	subs	r4, r0, #0
10004b50:	d0ef      	beq.n	10004b32 <tud_rhport_init+0x9a>
10004b52:	4648      	mov	r0, r9
10004b54:	f7ff fe46 	bl	100047e4 <dcd_int_enable>
10004b58:	e7ec      	b.n	10004b34 <tud_rhport_init+0x9c>
10004b5a:	46c0      	nop			; (mov r8, r8)
10004b5c:	200010a4 	.word	0x200010a4
10004b60:	200015e8 	.word	0x200015e8
10004b64:	200015e0 	.word	0x200015e0
10004b68:	20001cbf 	.word	0x20001cbf
10004b6c:	2000163c 	.word	0x2000163c
10004b70:	20001088 	.word	0x20001088
10004b74:	20001640 	.word	0x20001640
10004b78:	20001cbd 	.word	0x20001cbd
10004b7c:	1000471d 	.word	0x1000471d
10004b80:	20001438 	.word	0x20001438
10004b84:	10006a48 	.word	0x10006a48

10004b88 <tud_task_ext>:
10004b88:	b5f0      	push	{r4, r5, r6, r7, lr}
10004b8a:	46de      	mov	lr, fp
10004b8c:	4657      	mov	r7, sl
10004b8e:	464e      	mov	r6, r9
10004b90:	4645      	mov	r5, r8
10004b92:	b5e0      	push	{r5, r6, r7, lr}
10004b94:	4bbc      	ldr	r3, [pc, #752]	; (10004e88 <tud_task_ext+0x300>)
10004b96:	b08b      	sub	sp, #44	; 0x2c
10004b98:	781b      	ldrb	r3, [r3, #0]
10004b9a:	2bff      	cmp	r3, #255	; 0xff
10004b9c:	d100      	bne.n	10004ba0 <tud_task_ext+0x18>
10004b9e:	e127      	b.n	10004df0 <tud_task_ext+0x268>
10004ba0:	4bba      	ldr	r3, [pc, #744]	; (10004e8c <tud_task_ext+0x304>)
10004ba2:	4dbb      	ldr	r5, [pc, #748]	; (10004e90 <tud_task_ext+0x308>)
10004ba4:	469a      	mov	sl, r3
10004ba6:	ac07      	add	r4, sp, #28
10004ba8:	682e      	ldr	r6, [r5, #0]
10004baa:	6972      	ldr	r2, [r6, #20]
10004bac:	f3ef 8110 	mrs	r1, PRIMASK
10004bb0:	b672      	cpsid	i
10004bb2:	6813      	ldr	r3, [r2, #0]
10004bb4:	2b00      	cmp	r3, #0
10004bb6:	d0fc      	beq.n	10004bb2 <tud_task_ext+0x2a>
10004bb8:	f3bf 8f5f 	dmb	sy
10004bbc:	61b1      	str	r1, [r6, #24]
10004bbe:	0030      	movs	r0, r6
10004bc0:	0021      	movs	r1, r4
10004bc2:	f001 f96d 	bl	10005ea0 <tu_fifo_read>
10004bc6:	6972      	ldr	r2, [r6, #20]
10004bc8:	69b3      	ldr	r3, [r6, #24]
10004bca:	f3bf 8f5f 	dmb	sy
10004bce:	2100      	movs	r1, #0
10004bd0:	6011      	str	r1, [r2, #0]
10004bd2:	f383 8810 	msr	PRIMASK, r3
10004bd6:	2800      	cmp	r0, #0
10004bd8:	d100      	bne.n	10004bdc <tud_task_ext+0x54>
10004bda:	e109      	b.n	10004df0 <tud_task_ext+0x268>
10004bdc:	7863      	ldrb	r3, [r4, #1]
10004bde:	2b08      	cmp	r3, #8
10004be0:	d8e2      	bhi.n	10004ba8 <tud_task_ext+0x20>
10004be2:	4652      	mov	r2, sl
10004be4:	009b      	lsls	r3, r3, #2
10004be6:	58d3      	ldr	r3, [r2, r3]
10004be8:	469f      	mov	pc, r3
10004bea:	6863      	ldr	r3, [r4, #4]
10004bec:	2b00      	cmp	r3, #0
10004bee:	d0db      	beq.n	10004ba8 <tud_task_ext+0x20>
10004bf0:	68a0      	ldr	r0, [r4, #8]
10004bf2:	4798      	blx	r3
10004bf4:	e7d8      	b.n	10004ba8 <tud_task_ext+0x20>
10004bf6:	237f      	movs	r3, #127	; 0x7f
10004bf8:	7921      	ldrb	r1, [r4, #4]
10004bfa:	4ea6      	ldr	r6, [pc, #664]	; (10004e94 <tud_task_ext+0x30c>)
10004bfc:	400b      	ands	r3, r1
10004bfe:	0058      	lsls	r0, r3, #1
10004c00:	09ca      	lsrs	r2, r1, #7
10004c02:	1836      	adds	r6, r6, r0
10004c04:	18b6      	adds	r6, r6, r2
10004c06:	0032      	movs	r2, r6
10004c08:	2701      	movs	r7, #1
10004c0a:	3230      	adds	r2, #48	; 0x30
10004c0c:	7910      	ldrb	r0, [r2, #4]
10004c0e:	43b8      	bics	r0, r7
10004c10:	7110      	strb	r0, [r2, #4]
10004c12:	7910      	ldrb	r0, [r2, #4]
10004c14:	3703      	adds	r7, #3
10004c16:	43b8      	bics	r0, r7
10004c18:	7110      	strb	r0, [r2, #4]
10004c1a:	2b00      	cmp	r3, #0
10004c1c:	d100      	bne.n	10004c20 <tud_task_ext+0x98>
10004c1e:	e0f0      	b.n	10004e02 <tud_task_ext+0x27a>
10004c20:	4a9d      	ldr	r2, [pc, #628]	; (10004e98 <tud_task_ext+0x310>)
10004c22:	7d33      	ldrb	r3, [r6, #20]
10004c24:	7812      	ldrb	r2, [r2, #0]
10004c26:	4293      	cmp	r3, r2
10004c28:	d300      	bcc.n	10004c2c <tud_task_ext+0xa4>
10004c2a:	e0df      	b.n	10004dec <tud_task_ext+0x264>
10004c2c:	4a9b      	ldr	r2, [pc, #620]	; (10004e9c <tud_task_ext+0x314>)
10004c2e:	015b      	lsls	r3, r3, #5
10004c30:	6812      	ldr	r2, [r2, #0]
10004c32:	18d3      	adds	r3, r2, r3
10004c34:	2b00      	cmp	r3, #0
10004c36:	d100      	bne.n	10004c3a <tud_task_ext+0xb2>
10004c38:	e0da      	b.n	10004df0 <tud_task_ext+0x268>
10004c3a:	699e      	ldr	r6, [r3, #24]
10004c3c:	7962      	ldrb	r2, [r4, #5]
10004c3e:	7820      	ldrb	r0, [r4, #0]
10004c40:	68a3      	ldr	r3, [r4, #8]
10004c42:	47b0      	blx	r6
10004c44:	e7b0      	b.n	10004ba8 <tud_task_ext+0x20>
10004c46:	4a96      	ldr	r2, [pc, #600]	; (10004ea0 <tud_task_ext+0x318>)
10004c48:	7813      	ldrb	r3, [r2, #0]
10004c4a:	2b00      	cmp	r3, #0
10004c4c:	d100      	bne.n	10004c50 <tud_task_ext+0xc8>
10004c4e:	e0cf      	b.n	10004df0 <tud_task_ext+0x268>
10004c50:	7813      	ldrb	r3, [r2, #0]
10004c52:	3b01      	subs	r3, #1
10004c54:	b2db      	uxtb	r3, r3
10004c56:	7013      	strb	r3, [r2, #0]
10004c58:	7813      	ldrb	r3, [r2, #0]
10004c5a:	2b00      	cmp	r3, #0
10004c5c:	d1a4      	bne.n	10004ba8 <tud_task_ext+0x20>
10004c5e:	2201      	movs	r2, #1
10004c60:	4b8c      	ldr	r3, [pc, #560]	; (10004e94 <tud_task_ext+0x30c>)
10004c62:	2101      	movs	r1, #1
10004c64:	781b      	ldrb	r3, [r3, #0]
10004c66:	488b      	ldr	r0, [pc, #556]	; (10004e94 <tud_task_ext+0x30c>)
10004c68:	4313      	orrs	r3, r2
10004c6a:	4a8a      	ldr	r2, [pc, #552]	; (10004e94 <tud_task_ext+0x30c>)
10004c6c:	4e89      	ldr	r6, [pc, #548]	; (10004e94 <tud_task_ext+0x30c>)
10004c6e:	7013      	strb	r3, [r2, #0]
10004c70:	2334      	movs	r3, #52	; 0x34
10004c72:	5cd2      	ldrb	r2, [r2, r3]
10004c74:	438a      	bics	r2, r1
10004c76:	54c2      	strb	r2, [r0, r3]
10004c78:	5cc2      	ldrb	r2, [r0, r3]
10004c7a:	2004      	movs	r0, #4
10004c7c:	4382      	bics	r2, r0
10004c7e:	54f2      	strb	r2, [r6, r3]
10004c80:	3301      	adds	r3, #1
10004c82:	5cf2      	ldrb	r2, [r6, r3]
10004c84:	438a      	bics	r2, r1
10004c86:	54f2      	strb	r2, [r6, r3]
10004c88:	5cf2      	ldrb	r2, [r6, r3]
10004c8a:	4382      	bics	r2, r0
10004c8c:	54f2      	strb	r2, [r6, r3]
10004c8e:	7823      	ldrb	r3, [r4, #0]
10004c90:	2000      	movs	r0, #0
10004c92:	469b      	mov	fp, r3
10004c94:	f000 fc8c 	bl	100055b0 <usbd_control_set_complete_callback>
10004c98:	2260      	movs	r2, #96	; 0x60
10004c9a:	7923      	ldrb	r3, [r4, #4]
10004c9c:	401a      	ands	r2, r3
10004c9e:	2a60      	cmp	r2, #96	; 0x60
10004ca0:	d00d      	beq.n	10004cbe <tud_task_ext+0x136>
10004ca2:	2a40      	cmp	r2, #64	; 0x40
10004ca4:	d100      	bne.n	10004ca8 <tud_task_ext+0x120>
10004ca6:	e0b4      	b.n	10004e12 <tud_task_ext+0x28a>
10004ca8:	06db      	lsls	r3, r3, #27
10004caa:	0edb      	lsrs	r3, r3, #27
10004cac:	2b01      	cmp	r3, #1
10004cae:	d100      	bne.n	10004cb2 <tud_task_ext+0x12a>
10004cb0:	e0fe      	b.n	10004eb0 <tud_task_ext+0x328>
10004cb2:	2b02      	cmp	r3, #2
10004cb4:	d100      	bne.n	10004cb8 <tud_task_ext+0x130>
10004cb6:	e0c6      	b.n	10004e46 <tud_task_ext+0x2be>
10004cb8:	2b00      	cmp	r3, #0
10004cba:	d100      	bne.n	10004cbe <tud_task_ext+0x136>
10004cbc:	e0b5      	b.n	10004e2a <tud_task_ext+0x2a2>
10004cbe:	7820      	ldrb	r0, [r4, #0]
10004cc0:	2100      	movs	r1, #0
10004cc2:	f7ff fe4d 	bl	10004960 <dcd_edpt_stall>
10004cc6:	2180      	movs	r1, #128	; 0x80
10004cc8:	7820      	ldrb	r0, [r4, #0]
10004cca:	f7ff fe49 	bl	10004960 <dcd_edpt_stall>
10004cce:	e76b      	b.n	10004ba8 <tud_task_ext+0x20>
10004cd0:	4e70      	ldr	r6, [pc, #448]	; (10004e94 <tud_task_ext+0x30c>)
10004cd2:	7833      	ldrb	r3, [r6, #0]
10004cd4:	07db      	lsls	r3, r3, #31
10004cd6:	d400      	bmi.n	10004cda <tud_task_ext+0x152>
10004cd8:	e766      	b.n	10004ba8 <tud_task_ext+0x20>
10004cda:	f7ff fecb 	bl	10004a74 <tud_resume_cb>
10004cde:	e763      	b.n	10004ba8 <tud_task_ext+0x20>
10004ce0:	4b6c      	ldr	r3, [pc, #432]	; (10004e94 <tud_task_ext+0x30c>)
10004ce2:	78db      	ldrb	r3, [r3, #3]
10004ce4:	07db      	lsls	r3, r3, #31
10004ce6:	d400      	bmi.n	10004cea <tud_task_ext+0x162>
10004ce8:	e75e      	b.n	10004ba8 <tud_task_ext+0x20>
10004cea:	6860      	ldr	r0, [r4, #4]
10004cec:	f7ff feb6 	bl	10004a5c <tud_sof_cb>
10004cf0:	e75a      	b.n	10004ba8 <tud_task_ext+0x20>
10004cf2:	4e68      	ldr	r6, [pc, #416]	; (10004e94 <tud_task_ext+0x30c>)
10004cf4:	7833      	ldrb	r3, [r6, #0]
10004cf6:	07db      	lsls	r3, r3, #31
10004cf8:	d400      	bmi.n	10004cfc <tud_task_ext+0x174>
10004cfa:	e755      	b.n	10004ba8 <tud_task_ext+0x20>
10004cfc:	7830      	ldrb	r0, [r6, #0]
10004cfe:	0700      	lsls	r0, r0, #28
10004d00:	0fc0      	lsrs	r0, r0, #31
10004d02:	f7ff feb5 	bl	10004a70 <tud_suspend_cb>
10004d06:	e74f      	b.n	10004ba8 <tud_task_ext+0x20>
10004d08:	4a66      	ldr	r2, [pc, #408]	; (10004ea4 <tud_task_ext+0x31c>)
10004d0a:	4e63      	ldr	r6, [pc, #396]	; (10004e98 <tud_task_ext+0x310>)
10004d0c:	7823      	ldrb	r3, [r4, #0]
10004d0e:	4693      	mov	fp, r2
10004d10:	4a62      	ldr	r2, [pc, #392]	; (10004e9c <tud_task_ext+0x314>)
10004d12:	4698      	mov	r8, r3
10004d14:	4691      	mov	r9, r2
10004d16:	0032      	movs	r2, r6
10004d18:	7833      	ldrb	r3, [r6, #0]
10004d1a:	2700      	movs	r7, #0
10004d1c:	4646      	mov	r6, r8
10004d1e:	4690      	mov	r8, r2
10004d20:	e00f      	b.n	10004d42 <tud_task_ext+0x1ba>
10004d22:	464a      	mov	r2, r9
10004d24:	6812      	ldr	r2, [r2, #0]
10004d26:	017b      	lsls	r3, r7, #5
10004d28:	4694      	mov	ip, r2
10004d2a:	4463      	add	r3, ip
10004d2c:	2b00      	cmp	r3, #0
10004d2e:	d066      	beq.n	10004dfe <tud_task_ext+0x276>
10004d30:	68db      	ldr	r3, [r3, #12]
10004d32:	0030      	movs	r0, r6
10004d34:	4798      	blx	r3
10004d36:	4643      	mov	r3, r8
10004d38:	3701      	adds	r7, #1
10004d3a:	781b      	ldrb	r3, [r3, #0]
10004d3c:	b2ff      	uxtb	r7, r7
10004d3e:	42bb      	cmp	r3, r7
10004d40:	d33e      	bcc.n	10004dc0 <tud_task_ext+0x238>
10004d42:	429f      	cmp	r7, r3
10004d44:	d3ed      	bcc.n	10004d22 <tud_task_ext+0x19a>
10004d46:	1afb      	subs	r3, r7, r3
10004d48:	015b      	lsls	r3, r3, #5
10004d4a:	445b      	add	r3, fp
10004d4c:	e7f0      	b.n	10004d30 <tud_task_ext+0x1a8>
10004d4e:	4a55      	ldr	r2, [pc, #340]	; (10004ea4 <tud_task_ext+0x31c>)
10004d50:	4e51      	ldr	r6, [pc, #324]	; (10004e98 <tud_task_ext+0x310>)
10004d52:	7823      	ldrb	r3, [r4, #0]
10004d54:	4693      	mov	fp, r2
10004d56:	4a51      	ldr	r2, [pc, #324]	; (10004e9c <tud_task_ext+0x314>)
10004d58:	4698      	mov	r8, r3
10004d5a:	4691      	mov	r9, r2
10004d5c:	0032      	movs	r2, r6
10004d5e:	7833      	ldrb	r3, [r6, #0]
10004d60:	2700      	movs	r7, #0
10004d62:	4646      	mov	r6, r8
10004d64:	4690      	mov	r8, r2
10004d66:	e00f      	b.n	10004d88 <tud_task_ext+0x200>
10004d68:	464a      	mov	r2, r9
10004d6a:	6812      	ldr	r2, [r2, #0]
10004d6c:	017b      	lsls	r3, r7, #5
10004d6e:	4694      	mov	ip, r2
10004d70:	4463      	add	r3, ip
10004d72:	2b00      	cmp	r3, #0
10004d74:	d01f      	beq.n	10004db6 <tud_task_ext+0x22e>
10004d76:	68db      	ldr	r3, [r3, #12]
10004d78:	0030      	movs	r0, r6
10004d7a:	4798      	blx	r3
10004d7c:	4643      	mov	r3, r8
10004d7e:	3701      	adds	r7, #1
10004d80:	781b      	ldrb	r3, [r3, #0]
10004d82:	b2ff      	uxtb	r7, r7
10004d84:	42bb      	cmp	r3, r7
10004d86:	d305      	bcc.n	10004d94 <tud_task_ext+0x20c>
10004d88:	42bb      	cmp	r3, r7
10004d8a:	d8ed      	bhi.n	10004d68 <tud_task_ext+0x1e0>
10004d8c:	1afb      	subs	r3, r7, r3
10004d8e:	015b      	lsls	r3, r3, #5
10004d90:	445b      	add	r3, fp
10004d92:	e7f0      	b.n	10004d76 <tud_task_ext+0x1ee>
10004d94:	4e3f      	ldr	r6, [pc, #252]	; (10004e94 <tud_task_ext+0x30c>)
10004d96:	2254      	movs	r2, #84	; 0x54
10004d98:	2100      	movs	r1, #0
10004d9a:	0030      	movs	r0, r6
10004d9c:	f7fd fbec 	bl	10002578 <__wrap_memset>
10004da0:	2210      	movs	r2, #16
10004da2:	21ff      	movs	r1, #255	; 0xff
10004da4:	1d30      	adds	r0, r6, #4
10004da6:	f7fd fbe7 	bl	10002578 <__wrap_memset>
10004daa:	0030      	movs	r0, r6
10004dac:	2220      	movs	r2, #32
10004dae:	21ff      	movs	r1, #255	; 0xff
10004db0:	3014      	adds	r0, #20
10004db2:	f7fd fbe1 	bl	10002578 <__wrap_memset>
10004db6:	f000 fbf1 	bl	1000559c <usbd_control_reset>
10004dba:	f7ff fe57 	bl	10004a6c <tud_umount_cb>
10004dbe:	e6f3      	b.n	10004ba8 <tud_task_ext+0x20>
10004dc0:	4e34      	ldr	r6, [pc, #208]	; (10004e94 <tud_task_ext+0x30c>)
10004dc2:	2254      	movs	r2, #84	; 0x54
10004dc4:	2100      	movs	r1, #0
10004dc6:	0030      	movs	r0, r6
10004dc8:	f7fd fbd6 	bl	10002578 <__wrap_memset>
10004dcc:	2210      	movs	r2, #16
10004dce:	21ff      	movs	r1, #255	; 0xff
10004dd0:	1d30      	adds	r0, r6, #4
10004dd2:	f7fd fbd1 	bl	10002578 <__wrap_memset>
10004dd6:	0030      	movs	r0, r6
10004dd8:	2220      	movs	r2, #32
10004dda:	21ff      	movs	r1, #255	; 0xff
10004ddc:	3014      	adds	r0, #20
10004dde:	f7fd fbcb 	bl	10002578 <__wrap_memset>
10004de2:	f000 fbdb 	bl	1000559c <usbd_control_reset>
10004de6:	7923      	ldrb	r3, [r4, #4]
10004de8:	70b3      	strb	r3, [r6, #2]
10004dea:	e6dd      	b.n	10004ba8 <tud_task_ext+0x20>
10004dec:	4293      	cmp	r3, r2
10004dee:	d00e      	beq.n	10004e0e <tud_task_ext+0x286>
10004df0:	b00b      	add	sp, #44	; 0x2c
10004df2:	bcf0      	pop	{r4, r5, r6, r7}
10004df4:	46bb      	mov	fp, r7
10004df6:	46b2      	mov	sl, r6
10004df8:	46a9      	mov	r9, r5
10004dfa:	46a0      	mov	r8, r4
10004dfc:	bdf0      	pop	{r4, r5, r6, r7, pc}
10004dfe:	4e25      	ldr	r6, [pc, #148]	; (10004e94 <tud_task_ext+0x30c>)
10004e00:	e7ef      	b.n	10004de2 <tud_task_ext+0x25a>
10004e02:	7962      	ldrb	r2, [r4, #5]
10004e04:	7820      	ldrb	r0, [r4, #0]
10004e06:	68a3      	ldr	r3, [r4, #8]
10004e08:	f000 fbe6 	bl	100055d8 <usbd_control_xfer_cb>
10004e0c:	e6cc      	b.n	10004ba8 <tud_task_ext+0x20>
10004e0e:	4b25      	ldr	r3, [pc, #148]	; (10004ea4 <tud_task_ext+0x31c>)
10004e10:	e713      	b.n	10004c3a <tud_task_ext+0xb2>
10004e12:	4825      	ldr	r0, [pc, #148]	; (10004ea8 <tud_task_ext+0x320>)
10004e14:	f000 fbcc 	bl	100055b0 <usbd_control_set_complete_callback>
10004e18:	2101      	movs	r1, #1
10004e1a:	4658      	mov	r0, fp
10004e1c:	aa08      	add	r2, sp, #32
10004e1e:	f7ff fc63 	bl	100046e8 <tud_vendor_control_xfer_cb>
10004e22:	2800      	cmp	r0, #0
10004e24:	d000      	beq.n	10004e28 <tud_task_ext+0x2a0>
10004e26:	e6bf      	b.n	10004ba8 <tud_task_ext+0x20>
10004e28:	e749      	b.n	10004cbe <tud_task_ext+0x136>
10004e2a:	2a20      	cmp	r2, #32
10004e2c:	d100      	bne.n	10004e30 <tud_task_ext+0x2a8>
10004e2e:	e13f      	b.n	100050b0 <tud_task_ext+0x528>
10004e30:	2a00      	cmp	r2, #0
10004e32:	d000      	beq.n	10004e36 <tud_task_ext+0x2ae>
10004e34:	e743      	b.n	10004cbe <tud_task_ext+0x136>
10004e36:	7963      	ldrb	r3, [r4, #5]
10004e38:	2b09      	cmp	r3, #9
10004e3a:	d900      	bls.n	10004e3e <tud_task_ext+0x2b6>
10004e3c:	e73f      	b.n	10004cbe <tud_task_ext+0x136>
10004e3e:	4a1b      	ldr	r2, [pc, #108]	; (10004eac <tud_task_ext+0x324>)
10004e40:	009b      	lsls	r3, r3, #2
10004e42:	58d3      	ldr	r3, [r2, r3]
10004e44:	469f      	mov	pc, r3
10004e46:	2370      	movs	r3, #112	; 0x70
10004e48:	7a21      	ldrb	r1, [r4, #8]
10004e4a:	420b      	tst	r3, r1
10004e4c:	d000      	beq.n	10004e50 <tud_task_ext+0x2c8>
10004e4e:	e736      	b.n	10004cbe <tud_task_ext+0x136>
10004e50:	267f      	movs	r6, #127	; 0x7f
10004e52:	09cb      	lsrs	r3, r1, #7
10004e54:	4698      	mov	r8, r3
10004e56:	400e      	ands	r6, r1
10004e58:	4b0e      	ldr	r3, [pc, #56]	; (10004e94 <tud_task_ext+0x30c>)
10004e5a:	0076      	lsls	r6, r6, #1
10004e5c:	199b      	adds	r3, r3, r6
10004e5e:	4443      	add	r3, r8
10004e60:	7d1f      	ldrb	r7, [r3, #20]
10004e62:	4b0d      	ldr	r3, [pc, #52]	; (10004e98 <tud_task_ext+0x310>)
10004e64:	781b      	ldrb	r3, [r3, #0]
10004e66:	429f      	cmp	r7, r3
10004e68:	d353      	bcc.n	10004f12 <tud_task_ext+0x38a>
10004e6a:	d000      	beq.n	10004e6e <tud_task_ext+0x2e6>
10004e6c:	e13c      	b.n	100050e8 <tud_task_ext+0x560>
10004e6e:	4f0d      	ldr	r7, [pc, #52]	; (10004ea4 <tud_task_ext+0x31c>)
10004e70:	2a00      	cmp	r2, #0
10004e72:	d100      	bne.n	10004e76 <tud_task_ext+0x2ee>
10004e74:	e13c      	b.n	100050f0 <tud_task_ext+0x568>
10004e76:	6978      	ldr	r0, [r7, #20]
10004e78:	f000 fb9a 	bl	100055b0 <usbd_control_set_complete_callback>
10004e7c:	2101      	movs	r1, #1
10004e7e:	4658      	mov	r0, fp
10004e80:	697b      	ldr	r3, [r7, #20]
10004e82:	aa08      	add	r2, sp, #32
10004e84:	4798      	blx	r3
10004e86:	e7cc      	b.n	10004e22 <tud_task_ext+0x29a>
10004e88:	200010a4 	.word	0x200010a4
10004e8c:	100069a0 	.word	0x100069a0
10004e90:	20001640 	.word	0x20001640
10004e94:	200015e8 	.word	0x200015e8
10004e98:	20001cbd 	.word	0x20001cbd
10004e9c:	20001438 	.word	0x20001438
10004ea0:	20001cbf 	.word	0x20001cbf
10004ea4:	10006a48 	.word	0x10006a48
10004ea8:	100046e9 	.word	0x100046e9
10004eac:	100069c4 	.word	0x100069c4
10004eb0:	7a23      	ldrb	r3, [r4, #8]
10004eb2:	2b0f      	cmp	r3, #15
10004eb4:	d900      	bls.n	10004eb8 <tud_task_ext+0x330>
10004eb6:	e702      	b.n	10004cbe <tud_task_ext+0x136>
10004eb8:	4acf      	ldr	r2, [pc, #828]	; (100051f8 <tud_task_ext+0x670>)
10004eba:	4694      	mov	ip, r2
10004ebc:	4acf      	ldr	r2, [pc, #828]	; (100051fc <tud_task_ext+0x674>)
10004ebe:	4463      	add	r3, ip
10004ec0:	791b      	ldrb	r3, [r3, #4]
10004ec2:	7812      	ldrb	r2, [r2, #0]
10004ec4:	4293      	cmp	r3, r2
10004ec6:	d32f      	bcc.n	10004f28 <tud_task_ext+0x3a0>
10004ec8:	d000      	beq.n	10004ecc <tud_task_ext+0x344>
10004eca:	e6f8      	b.n	10004cbe <tud_task_ext+0x136>
10004ecc:	4ecc      	ldr	r6, [pc, #816]	; (10005200 <tud_task_ext+0x678>)
10004ece:	6970      	ldr	r0, [r6, #20]
10004ed0:	f000 fb6e 	bl	100055b0 <usbd_control_set_complete_callback>
10004ed4:	2101      	movs	r1, #1
10004ed6:	4658      	mov	r0, fp
10004ed8:	6973      	ldr	r3, [r6, #20]
10004eda:	aa08      	add	r2, sp, #32
10004edc:	4798      	blx	r3
10004ede:	2800      	cmp	r0, #0
10004ee0:	d000      	beq.n	10004ee4 <tud_task_ext+0x35c>
10004ee2:	e661      	b.n	10004ba8 <tud_task_ext+0x20>
10004ee4:	2260      	movs	r2, #96	; 0x60
10004ee6:	0016      	movs	r6, r2
10004ee8:	7923      	ldrb	r3, [r4, #4]
10004eea:	401e      	ands	r6, r3
10004eec:	421a      	tst	r2, r3
10004eee:	d000      	beq.n	10004ef2 <tud_task_ext+0x36a>
10004ef0:	e6e5      	b.n	10004cbe <tud_task_ext+0x136>
10004ef2:	7963      	ldrb	r3, [r4, #5]
10004ef4:	3b0a      	subs	r3, #10
10004ef6:	2b01      	cmp	r3, #1
10004ef8:	d900      	bls.n	10004efc <tud_task_ext+0x374>
10004efa:	e6e0      	b.n	10004cbe <tud_task_ext+0x136>
10004efc:	f000 fb58 	bl	100055b0 <usbd_control_set_complete_callback>
10004f00:	7963      	ldrb	r3, [r4, #5]
10004f02:	2b0a      	cmp	r3, #10
10004f04:	d100      	bne.n	10004f08 <tud_task_ext+0x380>
10004f06:	e148      	b.n	1000519a <tud_task_ext+0x612>
10004f08:	4658      	mov	r0, fp
10004f0a:	a908      	add	r1, sp, #32
10004f0c:	f000 fad0 	bl	100054b0 <tud_control_status>
10004f10:	e64a      	b.n	10004ba8 <tud_task_ext+0x20>
10004f12:	4bbc      	ldr	r3, [pc, #752]	; (10005204 <tud_task_ext+0x67c>)
10004f14:	017f      	lsls	r7, r7, #5
10004f16:	681b      	ldr	r3, [r3, #0]
10004f18:	19df      	adds	r7, r3, r7
10004f1a:	2a00      	cmp	r2, #0
10004f1c:	d100      	bne.n	10004f20 <tud_task_ext+0x398>
10004f1e:	e0e7      	b.n	100050f0 <tud_task_ext+0x568>
10004f20:	2f00      	cmp	r7, #0
10004f22:	d100      	bne.n	10004f26 <tud_task_ext+0x39e>
10004f24:	e6cb      	b.n	10004cbe <tud_task_ext+0x136>
10004f26:	e7a6      	b.n	10004e76 <tud_task_ext+0x2ee>
10004f28:	4ab6      	ldr	r2, [pc, #728]	; (10005204 <tud_task_ext+0x67c>)
10004f2a:	015b      	lsls	r3, r3, #5
10004f2c:	6816      	ldr	r6, [r2, #0]
10004f2e:	18f6      	adds	r6, r6, r3
10004f30:	2e00      	cmp	r6, #0
10004f32:	d100      	bne.n	10004f36 <tud_task_ext+0x3ae>
10004f34:	e6c3      	b.n	10004cbe <tud_task_ext+0x136>
10004f36:	e7ca      	b.n	10004ece <tud_task_ext+0x346>
10004f38:	4baf      	ldr	r3, [pc, #700]	; (100051f8 <tud_task_ext+0x670>)
10004f3a:	79a7      	ldrb	r7, [r4, #6]
10004f3c:	785b      	ldrb	r3, [r3, #1]
10004f3e:	429f      	cmp	r7, r3
10004f40:	d0e2      	beq.n	10004f08 <tud_task_ext+0x380>
10004f42:	4bad      	ldr	r3, [pc, #692]	; (100051f8 <tud_task_ext+0x670>)
10004f44:	785b      	ldrb	r3, [r3, #1]
10004f46:	2b00      	cmp	r3, #0
10004f48:	d000      	beq.n	10004f4c <tud_task_ext+0x3c4>
10004f4a:	e161      	b.n	10005210 <tud_task_ext+0x688>
10004f4c:	4baa      	ldr	r3, [pc, #680]	; (100051f8 <tud_task_ext+0x670>)
10004f4e:	705f      	strb	r7, [r3, #1]
10004f50:	2f00      	cmp	r7, #0
10004f52:	d100      	bne.n	10004f56 <tud_task_ext+0x3ce>
10004f54:	e14d      	b.n	100051f2 <tud_task_ext+0x66a>
10004f56:	1e78      	subs	r0, r7, #1
10004f58:	b2c0      	uxtb	r0, r0
10004f5a:	f7ff fa35 	bl	100043c8 <tud_descriptor_configuration_cb>
10004f5e:	2800      	cmp	r0, #0
10004f60:	d100      	bne.n	10004f64 <tud_task_ext+0x3dc>
10004f62:	e142      	b.n	100051ea <tud_task_ext+0x662>
10004f64:	7843      	ldrb	r3, [r0, #1]
10004f66:	9304      	str	r3, [sp, #16]
10004f68:	2b02      	cmp	r3, #2
10004f6a:	d000      	beq.n	10004f6e <tud_task_ext+0x3e6>
10004f6c:	e13d      	b.n	100051ea <tud_task_ext+0x662>
10004f6e:	2101      	movs	r1, #1
10004f70:	79c2      	ldrb	r2, [r0, #7]
10004f72:	1193      	asrs	r3, r2, #6
10004f74:	1152      	asrs	r2, r2, #5
10004f76:	400b      	ands	r3, r1
10004f78:	400a      	ands	r2, r1
10004f7a:	0112      	lsls	r2, r2, #4
10004f7c:	015b      	lsls	r3, r3, #5
10004f7e:	4313      	orrs	r3, r2
10004f80:	4a9d      	ldr	r2, [pc, #628]	; (100051f8 <tud_task_ext+0x670>)
10004f82:	312f      	adds	r1, #47	; 0x2f
10004f84:	7812      	ldrb	r2, [r2, #0]
10004f86:	438a      	bics	r2, r1
10004f88:	4313      	orrs	r3, r2
10004f8a:	4a9b      	ldr	r2, [pc, #620]	; (100051f8 <tud_task_ext+0x670>)
10004f8c:	7013      	strb	r3, [r2, #0]
10004f8e:	2309      	movs	r3, #9
10004f90:	4699      	mov	r9, r3
10004f92:	78c3      	ldrb	r3, [r0, #3]
10004f94:	7882      	ldrb	r2, [r0, #2]
10004f96:	021b      	lsls	r3, r3, #8
10004f98:	4313      	orrs	r3, r2
10004f9a:	18c3      	adds	r3, r0, r3
10004f9c:	9302      	str	r3, [sp, #8]
10004f9e:	4b99      	ldr	r3, [pc, #612]	; (10005204 <tud_task_ext+0x67c>)
10004fa0:	4481      	add	r9, r0
10004fa2:	4698      	mov	r8, r3
10004fa4:	464f      	mov	r7, r9
10004fa6:	9b02      	ldr	r3, [sp, #8]
10004fa8:	42bb      	cmp	r3, r7
10004faa:	d800      	bhi.n	10004fae <tud_task_ext+0x426>
10004fac:	e0fe      	b.n	100051ac <tud_task_ext+0x624>
10004fae:	2201      	movs	r2, #1
10004fb0:	787b      	ldrb	r3, [r7, #1]
10004fb2:	9201      	str	r2, [sp, #4]
10004fb4:	2b0b      	cmp	r3, #11
10004fb6:	d104      	bne.n	10004fc2 <tud_task_ext+0x43a>
10004fb8:	78fb      	ldrb	r3, [r7, #3]
10004fba:	9301      	str	r3, [sp, #4]
10004fbc:	783b      	ldrb	r3, [r7, #0]
10004fbe:	18ff      	adds	r7, r7, r3
10004fc0:	787b      	ldrb	r3, [r7, #1]
10004fc2:	2b04      	cmp	r3, #4
10004fc4:	d000      	beq.n	10004fc8 <tud_task_ext+0x440>
10004fc6:	e110      	b.n	100051ea <tud_task_ext+0x662>
10004fc8:	9b02      	ldr	r3, [sp, #8]
10004fca:	46b9      	mov	r9, r7
10004fcc:	1bdb      	subs	r3, r3, r7
10004fce:	b29b      	uxth	r3, r3
10004fd0:	9303      	str	r3, [sp, #12]
10004fd2:	4b8a      	ldr	r3, [pc, #552]	; (100051fc <tud_task_ext+0x674>)
10004fd4:	781e      	ldrb	r6, [r3, #0]
10004fd6:	2300      	movs	r3, #0
10004fd8:	001f      	movs	r7, r3
10004fda:	e019      	b.n	10005010 <tud_task_ext+0x488>
10004fdc:	4642      	mov	r2, r8
10004fde:	6812      	ldr	r2, [r2, #0]
10004fe0:	017b      	lsls	r3, r7, #5
10004fe2:	18d6      	adds	r6, r2, r3
10004fe4:	2e00      	cmp	r6, #0
10004fe6:	d100      	bne.n	10004fea <tud_task_ext+0x462>
10004fe8:	e0ff      	b.n	100051ea <tud_task_ext+0x662>
10004fea:	4649      	mov	r1, r9
10004fec:	4658      	mov	r0, fp
10004fee:	9a03      	ldr	r2, [sp, #12]
10004ff0:	6933      	ldr	r3, [r6, #16]
10004ff2:	4798      	blx	r3
10004ff4:	9005      	str	r0, [sp, #20]
10004ff6:	2808      	cmp	r0, #8
10004ff8:	d903      	bls.n	10005002 <tud_task_ext+0x47a>
10004ffa:	9a03      	ldr	r2, [sp, #12]
10004ffc:	4282      	cmp	r2, r0
10004ffe:	d300      	bcc.n	10005002 <tud_task_ext+0x47a>
10005000:	e0d7      	b.n	100051b2 <tud_task_ext+0x62a>
10005002:	4b7e      	ldr	r3, [pc, #504]	; (100051fc <tud_task_ext+0x674>)
10005004:	3701      	adds	r7, #1
10005006:	781e      	ldrb	r6, [r3, #0]
10005008:	b2ff      	uxtb	r7, r7
1000500a:	42be      	cmp	r6, r7
1000500c:	d200      	bcs.n	10005010 <tud_task_ext+0x488>
1000500e:	e0ec      	b.n	100051ea <tud_task_ext+0x662>
10005010:	42be      	cmp	r6, r7
10005012:	d8e3      	bhi.n	10004fdc <tud_task_ext+0x454>
10005014:	4b7a      	ldr	r3, [pc, #488]	; (10005200 <tud_task_ext+0x678>)
10005016:	1bbe      	subs	r6, r7, r6
10005018:	469c      	mov	ip, r3
1000501a:	0176      	lsls	r6, r6, #5
1000501c:	4466      	add	r6, ip
1000501e:	e7e4      	b.n	10004fea <tud_task_ext+0x462>
10005020:	4b75      	ldr	r3, [pc, #468]	; (100051f8 <tud_task_ext+0x670>)
10005022:	aa06      	add	r2, sp, #24
10005024:	785b      	ldrb	r3, [r3, #1]
10005026:	3202      	adds	r2, #2
10005028:	7013      	strb	r3, [r2, #0]
1000502a:	4658      	mov	r0, fp
1000502c:	2301      	movs	r3, #1
1000502e:	a908      	add	r1, sp, #32
10005030:	f000 fa56 	bl	100054e0 <tud_control_xfer>
10005034:	e5b8      	b.n	10004ba8 <tud_task_ext+0x20>
10005036:	88e0      	ldrh	r0, [r4, #6]
10005038:	0a03      	lsrs	r3, r0, #8
1000503a:	b2c0      	uxtb	r0, r0
1000503c:	2b0f      	cmp	r3, #15
1000503e:	d900      	bls.n	10005042 <tud_task_ext+0x4ba>
10005040:	e63d      	b.n	10004cbe <tud_task_ext+0x136>
10005042:	4971      	ldr	r1, [pc, #452]	; (10005208 <tud_task_ext+0x680>)
10005044:	009a      	lsls	r2, r3, #2
10005046:	588a      	ldr	r2, [r1, r2]
10005048:	4697      	mov	pc, r2
1000504a:	a808      	add	r0, sp, #32
1000504c:	f000 fab6 	bl	100055bc <usbd_control_set_request>
10005050:	4658      	mov	r0, fp
10005052:	79a1      	ldrb	r1, [r4, #6]
10005054:	f7ff fbcc 	bl	100047f0 <dcd_set_address>
10005058:	2202      	movs	r2, #2
1000505a:	4b67      	ldr	r3, [pc, #412]	; (100051f8 <tud_task_ext+0x670>)
1000505c:	781b      	ldrb	r3, [r3, #0]
1000505e:	4313      	orrs	r3, r2
10005060:	4a65      	ldr	r2, [pc, #404]	; (100051f8 <tud_task_ext+0x670>)
10005062:	7013      	strb	r3, [r2, #0]
10005064:	e5a0      	b.n	10004ba8 <tud_task_ext+0x20>
10005066:	88e3      	ldrh	r3, [r4, #6]
10005068:	2b01      	cmp	r3, #1
1000506a:	d000      	beq.n	1000506e <tud_task_ext+0x4e6>
1000506c:	e627      	b.n	10004cbe <tud_task_ext+0x136>
1000506e:	2208      	movs	r2, #8
10005070:	4b61      	ldr	r3, [pc, #388]	; (100051f8 <tud_task_ext+0x670>)
10005072:	781b      	ldrb	r3, [r3, #0]
10005074:	4393      	bics	r3, r2
10005076:	4a60      	ldr	r2, [pc, #384]	; (100051f8 <tud_task_ext+0x670>)
10005078:	7013      	strb	r3, [r2, #0]
1000507a:	e745      	b.n	10004f08 <tud_task_ext+0x380>
1000507c:	2002      	movs	r0, #2
1000507e:	4b5e      	ldr	r3, [pc, #376]	; (100051f8 <tud_task_ext+0x670>)
10005080:	7819      	ldrb	r1, [r3, #0]
10005082:	ab06      	add	r3, sp, #24
10005084:	1c9a      	adds	r2, r3, #2
10005086:	068b      	lsls	r3, r1, #26
10005088:	0889      	lsrs	r1, r1, #2
1000508a:	0fdb      	lsrs	r3, r3, #31
1000508c:	4001      	ands	r1, r0
1000508e:	430b      	orrs	r3, r1
10005090:	8013      	strh	r3, [r2, #0]
10005092:	4658      	mov	r0, fp
10005094:	2302      	movs	r3, #2
10005096:	a908      	add	r1, sp, #32
10005098:	f000 fa22 	bl	100054e0 <tud_control_xfer>
1000509c:	e584      	b.n	10004ba8 <tud_task_ext+0x20>
1000509e:	88e3      	ldrh	r3, [r4, #6]
100050a0:	2b01      	cmp	r3, #1
100050a2:	d000      	beq.n	100050a6 <tud_task_ext+0x51e>
100050a4:	e60b      	b.n	10004cbe <tud_task_ext+0x136>
100050a6:	2208      	movs	r2, #8
100050a8:	4b53      	ldr	r3, [pc, #332]	; (100051f8 <tud_task_ext+0x670>)
100050aa:	781b      	ldrb	r3, [r3, #0]
100050ac:	4313      	orrs	r3, r2
100050ae:	e7e2      	b.n	10005076 <tud_task_ext+0x4ee>
100050b0:	7a23      	ldrb	r3, [r4, #8]
100050b2:	2b0f      	cmp	r3, #15
100050b4:	d900      	bls.n	100050b8 <tud_task_ext+0x530>
100050b6:	e602      	b.n	10004cbe <tud_task_ext+0x136>
100050b8:	4a4f      	ldr	r2, [pc, #316]	; (100051f8 <tud_task_ext+0x670>)
100050ba:	4694      	mov	ip, r2
100050bc:	4463      	add	r3, ip
100050be:	791e      	ldrb	r6, [r3, #4]
100050c0:	4b4e      	ldr	r3, [pc, #312]	; (100051fc <tud_task_ext+0x674>)
100050c2:	781b      	ldrb	r3, [r3, #0]
100050c4:	429e      	cmp	r6, r3
100050c6:	d227      	bcs.n	10005118 <tud_task_ext+0x590>
100050c8:	4a4e      	ldr	r2, [pc, #312]	; (10005204 <tud_task_ext+0x67c>)
100050ca:	0173      	lsls	r3, r6, #5
100050cc:	6816      	ldr	r6, [r2, #0]
100050ce:	18f6      	adds	r6, r6, r3
100050d0:	2e00      	cmp	r6, #0
100050d2:	d100      	bne.n	100050d6 <tud_task_ext+0x54e>
100050d4:	e5f3      	b.n	10004cbe <tud_task_ext+0x136>
100050d6:	6970      	ldr	r0, [r6, #20]
100050d8:	f000 fa6a 	bl	100055b0 <usbd_control_set_complete_callback>
100050dc:	2101      	movs	r1, #1
100050de:	4658      	mov	r0, fp
100050e0:	6973      	ldr	r3, [r6, #20]
100050e2:	aa08      	add	r2, sp, #32
100050e4:	4798      	blx	r3
100050e6:	e69c      	b.n	10004e22 <tud_task_ext+0x29a>
100050e8:	2700      	movs	r7, #0
100050ea:	2a00      	cmp	r2, #0
100050ec:	d000      	beq.n	100050f0 <tud_task_ext+0x568>
100050ee:	e5e6      	b.n	10004cbe <tud_task_ext+0x136>
100050f0:	2202      	movs	r2, #2
100050f2:	7963      	ldrb	r3, [r4, #5]
100050f4:	4699      	mov	r9, r3
100050f6:	4393      	bics	r3, r2
100050f8:	2b01      	cmp	r3, #1
100050fa:	d012      	beq.n	10005122 <tud_task_ext+0x59a>
100050fc:	464b      	mov	r3, r9
100050fe:	2b00      	cmp	r3, #0
10005100:	d000      	beq.n	10005104 <tud_task_ext+0x57c>
10005102:	e5dc      	b.n	10004cbe <tud_task_ext+0x136>
10005104:	4b3c      	ldr	r3, [pc, #240]	; (100051f8 <tud_task_ext+0x670>)
10005106:	aa06      	add	r2, sp, #24
10005108:	199b      	adds	r3, r3, r6
1000510a:	4443      	add	r3, r8
1000510c:	3330      	adds	r3, #48	; 0x30
1000510e:	791b      	ldrb	r3, [r3, #4]
10005110:	3202      	adds	r2, #2
10005112:	079b      	lsls	r3, r3, #30
10005114:	0fdb      	lsrs	r3, r3, #31
10005116:	e7bb      	b.n	10005090 <tud_task_ext+0x508>
10005118:	429e      	cmp	r6, r3
1000511a:	d000      	beq.n	1000511e <tud_task_ext+0x596>
1000511c:	e5cf      	b.n	10004cbe <tud_task_ext+0x136>
1000511e:	4e38      	ldr	r6, [pc, #224]	; (10005200 <tud_task_ext+0x678>)
10005120:	e7d9      	b.n	100050d6 <tud_task_ext+0x54e>
10005122:	88e3      	ldrh	r3, [r4, #6]
10005124:	2b00      	cmp	r3, #0
10005126:	d112      	bne.n	1000514e <tud_task_ext+0x5c6>
10005128:	464b      	mov	r3, r9
1000512a:	2b01      	cmp	r3, #1
1000512c:	d024      	beq.n	10005178 <tud_task_ext+0x5f0>
1000512e:	4b37      	ldr	r3, [pc, #220]	; (1000520c <tud_task_ext+0x684>)
10005130:	7818      	ldrb	r0, [r3, #0]
10005132:	f7ff fc15 	bl	10004960 <dcd_edpt_stall>
10005136:	2102      	movs	r1, #2
10005138:	4b2f      	ldr	r3, [pc, #188]	; (100051f8 <tud_task_ext+0x670>)
1000513a:	199b      	adds	r3, r3, r6
1000513c:	4443      	add	r3, r8
1000513e:	3330      	adds	r3, #48	; 0x30
10005140:	791a      	ldrb	r2, [r3, #4]
10005142:	430a      	orrs	r2, r1
10005144:	2101      	movs	r1, #1
10005146:	711a      	strb	r2, [r3, #4]
10005148:	791a      	ldrb	r2, [r3, #4]
1000514a:	430a      	orrs	r2, r1
1000514c:	711a      	strb	r2, [r3, #4]
1000514e:	2f00      	cmp	r7, #0
10005150:	d100      	bne.n	10005154 <tud_task_ext+0x5cc>
10005152:	e529      	b.n	10004ba8 <tud_task_ext+0x20>
10005154:	6978      	ldr	r0, [r7, #20]
10005156:	f000 fa2b 	bl	100055b0 <usbd_control_set_complete_callback>
1000515a:	697b      	ldr	r3, [r7, #20]
1000515c:	aa08      	add	r2, sp, #32
1000515e:	2101      	movs	r1, #1
10005160:	4658      	mov	r0, fp
10005162:	4798      	blx	r3
10005164:	2000      	movs	r0, #0
10005166:	f000 fa23 	bl	100055b0 <usbd_control_set_complete_callback>
1000516a:	2335      	movs	r3, #53	; 0x35
1000516c:	4a22      	ldr	r2, [pc, #136]	; (100051f8 <tud_task_ext+0x670>)
1000516e:	5cd3      	ldrb	r3, [r2, r3]
10005170:	07db      	lsls	r3, r3, #31
10005172:	d500      	bpl.n	10005176 <tud_task_ext+0x5ee>
10005174:	e518      	b.n	10004ba8 <tud_task_ext+0x20>
10005176:	e6c7      	b.n	10004f08 <tud_task_ext+0x380>
10005178:	4b24      	ldr	r3, [pc, #144]	; (1000520c <tud_task_ext+0x684>)
1000517a:	7818      	ldrb	r0, [r3, #0]
1000517c:	f7ff fc0c 	bl	10004998 <dcd_edpt_clear_stall>
10005180:	2102      	movs	r1, #2
10005182:	4b1d      	ldr	r3, [pc, #116]	; (100051f8 <tud_task_ext+0x670>)
10005184:	199b      	adds	r3, r3, r6
10005186:	4443      	add	r3, r8
10005188:	3330      	adds	r3, #48	; 0x30
1000518a:	791a      	ldrb	r2, [r3, #4]
1000518c:	438a      	bics	r2, r1
1000518e:	4649      	mov	r1, r9
10005190:	711a      	strb	r2, [r3, #4]
10005192:	791a      	ldrb	r2, [r3, #4]
10005194:	438a      	bics	r2, r1
10005196:	711a      	strb	r2, [r3, #4]
10005198:	e7d9      	b.n	1000514e <tud_task_ext+0x5c6>
1000519a:	ab06      	add	r3, sp, #24
1000519c:	1c9a      	adds	r2, r3, #2
1000519e:	4658      	mov	r0, fp
100051a0:	2301      	movs	r3, #1
100051a2:	a908      	add	r1, sp, #32
100051a4:	7016      	strb	r6, [r2, #0]
100051a6:	f000 f99b 	bl	100054e0 <tud_control_xfer>
100051aa:	e4fd      	b.n	10004ba8 <tud_task_ext+0x20>
100051ac:	f7ff fc5c 	bl	10004a68 <tud_mount_cb>
100051b0:	e6aa      	b.n	10004f08 <tud_task_ext+0x380>
100051b2:	003b      	movs	r3, r7
100051b4:	464f      	mov	r7, r9
100051b6:	4699      	mov	r9, r3
100051b8:	9b01      	ldr	r3, [sp, #4]
100051ba:	2b01      	cmp	r3, #1
100051bc:	d100      	bne.n	100051c0 <tud_task_ext+0x638>
100051be:	e085      	b.n	100052cc <tud_task_ext+0x744>
100051c0:	9b01      	ldr	r3, [sp, #4]
100051c2:	2b00      	cmp	r3, #0
100051c4:	d073      	beq.n	100052ae <tud_task_ext+0x726>
100051c6:	2300      	movs	r3, #0
100051c8:	464e      	mov	r6, r9
100051ca:	78b9      	ldrb	r1, [r7, #2]
100051cc:	e005      	b.n	100051da <tud_task_ext+0x652>
100051ce:	7116      	strb	r6, [r2, #4]
100051d0:	3301      	adds	r3, #1
100051d2:	9a01      	ldr	r2, [sp, #4]
100051d4:	b2db      	uxtb	r3, r3
100051d6:	4293      	cmp	r3, r2
100051d8:	d268      	bcs.n	100052ac <tud_task_ext+0x724>
100051da:	4807      	ldr	r0, [pc, #28]	; (100051f8 <tud_task_ext+0x670>)
100051dc:	18ca      	adds	r2, r1, r3
100051de:	4684      	mov	ip, r0
100051e0:	b2d2      	uxtb	r2, r2
100051e2:	4462      	add	r2, ip
100051e4:	7910      	ldrb	r0, [r2, #4]
100051e6:	28ff      	cmp	r0, #255	; 0xff
100051e8:	d0f1      	beq.n	100051ce <tud_task_ext+0x646>
100051ea:	2300      	movs	r3, #0
100051ec:	4a02      	ldr	r2, [pc, #8]	; (100051f8 <tud_task_ext+0x670>)
100051ee:	7053      	strb	r3, [r2, #1]
100051f0:	e565      	b.n	10004cbe <tud_task_ext+0x136>
100051f2:	f7ff fc3b 	bl	10004a6c <tud_umount_cb>
100051f6:	e687      	b.n	10004f08 <tud_task_ext+0x380>
100051f8:	200015e8 	.word	0x200015e8
100051fc:	20001cbd 	.word	0x20001cbd
10005200:	10006a48 	.word	0x10006a48
10005204:	20001438 	.word	0x20001438
10005208:	100069ec 	.word	0x100069ec
1000520c:	200010a4 	.word	0x200010a4
10005210:	2100      	movs	r1, #0
10005212:	4658      	mov	r0, fp
10005214:	f7ff faf6 	bl	10004804 <dcd_sof_enable>
10005218:	4658      	mov	r0, fp
1000521a:	f7ff fb8b 	bl	10004934 <dcd_edpt_close_all>
1000521e:	2200      	movs	r2, #0
10005220:	4e42      	ldr	r6, [pc, #264]	; (1000532c <tud_task_ext+0x7a4>)
10005222:	4690      	mov	r8, r2
10005224:	4a42      	ldr	r2, [pc, #264]	; (10005330 <tud_task_ext+0x7a8>)
10005226:	4b43      	ldr	r3, [pc, #268]	; (10005334 <tud_task_ext+0x7ac>)
10005228:	4691      	mov	r9, r2
1000522a:	0032      	movs	r2, r6
1000522c:	789b      	ldrb	r3, [r3, #2]
1000522e:	9301      	str	r3, [sp, #4]
10005230:	7833      	ldrb	r3, [r6, #0]
10005232:	4646      	mov	r6, r8
10005234:	4690      	mov	r8, r2
10005236:	e00f      	b.n	10005258 <tud_task_ext+0x6d0>
10005238:	464a      	mov	r2, r9
1000523a:	6812      	ldr	r2, [r2, #0]
1000523c:	0173      	lsls	r3, r6, #5
1000523e:	4694      	mov	ip, r2
10005240:	4463      	add	r3, ip
10005242:	2b00      	cmp	r3, #0
10005244:	d020      	beq.n	10005288 <tud_task_ext+0x700>
10005246:	68db      	ldr	r3, [r3, #12]
10005248:	4658      	mov	r0, fp
1000524a:	4798      	blx	r3
1000524c:	4643      	mov	r3, r8
1000524e:	3601      	adds	r6, #1
10005250:	781b      	ldrb	r3, [r3, #0]
10005252:	b2f6      	uxtb	r6, r6
10005254:	42b3      	cmp	r3, r6
10005256:	d307      	bcc.n	10005268 <tud_task_ext+0x6e0>
10005258:	42b3      	cmp	r3, r6
1000525a:	d8ed      	bhi.n	10005238 <tud_task_ext+0x6b0>
1000525c:	4a36      	ldr	r2, [pc, #216]	; (10005338 <tud_task_ext+0x7b0>)
1000525e:	1af3      	subs	r3, r6, r3
10005260:	4694      	mov	ip, r2
10005262:	015b      	lsls	r3, r3, #5
10005264:	4463      	add	r3, ip
10005266:	e7ee      	b.n	10005246 <tud_task_ext+0x6be>
10005268:	2254      	movs	r2, #84	; 0x54
1000526a:	2100      	movs	r1, #0
1000526c:	4831      	ldr	r0, [pc, #196]	; (10005334 <tud_task_ext+0x7ac>)
1000526e:	f7fd f983 	bl	10002578 <__wrap_memset>
10005272:	4b30      	ldr	r3, [pc, #192]	; (10005334 <tud_task_ext+0x7ac>)
10005274:	2210      	movs	r2, #16
10005276:	21ff      	movs	r1, #255	; 0xff
10005278:	1d18      	adds	r0, r3, #4
1000527a:	f7fd f97d 	bl	10002578 <__wrap_memset>
1000527e:	2220      	movs	r2, #32
10005280:	21ff      	movs	r1, #255	; 0xff
10005282:	482e      	ldr	r0, [pc, #184]	; (1000533c <tud_task_ext+0x7b4>)
10005284:	f7fd f978 	bl	10002578 <__wrap_memset>
10005288:	4b2a      	ldr	r3, [pc, #168]	; (10005334 <tud_task_ext+0x7ac>)
1000528a:	9a01      	ldr	r2, [sp, #4]
1000528c:	709a      	strb	r2, [r3, #2]
1000528e:	e65d      	b.n	10004f4c <tud_task_ext+0x3c4>
10005290:	f7ff fa26 	bl	100046e0 <tud_descriptor_bos_cb>
10005294:	1e02      	subs	r2, r0, #0
10005296:	d100      	bne.n	1000529a <tud_task_ext+0x712>
10005298:	e511      	b.n	10004cbe <tud_task_ext+0x136>
1000529a:	78d3      	ldrb	r3, [r2, #3]
1000529c:	7891      	ldrb	r1, [r2, #2]
1000529e:	021b      	lsls	r3, r3, #8
100052a0:	430b      	orrs	r3, r1
100052a2:	4658      	mov	r0, fp
100052a4:	a908      	add	r1, sp, #32
100052a6:	f000 f91b 	bl	100054e0 <tud_control_xfer>
100052aa:	e5ba      	b.n	10004e22 <tud_task_ext+0x29a>
100052ac:	46b1      	mov	r9, r6
100052ae:	9e05      	ldr	r6, [sp, #20]
100052b0:	464b      	mov	r3, r9
100052b2:	0039      	movs	r1, r7
100052b4:	0032      	movs	r2, r6
100052b6:	4821      	ldr	r0, [pc, #132]	; (1000533c <tud_task_ext+0x7b4>)
100052b8:	f000 fd6c 	bl	10005d94 <tu_edpt_bind_driver>
100052bc:	46b4      	mov	ip, r6
100052be:	4b1b      	ldr	r3, [pc, #108]	; (1000532c <tud_task_ext+0x7a4>)
100052c0:	4467      	add	r7, ip
100052c2:	781b      	ldrb	r3, [r3, #0]
100052c4:	454b      	cmp	r3, r9
100052c6:	d300      	bcc.n	100052ca <tud_task_ext+0x742>
100052c8:	e66d      	b.n	10004fa6 <tud_task_ext+0x41e>
100052ca:	e78e      	b.n	100051ea <tud_task_ext+0x662>
100052cc:	4b1c      	ldr	r3, [pc, #112]	; (10005340 <tud_task_ext+0x7b8>)
100052ce:	6932      	ldr	r2, [r6, #16]
100052d0:	429a      	cmp	r2, r3
100052d2:	d000      	beq.n	100052d6 <tud_task_ext+0x74e>
100052d4:	e777      	b.n	100051c6 <tud_task_ext+0x63e>
100052d6:	9b04      	ldr	r3, [sp, #16]
100052d8:	9301      	str	r3, [sp, #4]
100052da:	e774      	b.n	100051c6 <tud_task_ext+0x63e>
100052dc:	f7ff fbc0 	bl	10004a60 <tud_descriptor_device_qualifier_cb>
100052e0:	1e02      	subs	r2, r0, #0
100052e2:	d100      	bne.n	100052e6 <tud_task_ext+0x75e>
100052e4:	e4eb      	b.n	10004cbe <tud_task_ext+0x136>
100052e6:	4658      	mov	r0, fp
100052e8:	7813      	ldrb	r3, [r2, #0]
100052ea:	a908      	add	r1, sp, #32
100052ec:	f000 f8f8 	bl	100054e0 <tud_control_xfer>
100052f0:	e597      	b.n	10004e22 <tud_task_ext+0x29a>
100052f2:	8921      	ldrh	r1, [r4, #8]
100052f4:	f7ff f86c 	bl	100043d0 <tud_descriptor_string_cb>
100052f8:	1e02      	subs	r2, r0, #0
100052fa:	d1f4      	bne.n	100052e6 <tud_task_ext+0x75e>
100052fc:	e4df      	b.n	10004cbe <tud_task_ext+0x136>
100052fe:	2b02      	cmp	r3, #2
10005300:	d00f      	beq.n	10005322 <tud_task_ext+0x79a>
10005302:	f7ff fbaf 	bl	10004a64 <tud_descriptor_other_speed_configuration_cb>
10005306:	1e02      	subs	r2, r0, #0
10005308:	d1c7      	bne.n	1000529a <tud_task_ext+0x712>
1000530a:	e4d8      	b.n	10004cbe <tud_task_ext+0x136>
1000530c:	f7ff f858 	bl	100043c0 <tud_descriptor_device_cb>
10005310:	1e02      	subs	r2, r0, #0
10005312:	d100      	bne.n	10005316 <tud_task_ext+0x78e>
10005314:	e4d3      	b.n	10004cbe <tud_task_ext+0x136>
10005316:	2312      	movs	r3, #18
10005318:	4658      	mov	r0, fp
1000531a:	a908      	add	r1, sp, #32
1000531c:	f000 f8e0 	bl	100054e0 <tud_control_xfer>
10005320:	e57f      	b.n	10004e22 <tud_task_ext+0x29a>
10005322:	f7ff f851 	bl	100043c8 <tud_descriptor_configuration_cb>
10005326:	1e02      	subs	r2, r0, #0
10005328:	d1b7      	bne.n	1000529a <tud_task_ext+0x712>
1000532a:	e4c8      	b.n	10004cbe <tud_task_ext+0x136>
1000532c:	20001cbd 	.word	0x20001cbd
10005330:	20001438 	.word	0x20001438
10005334:	200015e8 	.word	0x200015e8
10005338:	10006a48 	.word	0x10006a48
1000533c:	200015fc 	.word	0x200015fc
10005340:	100059c1 	.word	0x100059c1

10005344 <usbd_open_edpt_pair>:
10005344:	b5f8      	push	{r3, r4, r5, r6, r7, lr}
10005346:	4657      	mov	r7, sl
10005348:	464e      	mov	r6, r9
1000534a:	46de      	mov	lr, fp
1000534c:	4645      	mov	r5, r8
1000534e:	000c      	movs	r4, r1
10005350:	b5e0      	push	{r5, r6, r7, lr}
10005352:	0016      	movs	r6, r2
10005354:	001f      	movs	r7, r3
10005356:	2a00      	cmp	r2, #0
10005358:	d03c      	beq.n	100053d4 <usbd_open_edpt_pair+0x90>
1000535a:	2370      	movs	r3, #112	; 0x70
1000535c:	4698      	mov	r8, r3
1000535e:	4b1e      	ldr	r3, [pc, #120]	; (100053d8 <usbd_open_edpt_pair+0x94>)
10005360:	2500      	movs	r5, #0
10005362:	469b      	mov	fp, r3
10005364:	4b1d      	ldr	r3, [pc, #116]	; (100053dc <usbd_open_edpt_pair+0x98>)
10005366:	469a      	mov	sl, r3
10005368:	e01a      	b.n	100053a0 <usbd_open_edpt_pair+0x5c>
1000536a:	465b      	mov	r3, fp
1000536c:	781b      	ldrb	r3, [r3, #0]
1000536e:	0020      	movs	r0, r4
10005370:	4699      	mov	r9, r3
10005372:	4653      	mov	r3, sl
10005374:	7899      	ldrb	r1, [r3, #2]
10005376:	f000 fcd1 	bl	10005d1c <tu_edpt_validate>
1000537a:	2800      	cmp	r0, #0
1000537c:	d01c      	beq.n	100053b8 <usbd_open_edpt_pair+0x74>
1000537e:	0021      	movs	r1, r4
10005380:	4648      	mov	r0, r9
10005382:	f7ff fa5b 	bl	1000483c <dcd_edpt_open>
10005386:	2800      	cmp	r0, #0
10005388:	d016      	beq.n	100053b8 <usbd_open_edpt_pair+0x74>
1000538a:	78a3      	ldrb	r3, [r4, #2]
1000538c:	09da      	lsrs	r2, r3, #7
1000538e:	2a01      	cmp	r2, #1
10005390:	d019      	beq.n	100053c6 <usbd_open_edpt_pair+0x82>
10005392:	9a0a      	ldr	r2, [sp, #40]	; 0x28
10005394:	3501      	adds	r5, #1
10005396:	7013      	strb	r3, [r2, #0]
10005398:	7823      	ldrb	r3, [r4, #0]
1000539a:	18e4      	adds	r4, r4, r3
1000539c:	42b5      	cmp	r5, r6
1000539e:	da19      	bge.n	100053d4 <usbd_open_edpt_pair+0x90>
100053a0:	7863      	ldrb	r3, [r4, #1]
100053a2:	2b05      	cmp	r3, #5
100053a4:	d108      	bne.n	100053b8 <usbd_open_edpt_pair+0x74>
100053a6:	78e3      	ldrb	r3, [r4, #3]
100053a8:	079b      	lsls	r3, r3, #30
100053aa:	0f9b      	lsrs	r3, r3, #30
100053ac:	42bb      	cmp	r3, r7
100053ae:	d103      	bne.n	100053b8 <usbd_open_edpt_pair+0x74>
100053b0:	4642      	mov	r2, r8
100053b2:	78a3      	ldrb	r3, [r4, #2]
100053b4:	421a      	tst	r2, r3
100053b6:	d0d8      	beq.n	1000536a <usbd_open_edpt_pair+0x26>
100053b8:	2000      	movs	r0, #0
100053ba:	bcf0      	pop	{r4, r5, r6, r7}
100053bc:	46bb      	mov	fp, r7
100053be:	46b2      	mov	sl, r6
100053c0:	46a9      	mov	r9, r5
100053c2:	46a0      	mov	r8, r4
100053c4:	bdf8      	pop	{r3, r4, r5, r6, r7, pc}
100053c6:	9a0b      	ldr	r2, [sp, #44]	; 0x2c
100053c8:	3501      	adds	r5, #1
100053ca:	7013      	strb	r3, [r2, #0]
100053cc:	7823      	ldrb	r3, [r4, #0]
100053ce:	18e4      	adds	r4, r4, r3
100053d0:	42b5      	cmp	r5, r6
100053d2:	dbe5      	blt.n	100053a0 <usbd_open_edpt_pair+0x5c>
100053d4:	2001      	movs	r0, #1
100053d6:	e7f0      	b.n	100053ba <usbd_open_edpt_pair+0x76>
100053d8:	200010a4 	.word	0x200010a4
100053dc:	200015e8 	.word	0x200015e8

100053e0 <usbd_edpt_open>:
100053e0:	2270      	movs	r2, #112	; 0x70
100053e2:	b570      	push	{r4, r5, r6, lr}
100053e4:	788b      	ldrb	r3, [r1, #2]
100053e6:	000c      	movs	r4, r1
100053e8:	421a      	tst	r2, r3
100053ea:	d001      	beq.n	100053f0 <usbd_edpt_open+0x10>
100053ec:	2000      	movs	r0, #0
100053ee:	bd70      	pop	{r4, r5, r6, pc}
100053f0:	4b06      	ldr	r3, [pc, #24]	; (1000540c <usbd_edpt_open+0x2c>)
100053f2:	0020      	movs	r0, r4
100053f4:	781d      	ldrb	r5, [r3, #0]
100053f6:	4b06      	ldr	r3, [pc, #24]	; (10005410 <usbd_edpt_open+0x30>)
100053f8:	7899      	ldrb	r1, [r3, #2]
100053fa:	f000 fc8f 	bl	10005d1c <tu_edpt_validate>
100053fe:	2800      	cmp	r0, #0
10005400:	d0f4      	beq.n	100053ec <usbd_edpt_open+0xc>
10005402:	0021      	movs	r1, r4
10005404:	0028      	movs	r0, r5
10005406:	f7ff fa19 	bl	1000483c <dcd_edpt_open>
1000540a:	e7f0      	b.n	100053ee <usbd_edpt_open+0xe>
1000540c:	200010a4 	.word	0x200010a4
10005410:	200015e8 	.word	0x200015e8

10005414 <usbd_edpt_claim>:
10005414:	4b07      	ldr	r3, [pc, #28]	; (10005434 <usbd_edpt_claim+0x20>)
10005416:	0008      	movs	r0, r1
10005418:	6819      	ldr	r1, [r3, #0]
1000541a:	237f      	movs	r3, #127	; 0x7f
1000541c:	b510      	push	{r4, lr}
1000541e:	4003      	ands	r3, r0
10005420:	09c0      	lsrs	r0, r0, #7
10005422:	005b      	lsls	r3, r3, #1
10005424:	3034      	adds	r0, #52	; 0x34
10005426:	1818      	adds	r0, r3, r0
10005428:	4b03      	ldr	r3, [pc, #12]	; (10005438 <usbd_edpt_claim+0x24>)
1000542a:	1818      	adds	r0, r3, r0
1000542c:	f000 fc32 	bl	10005c94 <tu_edpt_claim>
10005430:	bd10      	pop	{r4, pc}
10005432:	46c0      	nop			; (mov r8, r8)
10005434:	2000163c 	.word	0x2000163c
10005438:	200015e8 	.word	0x200015e8

1000543c <usbd_edpt_release>:
1000543c:	4b07      	ldr	r3, [pc, #28]	; (1000545c <usbd_edpt_release+0x20>)
1000543e:	0008      	movs	r0, r1
10005440:	6819      	ldr	r1, [r3, #0]
10005442:	237f      	movs	r3, #127	; 0x7f
10005444:	b510      	push	{r4, lr}
10005446:	4003      	ands	r3, r0
10005448:	09c0      	lsrs	r0, r0, #7
1000544a:	005b      	lsls	r3, r3, #1
1000544c:	3034      	adds	r0, #52	; 0x34
1000544e:	1818      	adds	r0, r3, r0
10005450:	4b03      	ldr	r3, [pc, #12]	; (10005460 <usbd_edpt_release+0x24>)
10005452:	1818      	adds	r0, r3, r0
10005454:	f000 fc46 	bl	10005ce4 <tu_edpt_release>
10005458:	bd10      	pop	{r4, pc}
1000545a:	46c0      	nop			; (mov r8, r8)
1000545c:	2000163c 	.word	0x2000163c
10005460:	200015e8 	.word	0x200015e8

10005464 <usbd_edpt_xfer>:
10005464:	207f      	movs	r0, #127	; 0x7f
10005466:	b570      	push	{r4, r5, r6, lr}
10005468:	4008      	ands	r0, r1
1000546a:	4c0f      	ldr	r4, [pc, #60]	; (100054a8 <usbd_edpt_xfer+0x44>)
1000546c:	0040      	lsls	r0, r0, #1
1000546e:	09cd      	lsrs	r5, r1, #7
10005470:	1824      	adds	r4, r4, r0
10005472:	1964      	adds	r4, r4, r5
10005474:	3430      	adds	r4, #48	; 0x30
10005476:	7925      	ldrb	r5, [r4, #4]
10005478:	2000      	movs	r0, #0
1000547a:	07ed      	lsls	r5, r5, #31
1000547c:	d500      	bpl.n	10005480 <usbd_edpt_xfer+0x1c>
1000547e:	bd70      	pop	{r4, r5, r6, pc}
10005480:	2601      	movs	r6, #1
10005482:	7925      	ldrb	r5, [r4, #4]
10005484:	4809      	ldr	r0, [pc, #36]	; (100054ac <usbd_edpt_xfer+0x48>)
10005486:	4335      	orrs	r5, r6
10005488:	7800      	ldrb	r0, [r0, #0]
1000548a:	7125      	strb	r5, [r4, #4]
1000548c:	f7ff fa56 	bl	1000493c <dcd_edpt_xfer>
10005490:	2800      	cmp	r0, #0
10005492:	d1f4      	bne.n	1000547e <usbd_edpt_xfer+0x1a>
10005494:	2201      	movs	r2, #1
10005496:	7923      	ldrb	r3, [r4, #4]
10005498:	4393      	bics	r3, r2
1000549a:	7123      	strb	r3, [r4, #4]
1000549c:	7923      	ldrb	r3, [r4, #4]
1000549e:	3203      	adds	r2, #3
100054a0:	4393      	bics	r3, r2
100054a2:	7123      	strb	r3, [r4, #4]
100054a4:	e7eb      	b.n	1000547e <usbd_edpt_xfer+0x1a>
100054a6:	46c0      	nop			; (mov r8, r8)
100054a8:	200015e8 	.word	0x200015e8
100054ac:	200010a4 	.word	0x200010a4

100054b0 <tud_control_status>:
100054b0:	b570      	push	{r4, r5, r6, lr}
100054b2:	4e0a      	ldr	r6, [pc, #40]	; (100054dc <tud_control_status+0x2c>)
100054b4:	0005      	movs	r5, r0
100054b6:	0030      	movs	r0, r6
100054b8:	2208      	movs	r2, #8
100054ba:	000c      	movs	r4, r1
100054bc:	f7fd f862 	bl	10002584 <__wrap___aeabi_memcpy>
100054c0:	2300      	movs	r3, #0
100054c2:	217f      	movs	r1, #127	; 0x7f
100054c4:	60f3      	str	r3, [r6, #12]
100054c6:	7822      	ldrb	r2, [r4, #0]
100054c8:	60b3      	str	r3, [r6, #8]
100054ca:	4291      	cmp	r1, r2
100054cc:	415b      	adcs	r3, r3
100054ce:	0028      	movs	r0, r5
100054d0:	01d9      	lsls	r1, r3, #7
100054d2:	2200      	movs	r2, #0
100054d4:	2300      	movs	r3, #0
100054d6:	f7ff ffc5 	bl	10005464 <usbd_edpt_xfer>
100054da:	bd70      	pop	{r4, r5, r6, pc}
100054dc:	200015c8 	.word	0x200015c8

100054e0 <tud_control_xfer>:
100054e0:	b5f8      	push	{r3, r4, r5, r6, r7, lr}
100054e2:	46ce      	mov	lr, r9
100054e4:	4647      	mov	r7, r8
100054e6:	4691      	mov	r9, r2
100054e8:	4e2a      	ldr	r6, [pc, #168]	; (10005594 <tud_control_xfer+0xb4>)
100054ea:	b580      	push	{r7, lr}
100054ec:	2208      	movs	r2, #8
100054ee:	0007      	movs	r7, r0
100054f0:	0030      	movs	r0, r6
100054f2:	000d      	movs	r5, r1
100054f4:	4698      	mov	r8, r3
100054f6:	f7fd f845 	bl	10002584 <__wrap___aeabi_memcpy>
100054fa:	464b      	mov	r3, r9
100054fc:	60b3      	str	r3, [r6, #8]
100054fe:	2300      	movs	r3, #0
10005500:	81f3      	strh	r3, [r6, #14]
10005502:	79ec      	ldrb	r4, [r5, #7]
10005504:	79a9      	ldrb	r1, [r5, #6]
10005506:	0224      	lsls	r4, r4, #8
10005508:	430c      	orrs	r4, r1
1000550a:	1c23      	adds	r3, r4, #0
1000550c:	4544      	cmp	r4, r8
1000550e:	d900      	bls.n	10005512 <tud_control_xfer+0x32>
10005510:	4643      	mov	r3, r8
10005512:	b29a      	uxth	r2, r3
10005514:	4690      	mov	r8, r2
10005516:	81b3      	strh	r3, [r6, #12]
10005518:	2c00      	cmp	r4, #0
1000551a:	d013      	beq.n	10005544 <tud_control_xfer+0x64>
1000551c:	2a00      	cmp	r2, #0
1000551e:	d01f      	beq.n	10005560 <tud_control_xfer+0x80>
10005520:	464b      	mov	r3, r9
10005522:	2b00      	cmp	r3, #0
10005524:	d034      	beq.n	10005590 <tud_control_xfer+0xb0>
10005526:	1c13      	adds	r3, r2, #0
10005528:	2a40      	cmp	r2, #64	; 0x40
1000552a:	d81f      	bhi.n	1000556c <tud_control_xfer+0x8c>
1000552c:	b29b      	uxth	r3, r3
1000552e:	4698      	mov	r8, r3
10005530:	7833      	ldrb	r3, [r6, #0]
10005532:	2b7f      	cmp	r3, #127	; 0x7f
10005534:	d820      	bhi.n	10005578 <tud_control_xfer+0x98>
10005536:	2100      	movs	r1, #0
10005538:	4a17      	ldr	r2, [pc, #92]	; (10005598 <tud_control_xfer+0xb8>)
1000553a:	4643      	mov	r3, r8
1000553c:	0038      	movs	r0, r7
1000553e:	f7ff ff91 	bl	10005464 <usbd_edpt_xfer>
10005542:	e009      	b.n	10005558 <tud_control_xfer+0x78>
10005544:	227f      	movs	r2, #127	; 0x7f
10005546:	782b      	ldrb	r3, [r5, #0]
10005548:	0038      	movs	r0, r7
1000554a:	429a      	cmp	r2, r3
1000554c:	4164      	adcs	r4, r4
1000554e:	2300      	movs	r3, #0
10005550:	2200      	movs	r2, #0
10005552:	01e1      	lsls	r1, r4, #7
10005554:	f7ff ff86 	bl	10005464 <usbd_edpt_xfer>
10005558:	bcc0      	pop	{r6, r7}
1000555a:	46b9      	mov	r9, r7
1000555c:	46b0      	mov	r8, r6
1000555e:	bdf8      	pop	{r3, r4, r5, r6, r7, pc}
10005560:	7833      	ldrb	r3, [r6, #0]
10005562:	2b7f      	cmp	r3, #127	; 0x7f
10005564:	d911      	bls.n	1000558a <tud_control_xfer+0xaa>
10005566:	2180      	movs	r1, #128	; 0x80
10005568:	2200      	movs	r2, #0
1000556a:	e7e6      	b.n	1000553a <tud_control_xfer+0x5a>
1000556c:	2340      	movs	r3, #64	; 0x40
1000556e:	b29b      	uxth	r3, r3
10005570:	4698      	mov	r8, r3
10005572:	7833      	ldrb	r3, [r6, #0]
10005574:	2b7f      	cmp	r3, #127	; 0x7f
10005576:	d9de      	bls.n	10005536 <tud_control_xfer+0x56>
10005578:	4c07      	ldr	r4, [pc, #28]	; (10005598 <tud_control_xfer+0xb8>)
1000557a:	4642      	mov	r2, r8
1000557c:	4649      	mov	r1, r9
1000557e:	0020      	movs	r0, r4
10005580:	f7fd f800 	bl	10002584 <__wrap___aeabi_memcpy>
10005584:	2180      	movs	r1, #128	; 0x80
10005586:	0022      	movs	r2, r4
10005588:	e7d7      	b.n	1000553a <tud_control_xfer+0x5a>
1000558a:	2100      	movs	r1, #0
1000558c:	2200      	movs	r2, #0
1000558e:	e7d4      	b.n	1000553a <tud_control_xfer+0x5a>
10005590:	2000      	movs	r0, #0
10005592:	e7e1      	b.n	10005558 <tud_control_xfer+0x78>
10005594:	200015c8 	.word	0x200015c8
10005598:	20001588 	.word	0x20001588

1000559c <usbd_control_reset>:
1000559c:	b510      	push	{r4, lr}
1000559e:	2214      	movs	r2, #20
100055a0:	2100      	movs	r1, #0
100055a2:	4802      	ldr	r0, [pc, #8]	; (100055ac <usbd_control_reset+0x10>)
100055a4:	f7fc ffe8 	bl	10002578 <__wrap_memset>
100055a8:	bd10      	pop	{r4, pc}
100055aa:	46c0      	nop			; (mov r8, r8)
100055ac:	200015c8 	.word	0x200015c8

100055b0 <usbd_control_set_complete_callback>:
100055b0:	4b01      	ldr	r3, [pc, #4]	; (100055b8 <usbd_control_set_complete_callback+0x8>)
100055b2:	6118      	str	r0, [r3, #16]
100055b4:	4770      	bx	lr
100055b6:	46c0      	nop			; (mov r8, r8)
100055b8:	200015c8 	.word	0x200015c8

100055bc <usbd_control_set_request>:
100055bc:	b510      	push	{r4, lr}
100055be:	4c05      	ldr	r4, [pc, #20]	; (100055d4 <usbd_control_set_request+0x18>)
100055c0:	0001      	movs	r1, r0
100055c2:	2208      	movs	r2, #8
100055c4:	0020      	movs	r0, r4
100055c6:	f7fc ffdd 	bl	10002584 <__wrap___aeabi_memcpy>
100055ca:	2300      	movs	r3, #0
100055cc:	60a3      	str	r3, [r4, #8]
100055ce:	60e3      	str	r3, [r4, #12]
100055d0:	bd10      	pop	{r4, pc}
100055d2:	46c0      	nop			; (mov r8, r8)
100055d4:	200015c8 	.word	0x200015c8

100055d8 <usbd_control_xfer_cb>:
100055d8:	b5f8      	push	{r3, r4, r5, r6, r7, lr}
100055da:	4c39      	ldr	r4, [pc, #228]	; (100056c0 <usbd_control_xfer_cb+0xe8>)
100055dc:	001d      	movs	r5, r3
100055de:	7823      	ldrb	r3, [r4, #0]
100055e0:	0006      	movs	r6, r0
100055e2:	09da      	lsrs	r2, r3, #7
100055e4:	09c9      	lsrs	r1, r1, #7
100055e6:	428a      	cmp	r2, r1
100055e8:	d010      	beq.n	1000560c <usbd_control_xfer_cb+0x34>
100055ea:	2000      	movs	r0, #0
100055ec:	2d00      	cmp	r5, #0
100055ee:	d000      	beq.n	100055f2 <usbd_control_xfer_cb+0x1a>
100055f0:	bdf8      	pop	{r3, r4, r5, r6, r7, pc}
100055f2:	0021      	movs	r1, r4
100055f4:	0030      	movs	r0, r6
100055f6:	f7ff f913 	bl	10004820 <dcd_edpt0_status_complete>
100055fa:	6923      	ldr	r3, [r4, #16]
100055fc:	2b00      	cmp	r3, #0
100055fe:	d042      	beq.n	10005686 <usbd_control_xfer_cb+0xae>
10005600:	0022      	movs	r2, r4
10005602:	2103      	movs	r1, #3
10005604:	0030      	movs	r0, r6
10005606:	4798      	blx	r3
10005608:	2001      	movs	r0, #1
1000560a:	e7f1      	b.n	100055f0 <usbd_control_xfer_cb+0x18>
1000560c:	2b7f      	cmp	r3, #127	; 0x7f
1000560e:	d806      	bhi.n	1000561e <usbd_control_xfer_cb+0x46>
10005610:	68a0      	ldr	r0, [r4, #8]
10005612:	2800      	cmp	r0, #0
10005614:	d039      	beq.n	1000568a <usbd_control_xfer_cb+0xb2>
10005616:	002a      	movs	r2, r5
10005618:	492a      	ldr	r1, [pc, #168]	; (100056c4 <usbd_control_xfer_cb+0xec>)
1000561a:	f7fc ffb3 	bl	10002584 <__wrap___aeabi_memcpy>
1000561e:	68a3      	ldr	r3, [r4, #8]
10005620:	89e2      	ldrh	r2, [r4, #14]
10005622:	1959      	adds	r1, r3, r5
10005624:	1952      	adds	r2, r2, r5
10005626:	88e3      	ldrh	r3, [r4, #6]
10005628:	b292      	uxth	r2, r2
1000562a:	81e2      	strh	r2, [r4, #14]
1000562c:	60a1      	str	r1, [r4, #8]
1000562e:	4293      	cmp	r3, r2
10005630:	d014      	beq.n	1000565c <usbd_control_xfer_cb+0x84>
10005632:	2d3f      	cmp	r5, #63	; 0x3f
10005634:	d912      	bls.n	1000565c <usbd_control_xfer_cb+0x84>
10005636:	89a5      	ldrh	r5, [r4, #12]
10005638:	1aa8      	subs	r0, r5, r2
1000563a:	1c07      	adds	r7, r0, #0
1000563c:	b280      	uxth	r0, r0
1000563e:	2840      	cmp	r0, #64	; 0x40
10005640:	d82f      	bhi.n	100056a2 <usbd_control_xfer_cb+0xca>
10005642:	7823      	ldrb	r3, [r4, #0]
10005644:	b2bf      	uxth	r7, r7
10005646:	2b7f      	cmp	r3, #127	; 0x7f
10005648:	d82d      	bhi.n	100056a6 <usbd_control_xfer_cb+0xce>
1000564a:	2100      	movs	r1, #0
1000564c:	42aa      	cmp	r2, r5
1000564e:	d035      	beq.n	100056bc <usbd_control_xfer_cb+0xe4>
10005650:	4a1c      	ldr	r2, [pc, #112]	; (100056c4 <usbd_control_xfer_cb+0xec>)
10005652:	003b      	movs	r3, r7
10005654:	0030      	movs	r0, r6
10005656:	f7ff ff05 	bl	10005464 <usbd_edpt_xfer>
1000565a:	e7c9      	b.n	100055f0 <usbd_control_xfer_cb+0x18>
1000565c:	6923      	ldr	r3, [r4, #16]
1000565e:	2b00      	cmp	r3, #0
10005660:	d005      	beq.n	1000566e <usbd_control_xfer_cb+0x96>
10005662:	0022      	movs	r2, r4
10005664:	2102      	movs	r1, #2
10005666:	0030      	movs	r0, r6
10005668:	4798      	blx	r3
1000566a:	2800      	cmp	r0, #0
1000566c:	d00f      	beq.n	1000568e <usbd_control_xfer_cb+0xb6>
1000566e:	227f      	movs	r2, #127	; 0x7f
10005670:	2100      	movs	r1, #0
10005672:	7823      	ldrb	r3, [r4, #0]
10005674:	0030      	movs	r0, r6
10005676:	429a      	cmp	r2, r3
10005678:	4149      	adcs	r1, r1
1000567a:	2300      	movs	r3, #0
1000567c:	2200      	movs	r2, #0
1000567e:	01c9      	lsls	r1, r1, #7
10005680:	f7ff fef0 	bl	10005464 <usbd_edpt_xfer>
10005684:	e7b4      	b.n	100055f0 <usbd_control_xfer_cb+0x18>
10005686:	2001      	movs	r0, #1
10005688:	e7b2      	b.n	100055f0 <usbd_control_xfer_cb+0x18>
1000568a:	2000      	movs	r0, #0
1000568c:	e7b0      	b.n	100055f0 <usbd_control_xfer_cb+0x18>
1000568e:	2100      	movs	r1, #0
10005690:	0030      	movs	r0, r6
10005692:	f7ff f965 	bl	10004960 <dcd_edpt_stall>
10005696:	0030      	movs	r0, r6
10005698:	2180      	movs	r1, #128	; 0x80
1000569a:	f7ff f961 	bl	10004960 <dcd_edpt_stall>
1000569e:	2001      	movs	r0, #1
100056a0:	e7a6      	b.n	100055f0 <usbd_control_xfer_cb+0x18>
100056a2:	2740      	movs	r7, #64	; 0x40
100056a4:	e7cd      	b.n	10005642 <usbd_control_xfer_cb+0x6a>
100056a6:	42aa      	cmp	r2, r5
100056a8:	d007      	beq.n	100056ba <usbd_control_xfer_cb+0xe2>
100056aa:	4c06      	ldr	r4, [pc, #24]	; (100056c4 <usbd_control_xfer_cb+0xec>)
100056ac:	003a      	movs	r2, r7
100056ae:	0020      	movs	r0, r4
100056b0:	f7fc ff68 	bl	10002584 <__wrap___aeabi_memcpy>
100056b4:	2180      	movs	r1, #128	; 0x80
100056b6:	0022      	movs	r2, r4
100056b8:	e7cb      	b.n	10005652 <usbd_control_xfer_cb+0x7a>
100056ba:	2180      	movs	r1, #128	; 0x80
100056bc:	2200      	movs	r2, #0
100056be:	e7c8      	b.n	10005652 <usbd_control_xfer_cb+0x7a>
100056c0:	200015c8 	.word	0x200015c8
100056c4:	20001588 	.word	0x20001588

100056c8 <_prep_out_transaction.isra.0>:
100056c8:	b570      	push	{r4, r5, r6, lr}
100056ca:	0005      	movs	r5, r0
100056cc:	f7ff f9d4 	bl	10004a78 <tud_mounted>
100056d0:	2800      	cmp	r0, #0
100056d2:	d100      	bne.n	100056d6 <_prep_out_transaction.isra.0+0xe>
100056d4:	bd70      	pop	{r4, r5, r6, pc}
100056d6:	f7ff f9d7 	bl	10004a88 <tud_suspended>
100056da:	2800      	cmp	r0, #0
100056dc:	d1fa      	bne.n	100056d4 <_prep_out_transaction.isra.0+0xc>
100056de:	23c8      	movs	r3, #200	; 0xc8
100056e0:	436b      	muls	r3, r5
100056e2:	4a12      	ldr	r2, [pc, #72]	; (1000572c <_prep_out_transaction.isra.0+0x64>)
100056e4:	18d6      	adds	r6, r2, r3
100056e6:	78f1      	ldrb	r1, [r6, #3]
100056e8:	2900      	cmp	r1, #0
100056ea:	d0f3      	beq.n	100056d4 <_prep_out_transaction.isra.0+0xc>
100056ec:	3310      	adds	r3, #16
100056ee:	189c      	adds	r4, r3, r2
100056f0:	0020      	movs	r0, r4
100056f2:	f000 fbbf 	bl	10005e74 <tu_fifo_remaining>
100056f6:	283f      	cmp	r0, #63	; 0x3f
100056f8:	d9ec      	bls.n	100056d4 <_prep_out_transaction.isra.0+0xc>
100056fa:	2000      	movs	r0, #0
100056fc:	78f1      	ldrb	r1, [r6, #3]
100056fe:	f7ff fe89 	bl	10005414 <usbd_edpt_claim>
10005702:	2800      	cmp	r0, #0
10005704:	d0e6      	beq.n	100056d4 <_prep_out_transaction.isra.0+0xc>
10005706:	0020      	movs	r0, r4
10005708:	f000 fbb4 	bl	10005e74 <tu_fifo_remaining>
1000570c:	283f      	cmp	r0, #63	; 0x3f
1000570e:	d908      	bls.n	10005722 <_prep_out_transaction.isra.0+0x5a>
10005710:	01ea      	lsls	r2, r5, #7
10005712:	4d07      	ldr	r5, [pc, #28]	; (10005730 <_prep_out_transaction.isra.0+0x68>)
10005714:	2340      	movs	r3, #64	; 0x40
10005716:	78f1      	ldrb	r1, [r6, #3]
10005718:	1952      	adds	r2, r2, r5
1000571a:	2000      	movs	r0, #0
1000571c:	f7ff fea2 	bl	10005464 <usbd_edpt_xfer>
10005720:	e7d8      	b.n	100056d4 <_prep_out_transaction.isra.0+0xc>
10005722:	78f1      	ldrb	r1, [r6, #3]
10005724:	2000      	movs	r0, #0
10005726:	f7ff fe89 	bl	1000543c <usbd_edpt_release>
1000572a:	e7d3      	b.n	100056d4 <_prep_out_transaction.isra.0+0xc>
1000572c:	200014c0 	.word	0x200014c0
10005730:	2000143c 	.word	0x2000143c

10005734 <tud_cdc_n_connected>:
10005734:	b510      	push	{r4, lr}
10005736:	0004      	movs	r4, r0
10005738:	f7ff f99e 	bl	10004a78 <tud_mounted>
1000573c:	2800      	cmp	r0, #0
1000573e:	d101      	bne.n	10005744 <tud_cdc_n_connected+0x10>
10005740:	2000      	movs	r0, #0
10005742:	bd10      	pop	{r4, pc}
10005744:	f7ff f9a0 	bl	10004a88 <tud_suspended>
10005748:	2800      	cmp	r0, #0
1000574a:	d1f9      	bne.n	10005740 <tud_cdc_n_connected+0xc>
1000574c:	30c8      	adds	r0, #200	; 0xc8
1000574e:	4344      	muls	r4, r0
10005750:	4802      	ldr	r0, [pc, #8]	; (1000575c <tud_cdc_n_connected+0x28>)
10005752:	1900      	adds	r0, r0, r4
10005754:	7903      	ldrb	r3, [r0, #4]
10005756:	2001      	movs	r0, #1
10005758:	4018      	ands	r0, r3
1000575a:	e7f2      	b.n	10005742 <tud_cdc_n_connected+0xe>
1000575c:	200014c0 	.word	0x200014c0

10005760 <tud_cdc_n_available>:
10005760:	23c8      	movs	r3, #200	; 0xc8
10005762:	4358      	muls	r0, r3
10005764:	b510      	push	{r4, lr}
10005766:	4b03      	ldr	r3, [pc, #12]	; (10005774 <tud_cdc_n_available+0x14>)
10005768:	3010      	adds	r0, #16
1000576a:	18c0      	adds	r0, r0, r3
1000576c:	f000 fb64 	bl	10005e38 <tu_fifo_count>
10005770:	bd10      	pop	{r4, pc}
10005772:	46c0      	nop			; (mov r8, r8)
10005774:	200014c0 	.word	0x200014c0

10005778 <tud_cdc_n_read>:
10005778:	b5f0      	push	{r4, r5, r6, r7, lr}
1000577a:	24c8      	movs	r4, #200	; 0xc8
1000577c:	46c6      	mov	lr, r8
1000577e:	4344      	muls	r4, r0
10005780:	4f1e      	ldr	r7, [pc, #120]	; (100057fc <tud_cdc_n_read+0x84>)
10005782:	4b1f      	ldr	r3, [pc, #124]	; (10005800 <tud_cdc_n_read+0x88>)
10005784:	3410      	adds	r4, #16
10005786:	0005      	movs	r5, r0
10005788:	b500      	push	{lr}
1000578a:	193c      	adds	r4, r7, r4
1000578c:	429a      	cmp	r2, r3
1000578e:	d900      	bls.n	10005792 <tud_cdc_n_read+0x1a>
10005790:	4a1c      	ldr	r2, [pc, #112]	; (10005804 <tud_cdc_n_read+0x8c>)
10005792:	0020      	movs	r0, r4
10005794:	b292      	uxth	r2, r2
10005796:	f000 fbd3 	bl	10005f40 <tu_fifo_read_n>
1000579a:	4680      	mov	r8, r0
1000579c:	f7ff f96c 	bl	10004a78 <tud_mounted>
100057a0:	2800      	cmp	r0, #0
100057a2:	d103      	bne.n	100057ac <tud_cdc_n_read+0x34>
100057a4:	4640      	mov	r0, r8
100057a6:	bc80      	pop	{r7}
100057a8:	46b8      	mov	r8, r7
100057aa:	bdf0      	pop	{r4, r5, r6, r7, pc}
100057ac:	f7ff f96c 	bl	10004a88 <tud_suspended>
100057b0:	2800      	cmp	r0, #0
100057b2:	d1f7      	bne.n	100057a4 <tud_cdc_n_read+0x2c>
100057b4:	26c8      	movs	r6, #200	; 0xc8
100057b6:	436e      	muls	r6, r5
100057b8:	19be      	adds	r6, r7, r6
100057ba:	78f3      	ldrb	r3, [r6, #3]
100057bc:	2b00      	cmp	r3, #0
100057be:	d0f1      	beq.n	100057a4 <tud_cdc_n_read+0x2c>
100057c0:	0020      	movs	r0, r4
100057c2:	f000 fb57 	bl	10005e74 <tu_fifo_remaining>
100057c6:	283f      	cmp	r0, #63	; 0x3f
100057c8:	d9ec      	bls.n	100057a4 <tud_cdc_n_read+0x2c>
100057ca:	2000      	movs	r0, #0
100057cc:	78f1      	ldrb	r1, [r6, #3]
100057ce:	f7ff fe21 	bl	10005414 <usbd_edpt_claim>
100057d2:	2800      	cmp	r0, #0
100057d4:	d0e6      	beq.n	100057a4 <tud_cdc_n_read+0x2c>
100057d6:	0020      	movs	r0, r4
100057d8:	f000 fb4c 	bl	10005e74 <tu_fifo_remaining>
100057dc:	283f      	cmp	r0, #63	; 0x3f
100057de:	d908      	bls.n	100057f2 <tud_cdc_n_read+0x7a>
100057e0:	01ea      	lsls	r2, r5, #7
100057e2:	4d09      	ldr	r5, [pc, #36]	; (10005808 <tud_cdc_n_read+0x90>)
100057e4:	2340      	movs	r3, #64	; 0x40
100057e6:	78f1      	ldrb	r1, [r6, #3]
100057e8:	1952      	adds	r2, r2, r5
100057ea:	2000      	movs	r0, #0
100057ec:	f7ff fe3a 	bl	10005464 <usbd_edpt_xfer>
100057f0:	e7d8      	b.n	100057a4 <tud_cdc_n_read+0x2c>
100057f2:	78f1      	ldrb	r1, [r6, #3]
100057f4:	2000      	movs	r0, #0
100057f6:	f7ff fe21 	bl	1000543c <usbd_edpt_release>
100057fa:	e7d3      	b.n	100057a4 <tud_cdc_n_read+0x2c>
100057fc:	200014c0 	.word	0x200014c0
10005800:	0000fffe 	.word	0x0000fffe
10005804:	0000ffff 	.word	0x0000ffff
10005808:	2000143c 	.word	0x2000143c

1000580c <tud_cdc_n_write_flush>:
1000580c:	b5f8      	push	{r3, r4, r5, r6, r7, lr}
1000580e:	0006      	movs	r6, r0
10005810:	f7ff f932 	bl	10004a78 <tud_mounted>
10005814:	2800      	cmp	r0, #0
10005816:	d101      	bne.n	1000581c <tud_cdc_n_write_flush+0x10>
10005818:	2000      	movs	r0, #0
1000581a:	bdf8      	pop	{r3, r4, r5, r6, r7, pc}
1000581c:	f7ff f934 	bl	10004a88 <tud_suspended>
10005820:	2800      	cmp	r0, #0
10005822:	d1f9      	bne.n	10005818 <tud_cdc_n_write_flush+0xc>
10005824:	24c8      	movs	r4, #200	; 0xc8
10005826:	4374      	muls	r4, r6
10005828:	0025      	movs	r5, r4
1000582a:	4f14      	ldr	r7, [pc, #80]	; (1000587c <tud_cdc_n_write_flush+0x70>)
1000582c:	3524      	adds	r5, #36	; 0x24
1000582e:	19ed      	adds	r5, r5, r7
10005830:	0028      	movs	r0, r5
10005832:	f000 fb01 	bl	10005e38 <tu_fifo_count>
10005836:	2800      	cmp	r0, #0
10005838:	d0ee      	beq.n	10005818 <tud_cdc_n_write_flush+0xc>
1000583a:	193f      	adds	r7, r7, r4
1000583c:	2000      	movs	r0, #0
1000583e:	78b9      	ldrb	r1, [r7, #2]
10005840:	f7ff fde8 	bl	10005414 <usbd_edpt_claim>
10005844:	2800      	cmp	r0, #0
10005846:	d0e7      	beq.n	10005818 <tud_cdc_n_write_flush+0xc>
10005848:	480d      	ldr	r0, [pc, #52]	; (10005880 <tud_cdc_n_write_flush+0x74>)
1000584a:	01f6      	lsls	r6, r6, #7
1000584c:	3640      	adds	r6, #64	; 0x40
1000584e:	1836      	adds	r6, r6, r0
10005850:	0031      	movs	r1, r6
10005852:	2240      	movs	r2, #64	; 0x40
10005854:	0028      	movs	r0, r5
10005856:	f000 fb73 	bl	10005f40 <tu_fifo_read_n>
1000585a:	78b9      	ldrb	r1, [r7, #2]
1000585c:	1e04      	subs	r4, r0, #0
1000585e:	d008      	beq.n	10005872 <tud_cdc_n_write_flush+0x66>
10005860:	0003      	movs	r3, r0
10005862:	0032      	movs	r2, r6
10005864:	2000      	movs	r0, #0
10005866:	f7ff fdfd 	bl	10005464 <usbd_edpt_xfer>
1000586a:	2800      	cmp	r0, #0
1000586c:	d0d4      	beq.n	10005818 <tud_cdc_n_write_flush+0xc>
1000586e:	0020      	movs	r0, r4
10005870:	e7d3      	b.n	1000581a <tud_cdc_n_write_flush+0xe>
10005872:	2000      	movs	r0, #0
10005874:	f7ff fde2 	bl	1000543c <usbd_edpt_release>
10005878:	e7ce      	b.n	10005818 <tud_cdc_n_write_flush+0xc>
1000587a:	46c0      	nop			; (mov r8, r8)
1000587c:	200014c0 	.word	0x200014c0
10005880:	2000143c 	.word	0x2000143c

10005884 <tud_cdc_n_write>:
10005884:	b570      	push	{r4, r5, r6, lr}
10005886:	24c8      	movs	r4, #200	; 0xc8
10005888:	4344      	muls	r4, r0
1000588a:	4b0c      	ldr	r3, [pc, #48]	; (100058bc <tud_cdc_n_write+0x38>)
1000588c:	3424      	adds	r4, #36	; 0x24
1000588e:	18e4      	adds	r4, r4, r3
10005890:	4b0b      	ldr	r3, [pc, #44]	; (100058c0 <tud_cdc_n_write+0x3c>)
10005892:	0005      	movs	r5, r0
10005894:	429a      	cmp	r2, r3
10005896:	d900      	bls.n	1000589a <tud_cdc_n_write+0x16>
10005898:	4a0a      	ldr	r2, [pc, #40]	; (100058c4 <tud_cdc_n_write+0x40>)
1000589a:	0020      	movs	r0, r4
1000589c:	b292      	uxth	r2, r2
1000589e:	f000 fc09 	bl	100060b4 <tu_fifo_write_n>
100058a2:	0006      	movs	r6, r0
100058a4:	0020      	movs	r0, r4
100058a6:	f000 fac7 	bl	10005e38 <tu_fifo_count>
100058aa:	283f      	cmp	r0, #63	; 0x3f
100058ac:	d801      	bhi.n	100058b2 <tud_cdc_n_write+0x2e>
100058ae:	0030      	movs	r0, r6
100058b0:	bd70      	pop	{r4, r5, r6, pc}
100058b2:	0028      	movs	r0, r5
100058b4:	f7ff ffaa 	bl	1000580c <tud_cdc_n_write_flush>
100058b8:	e7f9      	b.n	100058ae <tud_cdc_n_write+0x2a>
100058ba:	46c0      	nop			; (mov r8, r8)
100058bc:	200014c0 	.word	0x200014c0
100058c0:	0000fffe 	.word	0x0000fffe
100058c4:	0000ffff 	.word	0x0000ffff

100058c8 <tud_cdc_n_write_available>:
100058c8:	23c8      	movs	r3, #200	; 0xc8
100058ca:	4358      	muls	r0, r3
100058cc:	b510      	push	{r4, lr}
100058ce:	4b03      	ldr	r3, [pc, #12]	; (100058dc <tud_cdc_n_write_available+0x14>)
100058d0:	3024      	adds	r0, #36	; 0x24
100058d2:	18c0      	adds	r0, r0, r3
100058d4:	f000 face 	bl	10005e74 <tu_fifo_remaining>
100058d8:	bd10      	pop	{r4, pc}
100058da:	46c0      	nop			; (mov r8, r8)
100058dc:	200014c0 	.word	0x200014c0

100058e0 <cdcd_init>:
100058e0:	b5f0      	push	{r4, r5, r6, r7, lr}
100058e2:	2500      	movs	r5, #0
100058e4:	4c18      	ldr	r4, [pc, #96]	; (10005948 <cdcd_init+0x68>)
100058e6:	b083      	sub	sp, #12
100058e8:	22c8      	movs	r2, #200	; 0xc8
100058ea:	2100      	movs	r1, #0
100058ec:	0020      	movs	r0, r4
100058ee:	f7fc fe43 	bl	10002578 <__wrap_memset>
100058f2:	4b16      	ldr	r3, [pc, #88]	; (1000594c <cdcd_init+0x6c>)
100058f4:	0021      	movs	r1, r4
100058f6:	701d      	strb	r5, [r3, #0]
100058f8:	23ff      	movs	r3, #255	; 0xff
100058fa:	7163      	strb	r3, [r4, #5]
100058fc:	23e1      	movs	r3, #225	; 0xe1
100058fe:	025b      	lsls	r3, r3, #9
10005900:	60a3      	str	r3, [r4, #8]
10005902:	0020      	movs	r0, r4
10005904:	2308      	movs	r3, #8
10005906:	2240      	movs	r2, #64	; 0x40
10005908:	73a3      	strb	r3, [r4, #14]
1000590a:	3138      	adds	r1, #56	; 0x38
1000590c:	9500      	str	r5, [sp, #0]
1000590e:	3b07      	subs	r3, #7
10005910:	3010      	adds	r0, #16
10005912:	f000 fa59 	bl	10005dc8 <tu_fifo_config>
10005916:	0027      	movs	r7, r4
10005918:	2301      	movs	r3, #1
1000591a:	0021      	movs	r1, r4
1000591c:	0020      	movs	r0, r4
1000591e:	0026      	movs	r6, r4
10005920:	2240      	movs	r2, #64	; 0x40
10005922:	3178      	adds	r1, #120	; 0x78
10005924:	9300      	str	r3, [sp, #0]
10005926:	37b8      	adds	r7, #184	; 0xb8
10005928:	3024      	adds	r0, #36	; 0x24
1000592a:	f000 fa4d 	bl	10005dc8 <tu_fifo_config>
1000592e:	36c0      	adds	r6, #192	; 0xc0
10005930:	0038      	movs	r0, r7
10005932:	f7fa ffe1 	bl	100008f8 <mutex_init>
10005936:	0030      	movs	r0, r6
10005938:	f7fa ffde 	bl	100008f8 <mutex_init>
1000593c:	61e5      	str	r5, [r4, #28]
1000593e:	6227      	str	r7, [r4, #32]
10005940:	6326      	str	r6, [r4, #48]	; 0x30
10005942:	6365      	str	r5, [r4, #52]	; 0x34
10005944:	b003      	add	sp, #12
10005946:	bdf0      	pop	{r4, r5, r6, r7, pc}
10005948:	200014c0 	.word	0x200014c0
1000594c:	200014bc 	.word	0x200014bc

10005950 <cdcd_deinit>:
10005950:	4b07      	ldr	r3, [pc, #28]	; (10005970 <cdcd_deinit+0x20>)
10005952:	6a1a      	ldr	r2, [r3, #32]
10005954:	6b19      	ldr	r1, [r3, #48]	; 0x30
10005956:	2a00      	cmp	r2, #0
10005958:	d002      	beq.n	10005960 <cdcd_deinit+0x10>
1000595a:	2200      	movs	r2, #0
1000595c:	61da      	str	r2, [r3, #28]
1000595e:	621a      	str	r2, [r3, #32]
10005960:	2900      	cmp	r1, #0
10005962:	d002      	beq.n	1000596a <cdcd_deinit+0x1a>
10005964:	2200      	movs	r2, #0
10005966:	631a      	str	r2, [r3, #48]	; 0x30
10005968:	635a      	str	r2, [r3, #52]	; 0x34
1000596a:	2001      	movs	r0, #1
1000596c:	4770      	bx	lr
1000596e:	46c0      	nop			; (mov r8, r8)
10005970:	200014c0 	.word	0x200014c0

10005974 <cdcd_reset>:
10005974:	b570      	push	{r4, r5, r6, lr}
10005976:	4c0f      	ldr	r4, [pc, #60]	; (100059b4 <cdcd_reset+0x40>)
10005978:	2205      	movs	r2, #5
1000597a:	2100      	movs	r1, #0
1000597c:	0020      	movs	r0, r4
1000597e:	f7fc fdfb 	bl	10002578 <__wrap_memset>
10005982:	4d0d      	ldr	r5, [pc, #52]	; (100059b8 <cdcd_reset+0x44>)
10005984:	782b      	ldrb	r3, [r5, #0]
10005986:	07da      	lsls	r2, r3, #31
10005988:	d507      	bpl.n	1000599a <cdcd_reset+0x26>
1000598a:	4c0c      	ldr	r4, [pc, #48]	; (100059bc <cdcd_reset+0x48>)
1000598c:	079b      	lsls	r3, r3, #30
1000598e:	d50c      	bpl.n	100059aa <cdcd_reset+0x36>
10005990:	2101      	movs	r1, #1
10005992:	0020      	movs	r0, r4
10005994:	f000 fc62 	bl	1000625c <tu_fifo_set_overwritable>
10005998:	bd70      	pop	{r4, r5, r6, pc}
1000599a:	0020      	movs	r0, r4
1000599c:	3010      	adds	r0, #16
1000599e:	f000 fc3d 	bl	1000621c <tu_fifo_clear>
100059a2:	782b      	ldrb	r3, [r5, #0]
100059a4:	4c05      	ldr	r4, [pc, #20]	; (100059bc <cdcd_reset+0x48>)
100059a6:	079b      	lsls	r3, r3, #30
100059a8:	d4f2      	bmi.n	10005990 <cdcd_reset+0x1c>
100059aa:	0020      	movs	r0, r4
100059ac:	f000 fc36 	bl	1000621c <tu_fifo_clear>
100059b0:	e7ee      	b.n	10005990 <cdcd_reset+0x1c>
100059b2:	46c0      	nop			; (mov r8, r8)
100059b4:	200014c0 	.word	0x200014c0
100059b8:	200014bc 	.word	0x200014bc
100059bc:	200014e4 	.word	0x200014e4

100059c0 <cdcd_open>:
100059c0:	b5f0      	push	{r4, r5, r6, r7, lr}
100059c2:	794b      	ldrb	r3, [r1, #5]
100059c4:	0006      	movs	r6, r0
100059c6:	b083      	sub	sp, #12
100059c8:	2b02      	cmp	r3, #2
100059ca:	d102      	bne.n	100059d2 <cdcd_open+0x12>
100059cc:	798b      	ldrb	r3, [r1, #6]
100059ce:	2b02      	cmp	r3, #2
100059d0:	d003      	beq.n	100059da <cdcd_open+0x1a>
100059d2:	2500      	movs	r5, #0
100059d4:	0028      	movs	r0, r5
100059d6:	b003      	add	sp, #12
100059d8:	bdf0      	pop	{r4, r5, r6, r7, pc}
100059da:	4f21      	ldr	r7, [pc, #132]	; (10005a60 <cdcd_open+0xa0>)
100059dc:	78bb      	ldrb	r3, [r7, #2]
100059de:	2b00      	cmp	r3, #0
100059e0:	d1f7      	bne.n	100059d2 <cdcd_open+0x12>
100059e2:	788b      	ldrb	r3, [r1, #2]
100059e4:	2509      	movs	r5, #9
100059e6:	703b      	strb	r3, [r7, #0]
100059e8:	780c      	ldrb	r4, [r1, #0]
100059ea:	190c      	adds	r4, r1, r4
100059ec:	7863      	ldrb	r3, [r4, #1]
100059ee:	2b24      	cmp	r3, #36	; 0x24
100059f0:	d10b      	bne.n	10005a0a <cdcd_open+0x4a>
100059f2:	2a08      	cmp	r2, #8
100059f4:	d802      	bhi.n	100059fc <cdcd_open+0x3c>
100059f6:	e00f      	b.n	10005a18 <cdcd_open+0x58>
100059f8:	42aa      	cmp	r2, r5
100059fa:	d30d      	bcc.n	10005a18 <cdcd_open+0x58>
100059fc:	7823      	ldrb	r3, [r4, #0]
100059fe:	18e4      	adds	r4, r4, r3
10005a00:	18ed      	adds	r5, r5, r3
10005a02:	7863      	ldrb	r3, [r4, #1]
10005a04:	b2ad      	uxth	r5, r5
10005a06:	2b24      	cmp	r3, #36	; 0x24
10005a08:	d0f6      	beq.n	100059f8 <cdcd_open+0x38>
10005a0a:	2b05      	cmp	r3, #5
10005a0c:	d008      	beq.n	10005a20 <cdcd_open+0x60>
10005a0e:	2b04      	cmp	r3, #4
10005a10:	d102      	bne.n	10005a18 <cdcd_open+0x58>
10005a12:	7963      	ldrb	r3, [r4, #5]
10005a14:	2b0a      	cmp	r3, #10
10005a16:	d011      	beq.n	10005a3c <cdcd_open+0x7c>
10005a18:	2000      	movs	r0, #0
10005a1a:	f7ff fe55 	bl	100056c8 <_prep_out_transaction.isra.0>
10005a1e:	e7d9      	b.n	100059d4 <cdcd_open+0x14>
10005a20:	0021      	movs	r1, r4
10005a22:	0030      	movs	r0, r6
10005a24:	f7ff fcdc 	bl	100053e0 <usbd_edpt_open>
10005a28:	2800      	cmp	r0, #0
10005a2a:	d0d2      	beq.n	100059d2 <cdcd_open+0x12>
10005a2c:	78a3      	ldrb	r3, [r4, #2]
10005a2e:	707b      	strb	r3, [r7, #1]
10005a30:	7823      	ldrb	r3, [r4, #0]
10005a32:	18ed      	adds	r5, r5, r3
10005a34:	18e4      	adds	r4, r4, r3
10005a36:	7863      	ldrb	r3, [r4, #1]
10005a38:	b2ad      	uxth	r5, r5
10005a3a:	e7e8      	b.n	10005a0e <cdcd_open+0x4e>
10005a3c:	4b09      	ldr	r3, [pc, #36]	; (10005a64 <cdcd_open+0xa4>)
10005a3e:	7827      	ldrb	r7, [r4, #0]
10005a40:	9301      	str	r3, [sp, #4]
10005a42:	3301      	adds	r3, #1
10005a44:	9300      	str	r3, [sp, #0]
10005a46:	2202      	movs	r2, #2
10005a48:	2302      	movs	r3, #2
10005a4a:	0030      	movs	r0, r6
10005a4c:	19e1      	adds	r1, r4, r7
10005a4e:	f7ff fc79 	bl	10005344 <usbd_open_edpt_pair>
10005a52:	2800      	cmp	r0, #0
10005a54:	d0bd      	beq.n	100059d2 <cdcd_open+0x12>
10005a56:	350e      	adds	r5, #14
10005a58:	19ed      	adds	r5, r5, r7
10005a5a:	b2ad      	uxth	r5, r5
10005a5c:	e7dc      	b.n	10005a18 <cdcd_open+0x58>
10005a5e:	46c0      	nop			; (mov r8, r8)
10005a60:	200014c0 	.word	0x200014c0
10005a64:	200014c2 	.word	0x200014c2

10005a68 <cdcd_control_xfer_cb>:
10005a68:	b5f8      	push	{r3, r4, r5, r6, r7, lr}
10005a6a:	2360      	movs	r3, #96	; 0x60
10005a6c:	0014      	movs	r4, r2
10005a6e:	7812      	ldrb	r2, [r2, #0]
10005a70:	0005      	movs	r5, r0
10005a72:	4013      	ands	r3, r2
10005a74:	2000      	movs	r0, #0
10005a76:	2b20      	cmp	r3, #32
10005a78:	d107      	bne.n	10005a8a <cdcd_control_xfer_cb+0x22>
10005a7a:	4a30      	ldr	r2, [pc, #192]	; (10005b3c <cdcd_control_xfer_cb+0xd4>)
10005a7c:	7963      	ldrb	r3, [r4, #5]
10005a7e:	7927      	ldrb	r7, [r4, #4]
10005a80:	7816      	ldrb	r6, [r2, #0]
10005a82:	021b      	lsls	r3, r3, #8
10005a84:	433b      	orrs	r3, r7
10005a86:	429e      	cmp	r6, r3
10005a88:	d000      	beq.n	10005a8c <cdcd_control_xfer_cb+0x24>
10005a8a:	bdf8      	pop	{r3, r4, r5, r6, r7, pc}
10005a8c:	7863      	ldrb	r3, [r4, #1]
10005a8e:	2b22      	cmp	r3, #34	; 0x22
10005a90:	d028      	beq.n	10005ae4 <cdcd_control_xfer_cb+0x7c>
10005a92:	d807      	bhi.n	10005aa4 <cdcd_control_xfer_cb+0x3c>
10005a94:	2b20      	cmp	r3, #32
10005a96:	d017      	beq.n	10005ac8 <cdcd_control_xfer_cb+0x60>
10005a98:	2b21      	cmp	r3, #33	; 0x21
10005a9a:	d1f6      	bne.n	10005a8a <cdcd_control_xfer_cb+0x22>
10005a9c:	2901      	cmp	r1, #1
10005a9e:	d03e      	beq.n	10005b1e <cdcd_control_xfer_cb+0xb6>
10005aa0:	2001      	movs	r0, #1
10005aa2:	e7f2      	b.n	10005a8a <cdcd_control_xfer_cb+0x22>
10005aa4:	2b23      	cmp	r3, #35	; 0x23
10005aa6:	d1f0      	bne.n	10005a8a <cdcd_control_xfer_cb+0x22>
10005aa8:	2901      	cmp	r1, #1
10005aaa:	d040      	beq.n	10005b2e <cdcd_control_xfer_cb+0xc6>
10005aac:	2903      	cmp	r1, #3
10005aae:	d1f7      	bne.n	10005aa0 <cdcd_control_xfer_cb+0x38>
10005ab0:	4b23      	ldr	r3, [pc, #140]	; (10005b40 <cdcd_control_xfer_cb+0xd8>)
10005ab2:	2b00      	cmp	r3, #0
10005ab4:	d0f4      	beq.n	10005aa0 <cdcd_control_xfer_cb+0x38>
10005ab6:	78e1      	ldrb	r1, [r4, #3]
10005ab8:	78a3      	ldrb	r3, [r4, #2]
10005aba:	0209      	lsls	r1, r1, #8
10005abc:	2000      	movs	r0, #0
10005abe:	4319      	orrs	r1, r3
10005ac0:	e000      	b.n	10005ac4 <cdcd_control_xfer_cb+0x5c>
10005ac2:	bf00      	nop
10005ac4:	2001      	movs	r0, #1
10005ac6:	e7e0      	b.n	10005a8a <cdcd_control_xfer_cb+0x22>
10005ac8:	2901      	cmp	r1, #1
10005aca:	d028      	beq.n	10005b1e <cdcd_control_xfer_cb+0xb6>
10005acc:	2903      	cmp	r1, #3
10005ace:	d1e7      	bne.n	10005aa0 <cdcd_control_xfer_cb+0x38>
10005ad0:	4b1c      	ldr	r3, [pc, #112]	; (10005b44 <cdcd_control_xfer_cb+0xdc>)
10005ad2:	2b00      	cmp	r3, #0
10005ad4:	d0e4      	beq.n	10005aa0 <cdcd_control_xfer_cb+0x38>
10005ad6:	3208      	adds	r2, #8
10005ad8:	2000      	movs	r0, #0
10005ada:	0011      	movs	r1, r2
10005adc:	f7fe fe24 	bl	10004728 <tud_cdc_line_coding_cb>
10005ae0:	2001      	movs	r0, #1
10005ae2:	e7d2      	b.n	10005a8a <cdcd_control_xfer_cb+0x22>
10005ae4:	2901      	cmp	r1, #1
10005ae6:	d022      	beq.n	10005b2e <cdcd_control_xfer_cb+0xc6>
10005ae8:	2903      	cmp	r1, #3
10005aea:	d1d9      	bne.n	10005aa0 <cdcd_control_xfer_cb+0x38>
10005aec:	2501      	movs	r5, #1
10005aee:	78a1      	ldrb	r1, [r4, #2]
10005af0:	78e4      	ldrb	r4, [r4, #3]
10005af2:	002e      	movs	r6, r5
10005af4:	0224      	lsls	r4, r4, #8
10005af6:	430c      	orrs	r4, r1
10005af8:	2101      	movs	r1, #1
10005afa:	7114      	strb	r4, [r2, #4]
10005afc:	4026      	ands	r6, r4
10005afe:	3224      	adds	r2, #36	; 0x24
10005b00:	0010      	movs	r0, r2
10005b02:	4071      	eors	r1, r6
10005b04:	f000 fbaa 	bl	1000625c <tu_fifo_set_overwritable>
10005b08:	4b0f      	ldr	r3, [pc, #60]	; (10005b48 <cdcd_control_xfer_cb+0xe0>)
10005b0a:	2b00      	cmp	r3, #0
10005b0c:	d0c8      	beq.n	10005aa0 <cdcd_control_xfer_cb+0x38>
10005b0e:	0862      	lsrs	r2, r4, #1
10005b10:	2000      	movs	r0, #0
10005b12:	0031      	movs	r1, r6
10005b14:	402a      	ands	r2, r5
10005b16:	e000      	b.n	10005b1a <cdcd_control_xfer_cb+0xb2>
10005b18:	bf00      	nop
10005b1a:	2001      	movs	r0, #1
10005b1c:	e7b5      	b.n	10005a8a <cdcd_control_xfer_cb+0x22>
10005b1e:	2307      	movs	r3, #7
10005b20:	0021      	movs	r1, r4
10005b22:	0028      	movs	r0, r5
10005b24:	4a09      	ldr	r2, [pc, #36]	; (10005b4c <cdcd_control_xfer_cb+0xe4>)
10005b26:	f7ff fcdb 	bl	100054e0 <tud_control_xfer>
10005b2a:	2001      	movs	r0, #1
10005b2c:	e7ad      	b.n	10005a8a <cdcd_control_xfer_cb+0x22>
10005b2e:	0021      	movs	r1, r4
10005b30:	0028      	movs	r0, r5
10005b32:	f7ff fcbd 	bl	100054b0 <tud_control_status>
10005b36:	2001      	movs	r0, #1
10005b38:	e7a7      	b.n	10005a8a <cdcd_control_xfer_cb+0x22>
10005b3a:	46c0      	nop			; (mov r8, r8)
10005b3c:	200014c0 	.word	0x200014c0
10005b40:	00000000 	.word	0x00000000
10005b44:	10004729 	.word	0x10004729
10005b48:	00000000 	.word	0x00000000
10005b4c:	200014c8 	.word	0x200014c8

10005b50 <cdcd_xfer_cb>:
10005b50:	b5f0      	push	{r4, r5, r6, r7, lr}
10005b52:	464f      	mov	r7, r9
10005b54:	4646      	mov	r6, r8
10005b56:	46d6      	mov	lr, sl
10005b58:	b5c0      	push	{r6, r7, lr}
10005b5a:	4d35      	ldr	r5, [pc, #212]	; (10005c30 <cdcd_xfer_cb+0xe0>)
10005b5c:	4680      	mov	r8, r0
10005b5e:	78ea      	ldrb	r2, [r5, #3]
10005b60:	000c      	movs	r4, r1
10005b62:	001f      	movs	r7, r3
10005b64:	428a      	cmp	r2, r1
10005b66:	d15b      	bne.n	10005c20 <cdcd_xfer_cb+0xd0>
10005b68:	b29a      	uxth	r2, r3
10005b6a:	2310      	movs	r3, #16
10005b6c:	469a      	mov	sl, r3
10005b6e:	4e31      	ldr	r6, [pc, #196]	; (10005c34 <cdcd_xfer_cb+0xe4>)
10005b70:	44aa      	add	sl, r5
10005b72:	0031      	movs	r1, r6
10005b74:	4650      	mov	r0, sl
10005b76:	f000 fa9d 	bl	100060b4 <tu_fifo_write_n>
10005b7a:	4b2f      	ldr	r3, [pc, #188]	; (10005c38 <cdcd_xfer_cb+0xe8>)
10005b7c:	2b00      	cmp	r3, #0
10005b7e:	d017      	beq.n	10005bb0 <cdcd_xfer_cb+0x60>
10005b80:	796b      	ldrb	r3, [r5, #5]
10005b82:	2bff      	cmp	r3, #255	; 0xff
10005b84:	d014      	beq.n	10005bb0 <cdcd_xfer_cb+0x60>
10005b86:	2f00      	cmp	r7, #0
10005b88:	d012      	beq.n	10005bb0 <cdcd_xfer_cb+0x60>
10005b8a:	19f2      	adds	r2, r6, r7
10005b8c:	4691      	mov	r9, r2
10005b8e:	e003      	b.n	10005b98 <cdcd_xfer_cb+0x48>
10005b90:	3601      	adds	r6, #1
10005b92:	454e      	cmp	r6, r9
10005b94:	d00c      	beq.n	10005bb0 <cdcd_xfer_cb+0x60>
10005b96:	796b      	ldrb	r3, [r5, #5]
10005b98:	7832      	ldrb	r2, [r6, #0]
10005b9a:	429a      	cmp	r2, r3
10005b9c:	d1f8      	bne.n	10005b90 <cdcd_xfer_cb+0x40>
10005b9e:	4650      	mov	r0, sl
10005ba0:	f000 f960 	bl	10005e64 <tu_fifo_empty>
10005ba4:	2800      	cmp	r0, #0
10005ba6:	d1f3      	bne.n	10005b90 <cdcd_xfer_cb+0x40>
10005ba8:	7969      	ldrb	r1, [r5, #5]
10005baa:	e000      	b.n	10005bae <cdcd_xfer_cb+0x5e>
10005bac:	bf00      	nop
10005bae:	e7ef      	b.n	10005b90 <cdcd_xfer_cb+0x40>
10005bb0:	4b22      	ldr	r3, [pc, #136]	; (10005c3c <cdcd_xfer_cb+0xec>)
10005bb2:	2b00      	cmp	r3, #0
10005bb4:	d004      	beq.n	10005bc0 <cdcd_xfer_cb+0x70>
10005bb6:	4822      	ldr	r0, [pc, #136]	; (10005c40 <cdcd_xfer_cb+0xf0>)
10005bb8:	f000 f954 	bl	10005e64 <tu_fifo_empty>
10005bbc:	2800      	cmp	r0, #0
10005bbe:	d034      	beq.n	10005c2a <cdcd_xfer_cb+0xda>
10005bc0:	2000      	movs	r0, #0
10005bc2:	f7ff fd81 	bl	100056c8 <_prep_out_transaction.isra.0>
10005bc6:	78ab      	ldrb	r3, [r5, #2]
10005bc8:	42a3      	cmp	r3, r4
10005bca:	d006      	beq.n	10005bda <cdcd_xfer_cb+0x8a>
10005bcc:	2401      	movs	r4, #1
10005bce:	0020      	movs	r0, r4
10005bd0:	bce0      	pop	{r5, r6, r7}
10005bd2:	46ba      	mov	sl, r7
10005bd4:	46b1      	mov	r9, r6
10005bd6:	46a8      	mov	r8, r5
10005bd8:	bdf0      	pop	{r4, r5, r6, r7, pc}
10005bda:	4b1a      	ldr	r3, [pc, #104]	; (10005c44 <cdcd_xfer_cb+0xf4>)
10005bdc:	2b00      	cmp	r3, #0
10005bde:	d002      	beq.n	10005be6 <cdcd_xfer_cb+0x96>
10005be0:	2000      	movs	r0, #0
10005be2:	e000      	b.n	10005be6 <cdcd_xfer_cb+0x96>
10005be4:	bf00      	nop
10005be6:	2000      	movs	r0, #0
10005be8:	f7ff fe10 	bl	1000580c <tud_cdc_n_write_flush>
10005bec:	2800      	cmp	r0, #0
10005bee:	d1ed      	bne.n	10005bcc <cdcd_xfer_cb+0x7c>
10005bf0:	4d15      	ldr	r5, [pc, #84]	; (10005c48 <cdcd_xfer_cb+0xf8>)
10005bf2:	0028      	movs	r0, r5
10005bf4:	f000 f920 	bl	10005e38 <tu_fifo_count>
10005bf8:	2800      	cmp	r0, #0
10005bfa:	d1e7      	bne.n	10005bcc <cdcd_xfer_cb+0x7c>
10005bfc:	2f00      	cmp	r7, #0
10005bfe:	d0e5      	beq.n	10005bcc <cdcd_xfer_cb+0x7c>
10005c00:	06bb      	lsls	r3, r7, #26
10005c02:	d1e3      	bne.n	10005bcc <cdcd_xfer_cb+0x7c>
10005c04:	3d24      	subs	r5, #36	; 0x24
10005c06:	4640      	mov	r0, r8
10005c08:	78a9      	ldrb	r1, [r5, #2]
10005c0a:	f7ff fc03 	bl	10005414 <usbd_edpt_claim>
10005c0e:	1e04      	subs	r4, r0, #0
10005c10:	d0dc      	beq.n	10005bcc <cdcd_xfer_cb+0x7c>
10005c12:	2300      	movs	r3, #0
10005c14:	2200      	movs	r2, #0
10005c16:	4640      	mov	r0, r8
10005c18:	78a9      	ldrb	r1, [r5, #2]
10005c1a:	f7ff fc23 	bl	10005464 <usbd_edpt_xfer>
10005c1e:	e7d6      	b.n	10005bce <cdcd_xfer_cb+0x7e>
10005c20:	78ab      	ldrb	r3, [r5, #2]
10005c22:	428b      	cmp	r3, r1
10005c24:	d0d9      	beq.n	10005bda <cdcd_xfer_cb+0x8a>
10005c26:	2400      	movs	r4, #0
10005c28:	e7d1      	b.n	10005bce <cdcd_xfer_cb+0x7e>
10005c2a:	e000      	b.n	10005c2e <cdcd_xfer_cb+0xde>
10005c2c:	bf00      	nop
10005c2e:	e7c7      	b.n	10005bc0 <cdcd_xfer_cb+0x70>
10005c30:	200014c0 	.word	0x200014c0
10005c34:	2000143c 	.word	0x2000143c
	...
10005c40:	200014d0 	.word	0x200014d0
10005c44:	00000000 	.word	0x00000000
10005c48:	200014e4 	.word	0x200014e4

10005c4c <tusb_rhport_init>:
10005c4c:	b500      	push	{lr}
10005c4e:	0003      	movs	r3, r0
10005c50:	b083      	sub	sp, #12
10005c52:	2900      	cmp	r1, #0
10005c54:	d010      	beq.n	10005c78 <tusb_rhport_init+0x2c>
10005c56:	2000      	movs	r0, #0
10005c58:	2b01      	cmp	r3, #1
10005c5a:	d807      	bhi.n	10005c6c <tusb_rhport_init+0x20>
10005c5c:	780a      	ldrb	r2, [r1, #0]
10005c5e:	2a00      	cmp	r2, #0
10005c60:	d004      	beq.n	10005c6c <tusb_rhport_init+0x20>
10005c62:	480b      	ldr	r0, [pc, #44]	; (10005c90 <tusb_rhport_init+0x44>)
10005c64:	54c2      	strb	r2, [r0, r3]
10005c66:	2001      	movs	r0, #1
10005c68:	2a01      	cmp	r2, #1
10005c6a:	d001      	beq.n	10005c70 <tusb_rhport_init+0x24>
10005c6c:	b003      	add	sp, #12
10005c6e:	bd00      	pop	{pc}
10005c70:	0018      	movs	r0, r3
10005c72:	f7fe ff11 	bl	10004a98 <tud_rhport_init>
10005c76:	e7f9      	b.n	10005c6c <tusb_rhport_init+0x20>
10005c78:	2301      	movs	r3, #1
10005c7a:	a901      	add	r1, sp, #4
10005c7c:	2000      	movs	r0, #0
10005c7e:	800b      	strh	r3, [r1, #0]
10005c80:	f7fe ff0a 	bl	10004a98 <tud_rhport_init>
10005c84:	2800      	cmp	r0, #0
10005c86:	d0f1      	beq.n	10005c6c <tusb_rhport_init+0x20>
10005c88:	2201      	movs	r2, #1
10005c8a:	4b01      	ldr	r3, [pc, #4]	; (10005c90 <tusb_rhport_init+0x44>)
10005c8c:	701a      	strb	r2, [r3, #0]
10005c8e:	e7ed      	b.n	10005c6c <tusb_rhport_init+0x20>
10005c90:	200015dc 	.word	0x200015dc

10005c94 <tu_edpt_claim>:
10005c94:	7803      	ldrb	r3, [r0, #0]
10005c96:	b570      	push	{r4, r5, r6, lr}
10005c98:	07db      	lsls	r3, r3, #31
10005c9a:	0004      	movs	r4, r0
10005c9c:	000e      	movs	r6, r1
10005c9e:	0fdd      	lsrs	r5, r3, #31
10005ca0:	2b00      	cmp	r3, #0
10005ca2:	d117      	bne.n	10005cd4 <tu_edpt_claim+0x40>
10005ca4:	7803      	ldrb	r3, [r0, #0]
10005ca6:	075b      	lsls	r3, r3, #29
10005ca8:	d501      	bpl.n	10005cae <tu_edpt_claim+0x1a>
10005caa:	0028      	movs	r0, r5
10005cac:	bd70      	pop	{r4, r5, r6, pc}
10005cae:	2101      	movs	r1, #1
10005cb0:	0030      	movs	r0, r6
10005cb2:	4249      	negs	r1, r1
10005cb4:	f000 fb7c 	bl	100063b0 <__mutex_enter_timeout_ms_veneer>
10005cb8:	7823      	ldrb	r3, [r4, #0]
10005cba:	07db      	lsls	r3, r3, #31
10005cbc:	0fdd      	lsrs	r5, r3, #31
10005cbe:	2b00      	cmp	r3, #0
10005cc0:	d10a      	bne.n	10005cd8 <tu_edpt_claim+0x44>
10005cc2:	7823      	ldrb	r3, [r4, #0]
10005cc4:	075b      	lsls	r3, r3, #29
10005cc6:	d408      	bmi.n	10005cda <tu_edpt_claim+0x46>
10005cc8:	2204      	movs	r2, #4
10005cca:	7823      	ldrb	r3, [r4, #0]
10005ccc:	2501      	movs	r5, #1
10005cce:	4313      	orrs	r3, r2
10005cd0:	7023      	strb	r3, [r4, #0]
10005cd2:	e002      	b.n	10005cda <tu_edpt_claim+0x46>
10005cd4:	2500      	movs	r5, #0
10005cd6:	e7e8      	b.n	10005caa <tu_edpt_claim+0x16>
10005cd8:	2500      	movs	r5, #0
10005cda:	0030      	movs	r0, r6
10005cdc:	f000 fb70 	bl	100063c0 <__mutex_exit_veneer>
10005ce0:	e7e3      	b.n	10005caa <tu_edpt_claim+0x16>
10005ce2:	46c0      	nop			; (mov r8, r8)

10005ce4 <tu_edpt_release>:
10005ce4:	b570      	push	{r4, r5, r6, lr}
10005ce6:	000d      	movs	r5, r1
10005ce8:	2101      	movs	r1, #1
10005cea:	0004      	movs	r4, r0
10005cec:	4249      	negs	r1, r1
10005cee:	0028      	movs	r0, r5
10005cf0:	f000 fb5e 	bl	100063b0 <__mutex_enter_timeout_ms_veneer>
10005cf4:	7823      	ldrb	r3, [r4, #0]
10005cf6:	075b      	lsls	r3, r3, #29
10005cf8:	0fde      	lsrs	r6, r3, #31
10005cfa:	2b00      	cmp	r3, #0
10005cfc:	db04      	blt.n	10005d08 <tu_edpt_release+0x24>
10005cfe:	0028      	movs	r0, r5
10005d00:	f000 fb5e 	bl	100063c0 <__mutex_exit_veneer>
10005d04:	0030      	movs	r0, r6
10005d06:	bd70      	pop	{r4, r5, r6, pc}
10005d08:	7823      	ldrb	r3, [r4, #0]
10005d0a:	07db      	lsls	r3, r3, #31
10005d0c:	d404      	bmi.n	10005d18 <tu_edpt_release+0x34>
10005d0e:	2204      	movs	r2, #4
10005d10:	7823      	ldrb	r3, [r4, #0]
10005d12:	4393      	bics	r3, r2
10005d14:	7023      	strb	r3, [r4, #0]
10005d16:	e7f2      	b.n	10005cfe <tu_edpt_release+0x1a>
10005d18:	2600      	movs	r6, #0
10005d1a:	e7f0      	b.n	10005cfe <tu_edpt_release+0x1a>

10005d1c <tu_edpt_validate>:
10005d1c:	b510      	push	{r4, lr}
10005d1e:	7943      	ldrb	r3, [r0, #5]
10005d20:	7904      	ldrb	r4, [r0, #4]
10005d22:	021b      	lsls	r3, r3, #8
10005d24:	4323      	orrs	r3, r4
10005d26:	055b      	lsls	r3, r3, #21
10005d28:	0d5a      	lsrs	r2, r3, #21
10005d2a:	78c3      	ldrb	r3, [r0, #3]
10005d2c:	079b      	lsls	r3, r3, #30
10005d2e:	0f9b      	lsrs	r3, r3, #30
10005d30:	2b02      	cmp	r3, #2
10005d32:	d005      	beq.n	10005d40 <tu_edpt_validate+0x24>
10005d34:	2b03      	cmp	r3, #3
10005d36:	d015      	beq.n	10005d64 <tu_edpt_validate+0x48>
10005d38:	2000      	movs	r0, #0
10005d3a:	2b01      	cmp	r3, #1
10005d3c:	d008      	beq.n	10005d50 <tu_edpt_validate+0x34>
10005d3e:	bd10      	pop	{r4, pc}
10005d40:	2902      	cmp	r1, #2
10005d42:	d01c      	beq.n	10005d7e <tu_edpt_validate+0x62>
10005d44:	2000      	movs	r0, #0
10005d46:	2340      	movs	r3, #64	; 0x40
10005d48:	4293      	cmp	r3, r2
10005d4a:	4140      	adcs	r0, r0
10005d4c:	b2c0      	uxtb	r0, r0
10005d4e:	e7f6      	b.n	10005d3e <tu_edpt_validate+0x22>
10005d50:	3902      	subs	r1, #2
10005d52:	424b      	negs	r3, r1
10005d54:	4159      	adcs	r1, r3
10005d56:	4b0d      	ldr	r3, [pc, #52]	; (10005d8c <tu_edpt_validate+0x70>)
10005d58:	469c      	mov	ip, r3
10005d5a:	4461      	add	r1, ip
10005d5c:	4291      	cmp	r1, r2
10005d5e:	4140      	adcs	r0, r0
10005d60:	b2c0      	uxtb	r0, r0
10005d62:	e7ec      	b.n	10005d3e <tu_edpt_validate+0x22>
10005d64:	3902      	subs	r1, #2
10005d66:	424b      	negs	r3, r1
10005d68:	4159      	adcs	r1, r3
10005d6a:	23f0      	movs	r3, #240	; 0xf0
10005d6c:	2000      	movs	r0, #0
10005d6e:	4249      	negs	r1, r1
10005d70:	009b      	lsls	r3, r3, #2
10005d72:	4019      	ands	r1, r3
10005d74:	3140      	adds	r1, #64	; 0x40
10005d76:	4291      	cmp	r1, r2
10005d78:	4140      	adcs	r0, r0
10005d7a:	b2c0      	uxtb	r0, r0
10005d7c:	e7df      	b.n	10005d3e <tu_edpt_validate+0x22>
10005d7e:	4b04      	ldr	r3, [pc, #16]	; (10005d90 <tu_edpt_validate+0x74>)
10005d80:	18d3      	adds	r3, r2, r3
10005d82:	425a      	negs	r2, r3
10005d84:	4153      	adcs	r3, r2
10005d86:	b2d8      	uxtb	r0, r3
10005d88:	e7d9      	b.n	10005d3e <tu_edpt_validate+0x22>
10005d8a:	46c0      	nop			; (mov r8, r8)
10005d8c:	000003ff 	.word	0x000003ff
10005d90:	fffffe00 	.word	0xfffffe00

10005d94 <tu_edpt_bind_driver>:
10005d94:	188a      	adds	r2, r1, r2
10005d96:	b570      	push	{r4, r5, r6, lr}
10005d98:	4291      	cmp	r1, r2
10005d9a:	d207      	bcs.n	10005dac <tu_edpt_bind_driver+0x18>
10005d9c:	267f      	movs	r6, #127	; 0x7f
10005d9e:	784c      	ldrb	r4, [r1, #1]
10005da0:	2c05      	cmp	r4, #5
10005da2:	d004      	beq.n	10005dae <tu_edpt_bind_driver+0x1a>
10005da4:	780c      	ldrb	r4, [r1, #0]
10005da6:	1909      	adds	r1, r1, r4
10005da8:	428a      	cmp	r2, r1
10005daa:	d8f8      	bhi.n	10005d9e <tu_edpt_bind_driver+0xa>
10005dac:	bd70      	pop	{r4, r5, r6, pc}
10005dae:	0034      	movs	r4, r6
10005db0:	788d      	ldrb	r5, [r1, #2]
10005db2:	402c      	ands	r4, r5
10005db4:	0064      	lsls	r4, r4, #1
10005db6:	1904      	adds	r4, r0, r4
10005db8:	09ed      	lsrs	r5, r5, #7
10005dba:	5563      	strb	r3, [r4, r5]
10005dbc:	780c      	ldrb	r4, [r1, #0]
10005dbe:	1909      	adds	r1, r1, r4
10005dc0:	428a      	cmp	r2, r1
10005dc2:	d8ec      	bhi.n	10005d9e <tu_edpt_bind_driver+0xa>
10005dc4:	e7f2      	b.n	10005dac <tu_edpt_bind_driver+0x18>
10005dc6:	46c0      	nop			; (mov r8, r8)

10005dc8 <tu_fifo_config>:
10005dc8:	b5f0      	push	{r4, r5, r6, r7, lr}
10005dca:	46c6      	mov	lr, r8
10005dcc:	b500      	push	{lr}
10005dce:	0004      	movs	r4, r0
10005dd0:	a806      	add	r0, sp, #24
10005dd2:	7805      	ldrb	r5, [r0, #0]
10005dd4:	2080      	movs	r0, #128	; 0x80
10005dd6:	4688      	mov	r8, r1
10005dd8:	0017      	movs	r7, r2
10005dda:	001e      	movs	r6, r3
10005ddc:	0200      	lsls	r0, r0, #8
10005dde:	4282      	cmp	r2, r0
10005de0:	d827      	bhi.n	10005e32 <tu_fifo_config+0x6a>
10005de2:	68e0      	ldr	r0, [r4, #12]
10005de4:	2800      	cmp	r0, #0
10005de6:	d003      	beq.n	10005df0 <tu_fifo_config+0x28>
10005de8:	2101      	movs	r1, #1
10005dea:	4249      	negs	r1, r1
10005dec:	f000 fae0 	bl	100063b0 <__mutex_enter_timeout_ms_veneer>
10005df0:	6920      	ldr	r0, [r4, #16]
10005df2:	2800      	cmp	r0, #0
10005df4:	d003      	beq.n	10005dfe <tu_fifo_config+0x36>
10005df6:	2101      	movs	r1, #1
10005df8:	4249      	negs	r1, r1
10005dfa:	f000 fad9 	bl	100063b0 <__mutex_enter_timeout_ms_veneer>
10005dfe:	4643      	mov	r3, r8
10005e00:	6023      	str	r3, [r4, #0]
10005e02:	0473      	lsls	r3, r6, #17
10005e04:	0c5b      	lsrs	r3, r3, #17
10005e06:	03ed      	lsls	r5, r5, #15
10005e08:	431d      	orrs	r5, r3
10005e0a:	2300      	movs	r3, #0
10005e0c:	68e0      	ldr	r0, [r4, #12]
10005e0e:	8163      	strh	r3, [r4, #10]
10005e10:	80a7      	strh	r7, [r4, #4]
10005e12:	80e5      	strh	r5, [r4, #6]
10005e14:	8123      	strh	r3, [r4, #8]
10005e16:	2800      	cmp	r0, #0
10005e18:	d001      	beq.n	10005e1e <tu_fifo_config+0x56>
10005e1a:	f000 fad1 	bl	100063c0 <__mutex_exit_veneer>
10005e1e:	6920      	ldr	r0, [r4, #16]
10005e20:	2401      	movs	r4, #1
10005e22:	2800      	cmp	r0, #0
10005e24:	d001      	beq.n	10005e2a <tu_fifo_config+0x62>
10005e26:	f000 facb 	bl	100063c0 <__mutex_exit_veneer>
10005e2a:	0020      	movs	r0, r4
10005e2c:	bc80      	pop	{r7}
10005e2e:	46b8      	mov	r8, r7
10005e30:	bdf0      	pop	{r4, r5, r6, r7, pc}
10005e32:	2400      	movs	r4, #0
10005e34:	e7f9      	b.n	10005e2a <tu_fifo_config+0x62>
10005e36:	46c0      	nop			; (mov r8, r8)

10005e38 <tu_fifo_count>:
10005e38:	b510      	push	{r4, lr}
10005e3a:	8904      	ldrh	r4, [r0, #8]
10005e3c:	8941      	ldrh	r1, [r0, #10]
10005e3e:	8882      	ldrh	r2, [r0, #4]
10005e40:	b2a3      	uxth	r3, r4
10005e42:	b288      	uxth	r0, r1
10005e44:	428c      	cmp	r4, r1
10005e46:	d307      	bcc.n	10005e58 <tu_fifo_count+0x20>
10005e48:	1a1b      	subs	r3, r3, r0
10005e4a:	b29b      	uxth	r3, r3
10005e4c:	1c10      	adds	r0, r2, #0
10005e4e:	429a      	cmp	r2, r3
10005e50:	d900      	bls.n	10005e54 <tu_fifo_count+0x1c>
10005e52:	1c18      	adds	r0, r3, #0
10005e54:	b280      	uxth	r0, r0
10005e56:	bd10      	pop	{r4, pc}
10005e58:	0051      	lsls	r1, r2, #1
10005e5a:	1a09      	subs	r1, r1, r0
10005e5c:	185b      	adds	r3, r3, r1
10005e5e:	b29b      	uxth	r3, r3
10005e60:	e7f4      	b.n	10005e4c <tu_fifo_count+0x14>
10005e62:	46c0      	nop			; (mov r8, r8)

10005e64 <tu_fifo_empty>:
10005e64:	0003      	movs	r3, r0
10005e66:	8900      	ldrh	r0, [r0, #8]
10005e68:	895b      	ldrh	r3, [r3, #10]
10005e6a:	1ac0      	subs	r0, r0, r3
10005e6c:	4243      	negs	r3, r0
10005e6e:	4158      	adcs	r0, r3
10005e70:	b2c0      	uxtb	r0, r0
10005e72:	4770      	bx	lr

10005e74 <tu_fifo_remaining>:
10005e74:	b510      	push	{r4, lr}
10005e76:	8904      	ldrh	r4, [r0, #8]
10005e78:	8941      	ldrh	r1, [r0, #10]
10005e7a:	8882      	ldrh	r2, [r0, #4]
10005e7c:	b2a3      	uxth	r3, r4
10005e7e:	b288      	uxth	r0, r1
10005e80:	428c      	cmp	r4, r1
10005e82:	d307      	bcc.n	10005e94 <tu_fifo_remaining+0x20>
10005e84:	1a1b      	subs	r3, r3, r0
10005e86:	b29b      	uxth	r3, r3
10005e88:	2000      	movs	r0, #0
10005e8a:	429a      	cmp	r2, r3
10005e8c:	d901      	bls.n	10005e92 <tu_fifo_remaining+0x1e>
10005e8e:	1ad3      	subs	r3, r2, r3
10005e90:	b298      	uxth	r0, r3
10005e92:	bd10      	pop	{r4, pc}
10005e94:	0051      	lsls	r1, r2, #1
10005e96:	1a09      	subs	r1, r1, r0
10005e98:	185b      	adds	r3, r3, r1
10005e9a:	b29b      	uxth	r3, r3
10005e9c:	e7f4      	b.n	10005e88 <tu_fifo_remaining+0x14>
10005e9e:	46c0      	nop			; (mov r8, r8)

10005ea0 <tu_fifo_read>:
10005ea0:	b570      	push	{r4, r5, r6, lr}
10005ea2:	0004      	movs	r4, r0
10005ea4:	6900      	ldr	r0, [r0, #16]
10005ea6:	000e      	movs	r6, r1
10005ea8:	2800      	cmp	r0, #0
10005eaa:	d003      	beq.n	10005eb4 <tu_fifo_read+0x14>
10005eac:	2101      	movs	r1, #1
10005eae:	4249      	negs	r1, r1
10005eb0:	f000 fa7e 	bl	100063b0 <__mutex_enter_timeout_ms_veneer>
10005eb4:	8925      	ldrh	r5, [r4, #8]
10005eb6:	8960      	ldrh	r0, [r4, #10]
10005eb8:	88a2      	ldrh	r2, [r4, #4]
10005eba:	b2a9      	uxth	r1, r5
10005ebc:	b283      	uxth	r3, r0
10005ebe:	4285      	cmp	r5, r0
10005ec0:	d32c      	bcc.n	10005f1c <tu_fifo_read+0x7c>
10005ec2:	1acd      	subs	r5, r1, r3
10005ec4:	b2ad      	uxth	r5, r5
10005ec6:	2d00      	cmp	r5, #0
10005ec8:	d02e      	beq.n	10005f28 <tu_fifo_read+0x88>
10005eca:	42aa      	cmp	r2, r5
10005ecc:	d208      	bcs.n	10005ee0 <tu_fifo_read+0x40>
10005ece:	4291      	cmp	r1, r2
10005ed0:	d331      	bcc.n	10005f36 <tu_fifo_read+0x96>
10005ed2:	1a8b      	subs	r3, r1, r2
10005ed4:	b29b      	uxth	r3, r3
10005ed6:	8163      	strh	r3, [r4, #10]
10005ed8:	429a      	cmp	r2, r3
10005eda:	d803      	bhi.n	10005ee4 <tu_fifo_read+0x44>
10005edc:	1a9b      	subs	r3, r3, r2
10005ede:	b29b      	uxth	r3, r3
10005ee0:	429a      	cmp	r2, r3
10005ee2:	d9fb      	bls.n	10005edc <tu_fifo_read+0x3c>
10005ee4:	88e2      	ldrh	r2, [r4, #6]
10005ee6:	6821      	ldr	r1, [r4, #0]
10005ee8:	0452      	lsls	r2, r2, #17
10005eea:	0c52      	lsrs	r2, r2, #17
10005eec:	4353      	muls	r3, r2
10005eee:	0030      	movs	r0, r6
10005ef0:	18c9      	adds	r1, r1, r3
10005ef2:	f7fc fb47 	bl	10002584 <__wrap___aeabi_memcpy>
10005ef6:	8961      	ldrh	r1, [r4, #10]
10005ef8:	2501      	movs	r5, #1
10005efa:	1c4b      	adds	r3, r1, #1
10005efc:	b29b      	uxth	r3, r3
10005efe:	88a2      	ldrh	r2, [r4, #4]
10005f00:	4299      	cmp	r1, r3
10005f02:	d914      	bls.n	10005f2e <tu_fifo_read+0x8e>
10005f04:	2300      	movs	r3, #0
10005f06:	0052      	lsls	r2, r2, #1
10005f08:	1a9b      	subs	r3, r3, r2
10005f0a:	b29b      	uxth	r3, r3
10005f0c:	6920      	ldr	r0, [r4, #16]
10005f0e:	8163      	strh	r3, [r4, #10]
10005f10:	2800      	cmp	r0, #0
10005f12:	d001      	beq.n	10005f18 <tu_fifo_read+0x78>
10005f14:	f000 fa54 	bl	100063c0 <__mutex_exit_veneer>
10005f18:	0028      	movs	r0, r5
10005f1a:	bd70      	pop	{r4, r5, r6, pc}
10005f1c:	0055      	lsls	r5, r2, #1
10005f1e:	1aed      	subs	r5, r5, r3
10005f20:	194d      	adds	r5, r1, r5
10005f22:	b2ad      	uxth	r5, r5
10005f24:	2d00      	cmp	r5, #0
10005f26:	d1d0      	bne.n	10005eca <tu_fifo_read+0x2a>
10005f28:	2500      	movs	r5, #0
10005f2a:	8963      	ldrh	r3, [r4, #10]
10005f2c:	b29b      	uxth	r3, r3
10005f2e:	0052      	lsls	r2, r2, #1
10005f30:	4293      	cmp	r3, r2
10005f32:	dbeb      	blt.n	10005f0c <tu_fifo_read+0x6c>
10005f34:	e7e8      	b.n	10005f08 <tu_fifo_read+0x68>
10005f36:	1889      	adds	r1, r1, r2
10005f38:	b28b      	uxth	r3, r1
10005f3a:	8163      	strh	r3, [r4, #10]
10005f3c:	e7cc      	b.n	10005ed8 <tu_fifo_read+0x38>
10005f3e:	46c0      	nop			; (mov r8, r8)

10005f40 <tu_fifo_read_n>:
10005f40:	b5f0      	push	{r4, r5, r6, r7, lr}
10005f42:	4646      	mov	r6, r8
10005f44:	464f      	mov	r7, r9
10005f46:	46d6      	mov	lr, sl
10005f48:	b5c0      	push	{r6, r7, lr}
10005f4a:	0006      	movs	r6, r0
10005f4c:	6900      	ldr	r0, [r0, #16]
10005f4e:	4689      	mov	r9, r1
10005f50:	4690      	mov	r8, r2
10005f52:	2800      	cmp	r0, #0
10005f54:	d003      	beq.n	10005f5e <tu_fifo_read_n+0x1e>
10005f56:	2101      	movs	r1, #1
10005f58:	4249      	negs	r1, r1
10005f5a:	f000 fa29 	bl	100063b0 <__mutex_enter_timeout_ms_veneer>
10005f5e:	8931      	ldrh	r1, [r6, #8]
10005f60:	8972      	ldrh	r2, [r6, #10]
10005f62:	88b5      	ldrh	r5, [r6, #4]
10005f64:	b28b      	uxth	r3, r1
10005f66:	b294      	uxth	r4, r2
10005f68:	4291      	cmp	r1, r2
10005f6a:	d357      	bcc.n	1000601c <tu_fifo_read_n+0xdc>
10005f6c:	1b1f      	subs	r7, r3, r4
10005f6e:	b2bf      	uxth	r7, r7
10005f70:	2f00      	cmp	r7, #0
10005f72:	d04d      	beq.n	10006010 <tu_fifo_read_n+0xd0>
10005f74:	42bd      	cmp	r5, r7
10005f76:	d205      	bcs.n	10005f84 <tu_fifo_read_n+0x44>
10005f78:	42ab      	cmp	r3, r5
10005f7a:	d254      	bcs.n	10006026 <tu_fifo_read_n+0xe6>
10005f7c:	195b      	adds	r3, r3, r5
10005f7e:	b29c      	uxth	r4, r3
10005f80:	002f      	movs	r7, r5
10005f82:	8174      	strh	r4, [r6, #10]
10005f84:	4643      	mov	r3, r8
10005f86:	45b8      	cmp	r8, r7
10005f88:	d840      	bhi.n	1000600c <tu_fifo_read_n+0xcc>
10005f8a:	b29f      	uxth	r7, r3
10005f8c:	42a5      	cmp	r5, r4
10005f8e:	d803      	bhi.n	10005f98 <tu_fifo_read_n+0x58>
10005f90:	1b64      	subs	r4, r4, r5
10005f92:	b2a4      	uxth	r4, r4
10005f94:	42a5      	cmp	r5, r4
10005f96:	d9fb      	bls.n	10005f90 <tu_fifo_read_n+0x50>
10005f98:	88f2      	ldrh	r2, [r6, #6]
10005f9a:	1b28      	subs	r0, r5, r4
10005f9c:	0452      	lsls	r2, r2, #17
10005f9e:	0c53      	lsrs	r3, r2, #17
10005fa0:	0019      	movs	r1, r3
10005fa2:	4698      	mov	r8, r3
10005fa4:	6833      	ldr	r3, [r6, #0]
10005fa6:	4361      	muls	r1, r4
10005fa8:	469c      	mov	ip, r3
10005faa:	b280      	uxth	r0, r0
10005fac:	4461      	add	r1, ip
10005fae:	4287      	cmp	r7, r0
10005fb0:	d926      	bls.n	10006000 <tu_fifo_read_n+0xc0>
10005fb2:	4643      	mov	r3, r8
10005fb4:	4358      	muls	r0, r3
10005fb6:	b283      	uxth	r3, r0
10005fb8:	001a      	movs	r2, r3
10005fba:	4648      	mov	r0, r9
10005fbc:	469a      	mov	sl, r3
10005fbe:	f7fc fae1 	bl	10002584 <__wrap___aeabi_memcpy>
10005fc2:	4643      	mov	r3, r8
10005fc4:	4648      	mov	r0, r9
10005fc6:	1b7d      	subs	r5, r7, r5
10005fc8:	1964      	adds	r4, r4, r5
10005fca:	435c      	muls	r4, r3
10005fcc:	6831      	ldr	r1, [r6, #0]
10005fce:	4450      	add	r0, sl
10005fd0:	b2a2      	uxth	r2, r4
10005fd2:	f7fc fad7 	bl	10002584 <__wrap___aeabi_memcpy>
10005fd6:	8971      	ldrh	r1, [r6, #10]
10005fd8:	88b5      	ldrh	r5, [r6, #4]
10005fda:	19cb      	adds	r3, r1, r7
10005fdc:	b29b      	uxth	r3, r3
10005fde:	006a      	lsls	r2, r5, #1
10005fe0:	4299      	cmp	r1, r3
10005fe2:	d917      	bls.n	10006014 <tu_fifo_read_n+0xd4>
10005fe4:	1a9b      	subs	r3, r3, r2
10005fe6:	b29b      	uxth	r3, r3
10005fe8:	6930      	ldr	r0, [r6, #16]
10005fea:	8173      	strh	r3, [r6, #10]
10005fec:	2800      	cmp	r0, #0
10005fee:	d001      	beq.n	10005ff4 <tu_fifo_read_n+0xb4>
10005ff0:	f000 f9e6 	bl	100063c0 <__mutex_exit_veneer>
10005ff4:	0038      	movs	r0, r7
10005ff6:	bce0      	pop	{r5, r6, r7}
10005ff8:	46ba      	mov	sl, r7
10005ffa:	46b1      	mov	r9, r6
10005ffc:	46a8      	mov	r8, r5
10005ffe:	bdf0      	pop	{r4, r5, r6, r7, pc}
10006000:	4642      	mov	r2, r8
10006002:	4648      	mov	r0, r9
10006004:	437a      	muls	r2, r7
10006006:	f7fc fabd 	bl	10002584 <__wrap___aeabi_memcpy>
1000600a:	e7e4      	b.n	10005fd6 <tu_fifo_read_n+0x96>
1000600c:	1c3b      	adds	r3, r7, #0
1000600e:	e7bc      	b.n	10005f8a <tu_fifo_read_n+0x4a>
10006010:	8973      	ldrh	r3, [r6, #10]
10006012:	b29b      	uxth	r3, r3
10006014:	006a      	lsls	r2, r5, #1
10006016:	4293      	cmp	r3, r2
10006018:	dbe6      	blt.n	10005fe8 <tu_fifo_read_n+0xa8>
1000601a:	e7e3      	b.n	10005fe4 <tu_fifo_read_n+0xa4>
1000601c:	006f      	lsls	r7, r5, #1
1000601e:	1b3f      	subs	r7, r7, r4
10006020:	19df      	adds	r7, r3, r7
10006022:	b2bf      	uxth	r7, r7
10006024:	e7a4      	b.n	10005f70 <tu_fifo_read_n+0x30>
10006026:	1b5b      	subs	r3, r3, r5
10006028:	b29c      	uxth	r4, r3
1000602a:	e7a9      	b.n	10005f80 <tu_fifo_read_n+0x40>

1000602c <tu_fifo_write>:
1000602c:	b5f8      	push	{r3, r4, r5, r6, r7, lr}
1000602e:	0004      	movs	r4, r0
10006030:	68c0      	ldr	r0, [r0, #12]
10006032:	000e      	movs	r6, r1
10006034:	2800      	cmp	r0, #0
10006036:	d003      	beq.n	10006040 <tu_fifo_write+0x14>
10006038:	2101      	movs	r1, #1
1000603a:	4249      	negs	r1, r1
1000603c:	f000 f9b8 	bl	100063b0 <__mutex_enter_timeout_ms_veneer>
10006040:	8925      	ldrh	r5, [r4, #8]
10006042:	8920      	ldrh	r0, [r4, #8]
10006044:	8961      	ldrh	r1, [r4, #10]
10006046:	88a2      	ldrh	r2, [r4, #4]
10006048:	b2ad      	uxth	r5, r5
1000604a:	b283      	uxth	r3, r0
1000604c:	b28f      	uxth	r7, r1
1000604e:	4288      	cmp	r0, r1
10006050:	d328      	bcc.n	100060a4 <tu_fifo_write+0x78>
10006052:	1bdb      	subs	r3, r3, r7
10006054:	b29b      	uxth	r3, r3
10006056:	429a      	cmp	r2, r3
10006058:	d809      	bhi.n	1000606e <tu_fifo_write+0x42>
1000605a:	79e7      	ldrb	r7, [r4, #7]
1000605c:	09ff      	lsrs	r7, r7, #7
1000605e:	d106      	bne.n	1000606e <tu_fifo_write+0x42>
10006060:	68e0      	ldr	r0, [r4, #12]
10006062:	2800      	cmp	r0, #0
10006064:	d001      	beq.n	1000606a <tu_fifo_write+0x3e>
10006066:	f000 f9ab 	bl	100063c0 <__mutex_exit_veneer>
1000606a:	0038      	movs	r0, r7
1000606c:	bdf8      	pop	{r3, r4, r5, r6, r7, pc}
1000606e:	002b      	movs	r3, r5
10006070:	4295      	cmp	r5, r2
10006072:	d303      	bcc.n	1000607c <tu_fifo_write+0x50>
10006074:	1a9b      	subs	r3, r3, r2
10006076:	b29b      	uxth	r3, r3
10006078:	4293      	cmp	r3, r2
1000607a:	d2fb      	bcs.n	10006074 <tu_fifo_write+0x48>
1000607c:	88e2      	ldrh	r2, [r4, #6]
1000607e:	6821      	ldr	r1, [r4, #0]
10006080:	0452      	lsls	r2, r2, #17
10006082:	0c52      	lsrs	r2, r2, #17
10006084:	4353      	muls	r3, r2
10006086:	18c8      	adds	r0, r1, r3
10006088:	0031      	movs	r1, r6
1000608a:	f7fc fa7b 	bl	10002584 <__wrap___aeabi_memcpy>
1000608e:	88a2      	ldrh	r2, [r4, #4]
10006090:	1c6b      	adds	r3, r5, #1
10006092:	b29b      	uxth	r3, r3
10006094:	0052      	lsls	r2, r2, #1
10006096:	429d      	cmp	r5, r3
10006098:	d909      	bls.n	100060ae <tu_fifo_write+0x82>
1000609a:	1a9b      	subs	r3, r3, r2
1000609c:	b29b      	uxth	r3, r3
1000609e:	2701      	movs	r7, #1
100060a0:	8123      	strh	r3, [r4, #8]
100060a2:	e7dd      	b.n	10006060 <tu_fifo_write+0x34>
100060a4:	0051      	lsls	r1, r2, #1
100060a6:	1bc9      	subs	r1, r1, r7
100060a8:	185b      	adds	r3, r3, r1
100060aa:	b29b      	uxth	r3, r3
100060ac:	e7d3      	b.n	10006056 <tu_fifo_write+0x2a>
100060ae:	4293      	cmp	r3, r2
100060b0:	dbf5      	blt.n	1000609e <tu_fifo_write+0x72>
100060b2:	e7f2      	b.n	1000609a <tu_fifo_write+0x6e>

100060b4 <tu_fifo_write_n>:
100060b4:	b5f0      	push	{r4, r5, r6, r7, lr}
100060b6:	464e      	mov	r6, r9
100060b8:	4645      	mov	r5, r8
100060ba:	46de      	mov	lr, fp
100060bc:	4657      	mov	r7, sl
100060be:	b5e0      	push	{r5, r6, r7, lr}
100060c0:	4689      	mov	r9, r1
100060c2:	0005      	movs	r5, r0
100060c4:	0014      	movs	r4, r2
100060c6:	b083      	sub	sp, #12
100060c8:	2a00      	cmp	r2, #0
100060ca:	d06e      	beq.n	100061aa <tu_fifo_write_n+0xf6>
100060cc:	68c0      	ldr	r0, [r0, #12]
100060ce:	2800      	cmp	r0, #0
100060d0:	d003      	beq.n	100060da <tu_fifo_write_n+0x26>
100060d2:	2101      	movs	r1, #1
100060d4:	4249      	negs	r1, r1
100060d6:	f000 f96b 	bl	100063b0 <__mutex_enter_timeout_ms_veneer>
100060da:	892f      	ldrh	r7, [r5, #8]
100060dc:	79ea      	ldrb	r2, [r5, #7]
100060de:	896b      	ldrh	r3, [r5, #10]
100060e0:	b2bf      	uxth	r7, r7
100060e2:	b29b      	uxth	r3, r3
100060e4:	09d2      	lsrs	r2, r2, #7
100060e6:	d142      	bne.n	1000616e <tu_fifo_write_n+0xba>
100060e8:	88ae      	ldrh	r6, [r5, #4]
100060ea:	429f      	cmp	r7, r3
100060ec:	d267      	bcs.n	100061be <tu_fifo_write_n+0x10a>
100060ee:	0072      	lsls	r2, r6, #1
100060f0:	1ad3      	subs	r3, r2, r3
100060f2:	18fb      	adds	r3, r7, r3
100060f4:	b29b      	uxth	r3, r3
100060f6:	2200      	movs	r2, #0
100060f8:	4690      	mov	r8, r2
100060fa:	429e      	cmp	r6, r3
100060fc:	d931      	bls.n	10006162 <tu_fifo_write_n+0xae>
100060fe:	1af3      	subs	r3, r6, r3
10006100:	1c1a      	adds	r2, r3, #0
10006102:	b29b      	uxth	r3, r3
10006104:	42a3      	cmp	r3, r4
10006106:	d900      	bls.n	1000610a <tu_fifo_write_n+0x56>
10006108:	1c22      	adds	r2, r4, #0
1000610a:	b293      	uxth	r3, r2
1000610c:	4698      	mov	r8, r3
1000610e:	88e8      	ldrh	r0, [r5, #6]
10006110:	4643      	mov	r3, r8
10006112:	19db      	adds	r3, r3, r7
10006114:	b29b      	uxth	r3, r3
10006116:	469b      	mov	fp, r3
10006118:	003c      	movs	r4, r7
1000611a:	42be      	cmp	r6, r7
1000611c:	d803      	bhi.n	10006126 <tu_fifo_write_n+0x72>
1000611e:	1ba4      	subs	r4, r4, r6
10006120:	b2a4      	uxth	r4, r4
10006122:	42b4      	cmp	r4, r6
10006124:	d2fb      	bcs.n	1000611e <tu_fifo_write_n+0x6a>
10006126:	0440      	lsls	r0, r0, #17
10006128:	0c43      	lsrs	r3, r0, #17
1000612a:	0018      	movs	r0, r3
1000612c:	469a      	mov	sl, r3
1000612e:	682b      	ldr	r3, [r5, #0]
10006130:	4360      	muls	r0, r4
10006132:	469c      	mov	ip, r3
10006134:	1b31      	subs	r1, r6, r4
10006136:	b289      	uxth	r1, r1
10006138:	4460      	add	r0, ip
1000613a:	4541      	cmp	r1, r8
1000613c:	d34e      	bcc.n	100061dc <tu_fifo_write_n+0x128>
1000613e:	4652      	mov	r2, sl
10006140:	4643      	mov	r3, r8
10006142:	4649      	mov	r1, r9
10006144:	435a      	muls	r2, r3
10006146:	f7fc fa1d 	bl	10002584 <__wrap___aeabi_memcpy>
1000614a:	88ab      	ldrh	r3, [r5, #4]
1000614c:	005b      	lsls	r3, r3, #1
1000614e:	45bb      	cmp	fp, r7
10006150:	d301      	bcc.n	10006156 <tu_fifo_write_n+0xa2>
10006152:	459b      	cmp	fp, r3
10006154:	db03      	blt.n	1000615e <tu_fifo_write_n+0xaa>
10006156:	465a      	mov	r2, fp
10006158:	1ad3      	subs	r3, r2, r3
1000615a:	b29b      	uxth	r3, r3
1000615c:	469b      	mov	fp, r3
1000615e:	465b      	mov	r3, fp
10006160:	812b      	strh	r3, [r5, #8]
10006162:	68e8      	ldr	r0, [r5, #12]
10006164:	2800      	cmp	r0, #0
10006166:	d022      	beq.n	100061ae <tu_fifo_write_n+0xfa>
10006168:	f000 f92a 	bl	100063c0 <__mutex_exit_veneer>
1000616c:	e01f      	b.n	100061ae <tu_fifo_write_n+0xfa>
1000616e:	88aa      	ldrh	r2, [r5, #4]
10006170:	4690      	mov	r8, r2
10006172:	4294      	cmp	r4, r2
10006174:	d226      	bcs.n	100061c4 <tu_fifo_write_n+0x110>
10006176:	429f      	cmp	r7, r3
10006178:	d344      	bcc.n	10006204 <tu_fifo_write_n+0x150>
1000617a:	4641      	mov	r1, r8
1000617c:	1afa      	subs	r2, r7, r3
1000617e:	b292      	uxth	r2, r2
10006180:	0049      	lsls	r1, r1, #1
10006182:	1912      	adds	r2, r2, r4
10006184:	428a      	cmp	r2, r1
10006186:	db09      	blt.n	1000619c <tu_fifo_write_n+0xe8>
10006188:	4642      	mov	r2, r8
1000618a:	189a      	adds	r2, r3, r2
1000618c:	b292      	uxth	r2, r2
1000618e:	1b17      	subs	r7, r2, r4
10006190:	b2bf      	uxth	r7, r7
10006192:	4693      	mov	fp, r2
10006194:	42bb      	cmp	r3, r7
10006196:	d93a      	bls.n	1000620e <tu_fifo_write_n+0x15a>
10006198:	1a7f      	subs	r7, r7, r1
1000619a:	b2bf      	uxth	r7, r7
1000619c:	19e3      	adds	r3, r4, r7
1000619e:	b29b      	uxth	r3, r3
100061a0:	4646      	mov	r6, r8
100061a2:	469b      	mov	fp, r3
100061a4:	46a0      	mov	r8, r4
100061a6:	88e8      	ldrh	r0, [r5, #6]
100061a8:	e7b6      	b.n	10006118 <tu_fifo_write_n+0x64>
100061aa:	2300      	movs	r3, #0
100061ac:	4698      	mov	r8, r3
100061ae:	4640      	mov	r0, r8
100061b0:	b003      	add	sp, #12
100061b2:	bcf0      	pop	{r4, r5, r6, r7}
100061b4:	46bb      	mov	fp, r7
100061b6:	46b2      	mov	sl, r6
100061b8:	46a9      	mov	r9, r5
100061ba:	46a0      	mov	r8, r4
100061bc:	bdf0      	pop	{r4, r5, r6, r7, pc}
100061be:	1afb      	subs	r3, r7, r3
100061c0:	b29b      	uxth	r3, r3
100061c2:	e798      	b.n	100060f6 <tu_fifo_write_n+0x42>
100061c4:	88e8      	ldrh	r0, [r5, #6]
100061c6:	1aa2      	subs	r2, r4, r2
100061c8:	0444      	lsls	r4, r0, #17
100061ca:	0c64      	lsrs	r4, r4, #17
100061cc:	4354      	muls	r4, r2
100061ce:	4642      	mov	r2, r8
100061d0:	44a1      	add	r9, r4
100061d2:	2a00      	cmp	r2, #0
100061d4:	d0c5      	beq.n	10006162 <tu_fifo_write_n+0xae>
100061d6:	4646      	mov	r6, r8
100061d8:	001f      	movs	r7, r3
100061da:	e799      	b.n	10006110 <tu_fifo_write_n+0x5c>
100061dc:	4653      	mov	r3, sl
100061de:	4359      	muls	r1, r3
100061e0:	b289      	uxth	r1, r1
100061e2:	000a      	movs	r2, r1
100061e4:	9101      	str	r1, [sp, #4]
100061e6:	4649      	mov	r1, r9
100061e8:	f7fc f9cc 	bl	10002584 <__wrap___aeabi_memcpy>
100061ec:	4643      	mov	r3, r8
100061ee:	1b9a      	subs	r2, r3, r6
100061f0:	4653      	mov	r3, sl
100061f2:	18a2      	adds	r2, r4, r2
100061f4:	435a      	muls	r2, r3
100061f6:	9901      	ldr	r1, [sp, #4]
100061f8:	6828      	ldr	r0, [r5, #0]
100061fa:	b292      	uxth	r2, r2
100061fc:	4449      	add	r1, r9
100061fe:	f7fc f9c1 	bl	10002584 <__wrap___aeabi_memcpy>
10006202:	e7a2      	b.n	1000614a <tu_fifo_write_n+0x96>
10006204:	0051      	lsls	r1, r2, #1
10006206:	1aca      	subs	r2, r1, r3
10006208:	18ba      	adds	r2, r7, r2
1000620a:	b292      	uxth	r2, r2
1000620c:	e7b9      	b.n	10006182 <tu_fifo_write_n+0xce>
1000620e:	42b9      	cmp	r1, r7
10006210:	ddc2      	ble.n	10006198 <tu_fifo_write_n+0xe4>
10006212:	4646      	mov	r6, r8
10006214:	88e8      	ldrh	r0, [r5, #6]
10006216:	46a0      	mov	r8, r4
10006218:	e77e      	b.n	10006118 <tu_fifo_write_n+0x64>
1000621a:	46c0      	nop			; (mov r8, r8)

1000621c <tu_fifo_clear>:
1000621c:	b510      	push	{r4, lr}
1000621e:	0004      	movs	r4, r0
10006220:	68c0      	ldr	r0, [r0, #12]
10006222:	2800      	cmp	r0, #0
10006224:	d003      	beq.n	1000622e <tu_fifo_clear+0x12>
10006226:	2101      	movs	r1, #1
10006228:	4249      	negs	r1, r1
1000622a:	f000 f8c1 	bl	100063b0 <__mutex_enter_timeout_ms_veneer>
1000622e:	6920      	ldr	r0, [r4, #16]
10006230:	2800      	cmp	r0, #0
10006232:	d003      	beq.n	1000623c <tu_fifo_clear+0x20>
10006234:	2101      	movs	r1, #1
10006236:	4249      	negs	r1, r1
10006238:	f000 f8ba 	bl	100063b0 <__mutex_enter_timeout_ms_veneer>
1000623c:	2300      	movs	r3, #0
1000623e:	68e0      	ldr	r0, [r4, #12]
10006240:	8163      	strh	r3, [r4, #10]
10006242:	8123      	strh	r3, [r4, #8]
10006244:	2800      	cmp	r0, #0
10006246:	d001      	beq.n	1000624c <tu_fifo_clear+0x30>
10006248:	f000 f8ba 	bl	100063c0 <__mutex_exit_veneer>
1000624c:	6920      	ldr	r0, [r4, #16]
1000624e:	2800      	cmp	r0, #0
10006250:	d001      	beq.n	10006256 <tu_fifo_clear+0x3a>
10006252:	f000 f8b5 	bl	100063c0 <__mutex_exit_veneer>
10006256:	2001      	movs	r0, #1
10006258:	bd10      	pop	{r4, pc}
1000625a:	46c0      	nop			; (mov r8, r8)

1000625c <tu_fifo_set_overwritable>:
1000625c:	b570      	push	{r4, r5, r6, lr}
1000625e:	0004      	movs	r4, r0
10006260:	68c0      	ldr	r0, [r0, #12]
10006262:	000d      	movs	r5, r1
10006264:	2800      	cmp	r0, #0
10006266:	d003      	beq.n	10006270 <tu_fifo_set_overwritable+0x14>
10006268:	2101      	movs	r1, #1
1000626a:	4249      	negs	r1, r1
1000626c:	f000 f8a0 	bl	100063b0 <__mutex_enter_timeout_ms_veneer>
10006270:	6920      	ldr	r0, [r4, #16]
10006272:	2800      	cmp	r0, #0
10006274:	d003      	beq.n	1000627e <tu_fifo_set_overwritable+0x22>
10006276:	2101      	movs	r1, #1
10006278:	4249      	negs	r1, r1
1000627a:	f000 f899 	bl	100063b0 <__mutex_enter_timeout_ms_veneer>
1000627e:	217f      	movs	r1, #127	; 0x7f
10006280:	79e3      	ldrb	r3, [r4, #7]
10006282:	01ed      	lsls	r5, r5, #7
10006284:	4019      	ands	r1, r3
10006286:	68e0      	ldr	r0, [r4, #12]
10006288:	4329      	orrs	r1, r5
1000628a:	71e1      	strb	r1, [r4, #7]
1000628c:	2800      	cmp	r0, #0
1000628e:	d001      	beq.n	10006294 <tu_fifo_set_overwritable+0x38>
10006290:	f000 f896 	bl	100063c0 <__mutex_exit_veneer>
10006294:	6920      	ldr	r0, [r4, #16]
10006296:	2800      	cmp	r0, #0
10006298:	d001      	beq.n	1000629e <tu_fifo_set_overwritable+0x42>
1000629a:	f000 f891 	bl	100063c0 <__mutex_exit_veneer>
1000629e:	2001      	movs	r0, #1
100062a0:	bd70      	pop	{r4, r5, r6, pc}
100062a2:	46c0      	nop			; (mov r8, r8)

100062a4 <strlen>:
100062a4:	b510      	push	{r4, lr}
100062a6:	0783      	lsls	r3, r0, #30
100062a8:	d00a      	beq.n	100062c0 <strlen+0x1c>
100062aa:	0003      	movs	r3, r0
100062ac:	2103      	movs	r1, #3
100062ae:	e002      	b.n	100062b6 <strlen+0x12>
100062b0:	3301      	adds	r3, #1
100062b2:	420b      	tst	r3, r1
100062b4:	d005      	beq.n	100062c2 <strlen+0x1e>
100062b6:	781a      	ldrb	r2, [r3, #0]
100062b8:	2a00      	cmp	r2, #0
100062ba:	d1f9      	bne.n	100062b0 <strlen+0xc>
100062bc:	1a18      	subs	r0, r3, r0
100062be:	bd10      	pop	{r4, pc}
100062c0:	0003      	movs	r3, r0
100062c2:	6819      	ldr	r1, [r3, #0]
100062c4:	4a0c      	ldr	r2, [pc, #48]	; (100062f8 <strlen+0x54>)
100062c6:	4c0d      	ldr	r4, [pc, #52]	; (100062fc <strlen+0x58>)
100062c8:	188a      	adds	r2, r1, r2
100062ca:	438a      	bics	r2, r1
100062cc:	4222      	tst	r2, r4
100062ce:	d10f      	bne.n	100062f0 <strlen+0x4c>
100062d0:	6859      	ldr	r1, [r3, #4]
100062d2:	4a09      	ldr	r2, [pc, #36]	; (100062f8 <strlen+0x54>)
100062d4:	3304      	adds	r3, #4
100062d6:	188a      	adds	r2, r1, r2
100062d8:	438a      	bics	r2, r1
100062da:	4222      	tst	r2, r4
100062dc:	d108      	bne.n	100062f0 <strlen+0x4c>
100062de:	6859      	ldr	r1, [r3, #4]
100062e0:	4a05      	ldr	r2, [pc, #20]	; (100062f8 <strlen+0x54>)
100062e2:	3304      	adds	r3, #4
100062e4:	188a      	adds	r2, r1, r2
100062e6:	438a      	bics	r2, r1
100062e8:	4222      	tst	r2, r4
100062ea:	d0f1      	beq.n	100062d0 <strlen+0x2c>
100062ec:	e000      	b.n	100062f0 <strlen+0x4c>
100062ee:	3301      	adds	r3, #1
100062f0:	781a      	ldrb	r2, [r3, #0]
100062f2:	2a00      	cmp	r2, #0
100062f4:	d1fb      	bne.n	100062ee <strlen+0x4a>
100062f6:	e7e1      	b.n	100062bc <strlen+0x18>
100062f8:	fefefeff 	.word	0xfefefeff
100062fc:	80808080 	.word	0x80808080

10006300 <__reset_non_control_endpoints_veneer>:
10006300:	b401      	push	{r0}
10006302:	4802      	ldr	r0, [pc, #8]	; (1000630c <__reset_non_control_endpoints_veneer+0xc>)
10006304:	4684      	mov	ip, r0
10006306:	bc01      	pop	{r0}
10006308:	4760      	bx	ip
1000630a:	bf00      	nop
1000630c:	200003a5 	.word	0x200003a5

10006310 <____aeabi_ldiv0_veneer>:
10006310:	b401      	push	{r0}
10006312:	4802      	ldr	r0, [pc, #8]	; (1000631c <____aeabi_ldiv0_veneer+0xc>)
10006314:	4684      	mov	ip, r0
10006316:	bc01      	pop	{r0}
10006318:	4760      	bx	ip
1000631a:	bf00      	nop
1000631c:	20000f45 	.word	0x20000f45

10006320 <__hw_endpoint_start_next_buffer_veneer>:
10006320:	b401      	push	{r0}
10006322:	4802      	ldr	r0, [pc, #8]	; (1000632c <__hw_endpoint_start_next_buffer_veneer+0xc>)
10006324:	4684      	mov	ip, r0
10006326:	bc01      	pop	{r0}
10006328:	4760      	bx	ip
1000632a:	bf00      	nop
1000632c:	20000cb1 	.word	0x20000cb1

10006330 <____aeabi_idiv0_veneer>:
10006330:	b401      	push	{r0}
10006332:	4802      	ldr	r0, [pc, #8]	; (1000633c <____aeabi_idiv0_veneer+0xc>)
10006334:	4684      	mov	ip, r0
10006336:	bc01      	pop	{r0}
10006338:	4760      	bx	ip
1000633a:	bf00      	nop
1000633c:	20000f45 	.word	0x20000f45

10006340 <___hw_endpoint_buffer_control_update32_veneer>:
10006340:	b401      	push	{r0}
10006342:	4802      	ldr	r0, [pc, #8]	; (1000634c <___hw_endpoint_buffer_control_update32_veneer+0xc>)
10006344:	4684      	mov	ip, r0
10006346:	bc01      	pop	{r0}
10006348:	4760      	bx	ip
1000634a:	bf00      	nop
1000634c:	20000c61 	.word	0x20000c61

10006350 <__hw_endpoint_reset_transfer_veneer>:
10006350:	b401      	push	{r0}
10006352:	4802      	ldr	r0, [pc, #8]	; (1000635c <__hw_endpoint_reset_transfer_veneer+0xc>)
10006354:	4684      	mov	ip, r0
10006356:	bc01      	pop	{r0}
10006358:	4760      	bx	ip
1000635a:	bf00      	nop
1000635c:	20000c55 	.word	0x20000c55

10006360 <__flash_do_cmd_cs_veneer>:
10006360:	b401      	push	{r0}
10006362:	4802      	ldr	r0, [pc, #8]	; (1000636c <__flash_do_cmd_cs_veneer+0xc>)
10006364:	4684      	mov	ip, r0
10006366:	bc01      	pop	{r0}
10006368:	4760      	bx	ip
1000636a:	bf00      	nop
1000636c:	200002b1 	.word	0x200002b1

10006370 <__e15_is_critical_frame_period_veneer>:
10006370:	b401      	push	{r0}
10006372:	4802      	ldr	r0, [pc, #8]	; (1000637c <__e15_is_critical_frame_period_veneer+0xc>)
10006374:	4684      	mov	ip, r0
10006376:	bc01      	pop	{r0}
10006378:	4760      	bx	ip
1000637a:	bf00      	nop
1000637c:	20000c21 	.word	0x20000c21

10006380 <__mutex_try_enter_block_until_veneer>:
10006380:	b401      	push	{r0}
10006382:	4802      	ldr	r0, [pc, #8]	; (1000638c <__mutex_try_enter_block_until_veneer+0xc>)
10006384:	4684      	mov	ip, r0
10006386:	bc01      	pop	{r0}
10006388:	4760      	bx	ip
1000638a:	bf00      	nop
1000638c:	20000179 	.word	0x20000179

10006390 <__e15_is_bulkin_ep_veneer>:
10006390:	b401      	push	{r0}
10006392:	4802      	ldr	r0, [pc, #8]	; (1000639c <__e15_is_bulkin_ep_veneer+0xc>)
10006394:	4684      	mov	ip, r0
10006396:	bc01      	pop	{r0}
10006398:	4760      	bx	ip
1000639a:	bf00      	nop
1000639c:	20000bf9 	.word	0x20000bf9

100063a0 <__mutex_try_enter_veneer>:
100063a0:	b401      	push	{r0}
100063a2:	4802      	ldr	r0, [pc, #8]	; (100063ac <__mutex_try_enter_veneer+0xc>)
100063a4:	4684      	mov	ip, r0
100063a6:	bc01      	pop	{r0}
100063a8:	4760      	bx	ip
100063aa:	bf00      	nop
100063ac:	200000c1 	.word	0x200000c1

100063b0 <__mutex_enter_timeout_ms_veneer>:
100063b0:	b401      	push	{r0}
100063b2:	4802      	ldr	r0, [pc, #8]	; (100063bc <__mutex_enter_timeout_ms_veneer+0xc>)
100063b4:	4684      	mov	ip, r0
100063b6:	bc01      	pop	{r0}
100063b8:	4760      	bx	ip
100063ba:	bf00      	nop
100063bc:	200001ad 	.word	0x200001ad

100063c0 <__mutex_exit_veneer>:
100063c0:	b401      	push	{r0}
100063c2:	4802      	ldr	r0, [pc, #8]	; (100063cc <__mutex_exit_veneer+0xc>)
100063c4:	4684      	mov	ip, r0
100063c6:	bc01      	pop	{r0}
100063c8:	4760      	bx	ip
100063ca:	bf00      	nop
100063cc:	200001e9 	.word	0x200001e9

100063d0 <__pre_init_runtime_init_early_resets>:
100063d0:	100015f1                                ....

100063d4 <__pre_init_runtime_init_usb_power_down>:
100063d4:	1000161d 10001801 10002569 10001ea5     ........i%......
100063e4:	100024d9                                .$..

100063e8 <__pre_init_runtime_init_clocks>:
100063e8:	10001729                                )...

100063ec <__pre_init_runtime_init_post_clock_resets>:
100063ec:	10001639                                9...

100063f0 <__pre_init_runtime_init_rp2040_gpio_ie_disable>:
100063f0:	10001659                                Y...

100063f4 <__pre_init_runtime_init_spin_locks_reset>:
100063f4:	1000166d                                m...

100063f8 <__pre_init_runtime_init_mutex>:
100063f8:	100008a1                                ....

100063fc <__pre_init_runtime_init_install_ram_vector_table>:
100063fc:	10001675                                u...

10006400 <__pre_init_runtime_init_default_alarm_pool>:
10006400:	10000c81                                ....

10006404 <__pre_init_first_per_core_initializer>:
10006404:	100015b9                                ....

10006408 <__pre_init_runtime_init_per_core_irq_priorities>:
10006408:	10000505                                ....

1000640c <__init_array_start>:
1000640c:	10004445 	.word	0x10004445

Disassembly of section .data:

200000c0 <mutex_try_enter>:
200000c0:	0003      	movs	r3, r0
200000c2:	6800      	ldr	r0, [r0, #0]
200000c4:	f3ef 8c10 	mrs	ip, PRIMASK
200000c8:	b672      	cpsid	i
200000ca:	6802      	ldr	r2, [r0, #0]
200000cc:	2a00      	cmp	r2, #0
200000ce:	d0fc      	beq.n	200000ca <mutex_try_enter+0xa>
200000d0:	f3bf 8f5f 	dmb	sy
200000d4:	2204      	movs	r2, #4
200000d6:	569a      	ldrsb	r2, [r3, r2]
200000d8:	2a00      	cmp	r2, #0
200000da:	db0b      	blt.n	200000f4 <mutex_try_enter+0x34>
200000dc:	2900      	cmp	r1, #0
200000de:	d00f      	beq.n	20000100 <mutex_try_enter+0x40>
200000e0:	2000      	movs	r0, #0
200000e2:	600a      	str	r2, [r1, #0]
200000e4:	681b      	ldr	r3, [r3, #0]
200000e6:	f3bf 8f5f 	dmb	sy
200000ea:	2200      	movs	r2, #0
200000ec:	601a      	str	r2, [r3, #0]
200000ee:	f38c 8810 	msr	PRIMASK, ip
200000f2:	4770      	bx	lr
200000f4:	22d0      	movs	r2, #208	; 0xd0
200000f6:	0612      	lsls	r2, r2, #24
200000f8:	6812      	ldr	r2, [r2, #0]
200000fa:	2001      	movs	r0, #1
200000fc:	711a      	strb	r2, [r3, #4]
200000fe:	e7f1      	b.n	200000e4 <mutex_try_enter+0x24>
20000100:	2000      	movs	r0, #0
20000102:	e7ef      	b.n	200000e4 <mutex_try_enter+0x24>

20000104 <mutex_enter_block_until>:
20000104:	b5f0      	push	{r4, r5, r6, r7, lr}
20000106:	464f      	mov	r7, r9
20000108:	46d6      	mov	lr, sl
2000010a:	4646      	mov	r6, r8
2000010c:	b5c0      	push	{r6, r7, lr}
2000010e:	001f      	movs	r7, r3
20000110:	23d0      	movs	r3, #208	; 0xd0
20000112:	061b      	lsls	r3, r3, #24
20000114:	681b      	ldr	r3, [r3, #0]
20000116:	0004      	movs	r4, r0
20000118:	469a      	mov	sl, r3
2000011a:	2300      	movs	r3, #0
2000011c:	4690      	mov	r8, r2
2000011e:	4699      	mov	r9, r3
20000120:	e00c      	b.n	2000013c <mutex_enter_block_until+0x38>
20000122:	6822      	ldr	r2, [r4, #0]
20000124:	f3bf 8f5f 	dmb	sy
20000128:	4649      	mov	r1, r9
2000012a:	6011      	str	r1, [r2, #0]
2000012c:	f383 8810 	msr	PRIMASK, r3
20000130:	4640      	mov	r0, r8
20000132:	0039      	movs	r1, r7
20000134:	f000 ff10 	bl	20000f58 <__best_effort_wfe_or_timeout_veneer>
20000138:	2800      	cmp	r0, #0
2000013a:	d11a      	bne.n	20000172 <mutex_enter_block_until+0x6e>
2000013c:	6826      	ldr	r6, [r4, #0]
2000013e:	f3ef 8310 	mrs	r3, PRIMASK
20000142:	b672      	cpsid	i
20000144:	6835      	ldr	r5, [r6, #0]
20000146:	2d00      	cmp	r5, #0
20000148:	d0fc      	beq.n	20000144 <mutex_enter_block_until+0x40>
2000014a:	f3bf 8f5f 	dmb	sy
2000014e:	7925      	ldrb	r5, [r4, #4]
20000150:	2d7f      	cmp	r5, #127	; 0x7f
20000152:	d9e6      	bls.n	20000122 <mutex_enter_block_until+0x1e>
20000154:	4652      	mov	r2, sl
20000156:	7122      	strb	r2, [r4, #4]
20000158:	6822      	ldr	r2, [r4, #0]
2000015a:	f3bf 8f5f 	dmb	sy
2000015e:	2100      	movs	r1, #0
20000160:	6011      	str	r1, [r2, #0]
20000162:	f383 8810 	msr	PRIMASK, r3
20000166:	2001      	movs	r0, #1
20000168:	bce0      	pop	{r5, r6, r7}
2000016a:	46ba      	mov	sl, r7
2000016c:	46b1      	mov	r9, r6
2000016e:	46a8      	mov	r8, r5
20000170:	bdf0      	pop	{r4, r5, r6, r7, pc}
20000172:	2000      	movs	r0, #0
20000174:	e7f8      	b.n	20000168 <mutex_enter_block_until+0x64>
20000176:	46c0      	nop			; (mov r8, r8)

20000178 <mutex_try_enter_block_until>:
20000178:	b570      	push	{r4, r5, r6, lr}
2000017a:	b082      	sub	sp, #8
2000017c:	a901      	add	r1, sp, #4
2000017e:	0004      	movs	r4, r0
20000180:	0016      	movs	r6, r2
20000182:	001d      	movs	r5, r3
20000184:	f7ff ff9c 	bl	200000c0 <mutex_try_enter>
20000188:	2800      	cmp	r0, #0
2000018a:	d107      	bne.n	2000019c <mutex_try_enter_block_until+0x24>
2000018c:	22d0      	movs	r2, #208	; 0xd0
2000018e:	0612      	lsls	r2, r2, #24
20000190:	9b01      	ldr	r3, [sp, #4]
20000192:	7812      	ldrb	r2, [r2, #0]
20000194:	b25b      	sxtb	r3, r3
20000196:	b252      	sxtb	r2, r2
20000198:	4293      	cmp	r3, r2
2000019a:	d101      	bne.n	200001a0 <mutex_try_enter_block_until+0x28>
2000019c:	b002      	add	sp, #8
2000019e:	bd70      	pop	{r4, r5, r6, pc}
200001a0:	0032      	movs	r2, r6
200001a2:	002b      	movs	r3, r5
200001a4:	0020      	movs	r0, r4
200001a6:	f7ff ffad 	bl	20000104 <mutex_enter_block_until>
200001aa:	e7f7      	b.n	2000019c <mutex_try_enter_block_until+0x24>

200001ac <mutex_enter_timeout_ms>:
200001ac:	b5f8      	push	{r3, r4, r5, r6, r7, lr}
200001ae:	000f      	movs	r7, r1
200001b0:	0006      	movs	r6, r0
200001b2:	f000 fef9 	bl	20000fa8 <__time_us_64_veneer>
200001b6:	22fa      	movs	r2, #250	; 0xfa
200001b8:	0004      	movs	r4, r0
200001ba:	000d      	movs	r5, r1
200001bc:	2300      	movs	r3, #0
200001be:	0092      	lsls	r2, r2, #2
200001c0:	0038      	movs	r0, r7
200001c2:	2100      	movs	r1, #0
200001c4:	f000 fee0 	bl	20000f88 <____wrap___aeabi_lmul_veneer>
200001c8:	0002      	movs	r2, r0
200001ca:	000b      	movs	r3, r1
200001cc:	1912      	adds	r2, r2, r4
200001ce:	416b      	adcs	r3, r5
200001d0:	2b00      	cmp	r3, #0
200001d2:	db03      	blt.n	200001dc <mutex_enter_timeout_ms+0x30>
200001d4:	0030      	movs	r0, r6
200001d6:	f7ff ff95 	bl	20000104 <mutex_enter_block_until>
200001da:	bdf8      	pop	{r3, r4, r5, r6, r7, pc}
200001dc:	2201      	movs	r2, #1
200001de:	4b01      	ldr	r3, [pc, #4]	; (200001e4 <mutex_enter_timeout_ms+0x38>)
200001e0:	4252      	negs	r2, r2
200001e2:	e7f7      	b.n	200001d4 <mutex_enter_timeout_ms+0x28>
200001e4:	7fffffff 	.word	0x7fffffff

200001e8 <mutex_exit>:
200001e8:	6802      	ldr	r2, [r0, #0]
200001ea:	f3ef 8110 	mrs	r1, PRIMASK
200001ee:	b672      	cpsid	i
200001f0:	6813      	ldr	r3, [r2, #0]
200001f2:	2b00      	cmp	r3, #0
200001f4:	d0fc      	beq.n	200001f0 <mutex_exit+0x8>
200001f6:	f3bf 8f5f 	dmb	sy
200001fa:	23ff      	movs	r3, #255	; 0xff
200001fc:	7103      	strb	r3, [r0, #4]
200001fe:	6803      	ldr	r3, [r0, #0]
20000200:	f3bf 8f5f 	dmb	sy
20000204:	2200      	movs	r2, #0
20000206:	601a      	str	r2, [r3, #0]
20000208:	f381 8810 	msr	PRIMASK, r1
2000020c:	bf40      	sev
2000020e:	4770      	bx	lr

20000210 <flash_init_boot2_copyout>:
20000210:	b510      	push	{r4, lr}
20000212:	4c08      	ldr	r4, [pc, #32]	; (20000234 <flash_init_boot2_copyout+0x24>)
20000214:	7823      	ldrb	r3, [r4, #0]
20000216:	2b00      	cmp	r3, #0
20000218:	d10a      	bne.n	20000230 <flash_init_boot2_copyout+0x20>
2000021a:	2380      	movs	r3, #128	; 0x80
2000021c:	4806      	ldr	r0, [pc, #24]	; (20000238 <flash_init_boot2_copyout+0x28>)
2000021e:	4907      	ldr	r1, [pc, #28]	; (2000023c <flash_init_boot2_copyout+0x2c>)
20000220:	055b      	lsls	r3, r3, #21
20000222:	681a      	ldr	r2, [r3, #0]
20000224:	50c2      	str	r2, [r0, r3]
20000226:	3304      	adds	r3, #4
20000228:	428b      	cmp	r3, r1
2000022a:	d1fa      	bne.n	20000222 <flash_init_boot2_copyout+0x12>
2000022c:	2301      	movs	r3, #1
2000022e:	7023      	strb	r3, [r4, #0]
20000230:	bd10      	pop	{r4, pc}
20000232:	46c0      	nop			; (mov r8, r8)
20000234:	20001cc0 	.word	0x20001cc0
20000238:	10001704 	.word	0x10001704
2000023c:	10000100 	.word	0x10000100

20000240 <flash_enable_xip_via_boot2>:
20000240:	b510      	push	{r4, lr}
20000242:	4b02      	ldr	r3, [pc, #8]	; (2000024c <flash_enable_xip_via_boot2+0xc>)
20000244:	3301      	adds	r3, #1
20000246:	4798      	blx	r3
20000248:	bd10      	pop	{r4, pc}
2000024a:	46c0      	nop			; (mov r8, r8)
2000024c:	20001704 	.word	0x20001704

20000250 <flash_save_hardware_state>:
20000250:	4b09      	ldr	r3, [pc, #36]	; (20000278 <flash_save_hardware_state+0x28>)
20000252:	685b      	ldr	r3, [r3, #4]
20000254:	6043      	str	r3, [r0, #4]
20000256:	4b09      	ldr	r3, [pc, #36]	; (2000027c <flash_save_hardware_state+0x2c>)
20000258:	685a      	ldr	r2, [r3, #4]
2000025a:	6082      	str	r2, [r0, #8]
2000025c:	689a      	ldr	r2, [r3, #8]
2000025e:	60c2      	str	r2, [r0, #12]
20000260:	68da      	ldr	r2, [r3, #12]
20000262:	6102      	str	r2, [r0, #16]
20000264:	691a      	ldr	r2, [r3, #16]
20000266:	695b      	ldr	r3, [r3, #20]
20000268:	6142      	str	r2, [r0, #20]
2000026a:	6183      	str	r3, [r0, #24]
2000026c:	23a0      	movs	r3, #160	; 0xa0
2000026e:	055b      	lsls	r3, r3, #21
20000270:	681b      	ldr	r3, [r3, #0]
20000272:	6003      	str	r3, [r0, #0]
20000274:	4770      	bx	lr
20000276:	46c0      	nop			; (mov r8, r8)
20000278:	40020000 	.word	0x40020000
2000027c:	40020004 	.word	0x40020004

20000280 <flash_restore_hardware_state>:
20000280:	6842      	ldr	r2, [r0, #4]
20000282:	4b09      	ldr	r3, [pc, #36]	; (200002a8 <flash_restore_hardware_state+0x28>)
20000284:	605a      	str	r2, [r3, #4]
20000286:	6882      	ldr	r2, [r0, #8]
20000288:	4b08      	ldr	r3, [pc, #32]	; (200002ac <flash_restore_hardware_state+0x2c>)
2000028a:	605a      	str	r2, [r3, #4]
2000028c:	68c2      	ldr	r2, [r0, #12]
2000028e:	609a      	str	r2, [r3, #8]
20000290:	6902      	ldr	r2, [r0, #16]
20000292:	60da      	str	r2, [r3, #12]
20000294:	6942      	ldr	r2, [r0, #20]
20000296:	611a      	str	r2, [r3, #16]
20000298:	6982      	ldr	r2, [r0, #24]
2000029a:	615a      	str	r2, [r3, #20]
2000029c:	23a0      	movs	r3, #160	; 0xa0
2000029e:	6802      	ldr	r2, [r0, #0]
200002a0:	055b      	lsls	r3, r3, #21
200002a2:	601a      	str	r2, [r3, #0]
200002a4:	4770      	bx	lr
200002a6:	46c0      	nop			; (mov r8, r8)
200002a8:	40020000 	.word	0x40020000
200002ac:	40020004 	.word	0x40020004

200002b0 <flash_do_cmd_cs>:
200002b0:	2314      	movs	r3, #20
200002b2:	b5f0      	push	{r4, r5, r6, r7, lr}
200002b4:	46d6      	mov	lr, sl
200002b6:	464f      	mov	r7, r9
200002b8:	4646      	mov	r6, r8
200002ba:	469a      	mov	sl, r3
200002bc:	b5c0      	push	{r6, r7, lr}
200002be:	4681      	mov	r9, r0
200002c0:	8818      	ldrh	r0, [r3, #0]
200002c2:	3304      	adds	r3, #4
200002c4:	b088      	sub	sp, #32
200002c6:	4698      	mov	r8, r3
200002c8:	000e      	movs	r6, r1
200002ca:	881b      	ldrh	r3, [r3, #0]
200002cc:	4930      	ldr	r1, [pc, #192]	; (20000390 <flash_do_cmd_cs+0xe0>)
200002ce:	0014      	movs	r4, r2
200002d0:	4798      	blx	r3
200002d2:	4653      	mov	r3, sl
200002d4:	0007      	movs	r7, r0
200002d6:	8818      	ldrh	r0, [r3, #0]
200002d8:	4643      	mov	r3, r8
200002da:	492e      	ldr	r1, [pc, #184]	; (20000394 <flash_do_cmd_cs+0xe4>)
200002dc:	881b      	ldrh	r3, [r3, #0]
200002de:	4798      	blx	r3
200002e0:	4653      	mov	r3, sl
200002e2:	0005      	movs	r5, r0
200002e4:	8818      	ldrh	r0, [r3, #0]
200002e6:	4643      	mov	r3, r8
200002e8:	492b      	ldr	r1, [pc, #172]	; (20000398 <flash_do_cmd_cs+0xe8>)
200002ea:	881b      	ldrh	r3, [r3, #0]
200002ec:	4798      	blx	r3
200002ee:	4680      	mov	r8, r0
200002f0:	f7ff ff8e 	bl	20000210 <flash_init_boot2_copyout>
200002f4:	a801      	add	r0, sp, #4
200002f6:	f7ff ffab 	bl	20000250 <flash_save_hardware_state>
200002fa:	47b8      	blx	r7
200002fc:	47a8      	blx	r5
200002fe:	4b27      	ldr	r3, [pc, #156]	; (2000039c <flash_do_cmd_cs+0xec>)
20000300:	681a      	ldr	r2, [r3, #0]
20000302:	2380      	movs	r3, #128	; 0x80
20000304:	009b      	lsls	r3, r3, #2
20000306:	4053      	eors	r3, r2
20000308:	22c0      	movs	r2, #192	; 0xc0
2000030a:	0092      	lsls	r2, r2, #2
2000030c:	4013      	ands	r3, r2
2000030e:	4a24      	ldr	r2, [pc, #144]	; (200003a0 <flash_do_cmd_cs+0xf0>)
20000310:	6013      	str	r3, [r2, #0]
20000312:	2c00      	cmp	r4, #0
20000314:	d01b      	beq.n	2000034e <flash_do_cmd_cs+0x9e>
20000316:	21c0      	movs	r1, #192	; 0xc0
20000318:	0022      	movs	r2, r4
2000031a:	2708      	movs	r7, #8
2000031c:	2002      	movs	r0, #2
2000031e:	0549      	lsls	r1, r1, #21
20000320:	003d      	movs	r5, r7
20000322:	6a8b      	ldr	r3, [r1, #40]	; 0x28
20000324:	401d      	ands	r5, r3
20000326:	4218      	tst	r0, r3
20000328:	d00b      	beq.n	20000342 <flash_do_cmd_cs+0x92>
2000032a:	2c00      	cmp	r4, #0
2000032c:	d009      	beq.n	20000342 <flash_do_cmd_cs+0x92>
2000032e:	1b13      	subs	r3, r2, r4
20000330:	2b0d      	cmp	r3, #13
20000332:	d828      	bhi.n	20000386 <flash_do_cmd_cs+0xd6>
20000334:	464b      	mov	r3, r9
20000336:	781b      	ldrb	r3, [r3, #0]
20000338:	3c01      	subs	r4, #1
2000033a:	660b      	str	r3, [r1, #96]	; 0x60
2000033c:	2301      	movs	r3, #1
2000033e:	469c      	mov	ip, r3
20000340:	44e1      	add	r9, ip
20000342:	0023      	movs	r3, r4
20000344:	2d00      	cmp	r5, #0
20000346:	d115      	bne.n	20000374 <flash_do_cmd_cs+0xc4>
20000348:	4313      	orrs	r3, r2
2000034a:	2b00      	cmp	r3, #0
2000034c:	d1e8      	bne.n	20000320 <flash_do_cmd_cs+0x70>
2000034e:	4b13      	ldr	r3, [pc, #76]	; (2000039c <flash_do_cmd_cs+0xec>)
20000350:	681a      	ldr	r2, [r3, #0]
20000352:	23c0      	movs	r3, #192	; 0xc0
20000354:	009b      	lsls	r3, r3, #2
20000356:	4393      	bics	r3, r2
20000358:	4a11      	ldr	r2, [pc, #68]	; (200003a0 <flash_do_cmd_cs+0xf0>)
2000035a:	6013      	str	r3, [r2, #0]
2000035c:	47c0      	blx	r8
2000035e:	f7ff ff6f 	bl	20000240 <flash_enable_xip_via_boot2>
20000362:	a801      	add	r0, sp, #4
20000364:	f7ff ff8c 	bl	20000280 <flash_restore_hardware_state>
20000368:	b008      	add	sp, #32
2000036a:	bce0      	pop	{r5, r6, r7}
2000036c:	46ba      	mov	sl, r7
2000036e:	46b1      	mov	r9, r6
20000370:	46a8      	mov	r8, r5
20000372:	bdf0      	pop	{r4, r5, r6, r7, pc}
20000374:	2a00      	cmp	r2, #0
20000376:	d0e8      	beq.n	2000034a <flash_do_cmd_cs+0x9a>
20000378:	6e0b      	ldr	r3, [r1, #96]	; 0x60
2000037a:	3a01      	subs	r2, #1
2000037c:	7033      	strb	r3, [r6, #0]
2000037e:	0013      	movs	r3, r2
20000380:	3601      	adds	r6, #1
20000382:	4323      	orrs	r3, r4
20000384:	e7e1      	b.n	2000034a <flash_do_cmd_cs+0x9a>
20000386:	2d00      	cmp	r5, #0
20000388:	d0ca      	beq.n	20000320 <flash_do_cmd_cs+0x70>
2000038a:	2a00      	cmp	r2, #0
2000038c:	d0c8      	beq.n	20000320 <flash_do_cmd_cs+0x70>
2000038e:	e7f3      	b.n	20000378 <flash_do_cmd_cs+0xc8>
20000390:	00004649 	.word	0x00004649
20000394:	00005845 	.word	0x00005845
20000398:	00004346 	.word	0x00004346
2000039c:	4001800c 	.word	0x4001800c
200003a0:	4001900c 	.word	0x4001900c

200003a4 <reset_non_control_endpoints>:
200003a4:	2300      	movs	r3, #0
200003a6:	4a1c      	ldr	r2, [pc, #112]	; (20000418 <reset_non_control_endpoints+0x74>)
200003a8:	b510      	push	{r4, lr}
200003aa:	6093      	str	r3, [r2, #8]
200003ac:	60d3      	str	r3, [r2, #12]
200003ae:	4a1b      	ldr	r2, [pc, #108]	; (2000041c <reset_non_control_endpoints+0x78>)
200003b0:	2100      	movs	r1, #0
200003b2:	6093      	str	r3, [r2, #8]
200003b4:	60d3      	str	r3, [r2, #12]
200003b6:	4a1a      	ldr	r2, [pc, #104]	; (20000420 <reset_non_control_endpoints+0x7c>)
200003b8:	481a      	ldr	r0, [pc, #104]	; (20000424 <reset_non_control_endpoints+0x80>)
200003ba:	6093      	str	r3, [r2, #8]
200003bc:	60d3      	str	r3, [r2, #12]
200003be:	4a1a      	ldr	r2, [pc, #104]	; (20000428 <reset_non_control_endpoints+0x84>)
200003c0:	6093      	str	r3, [r2, #8]
200003c2:	60d3      	str	r3, [r2, #12]
200003c4:	4a19      	ldr	r2, [pc, #100]	; (2000042c <reset_non_control_endpoints+0x88>)
200003c6:	6093      	str	r3, [r2, #8]
200003c8:	60d3      	str	r3, [r2, #12]
200003ca:	4a19      	ldr	r2, [pc, #100]	; (20000430 <reset_non_control_endpoints+0x8c>)
200003cc:	6093      	str	r3, [r2, #8]
200003ce:	60d3      	str	r3, [r2, #12]
200003d0:	4a18      	ldr	r2, [pc, #96]	; (20000434 <reset_non_control_endpoints+0x90>)
200003d2:	6093      	str	r3, [r2, #8]
200003d4:	60d3      	str	r3, [r2, #12]
200003d6:	4a18      	ldr	r2, [pc, #96]	; (20000438 <reset_non_control_endpoints+0x94>)
200003d8:	6093      	str	r3, [r2, #8]
200003da:	60d3      	str	r3, [r2, #12]
200003dc:	4a17      	ldr	r2, [pc, #92]	; (2000043c <reset_non_control_endpoints+0x98>)
200003de:	6093      	str	r3, [r2, #8]
200003e0:	60d3      	str	r3, [r2, #12]
200003e2:	4a17      	ldr	r2, [pc, #92]	; (20000440 <reset_non_control_endpoints+0x9c>)
200003e4:	6093      	str	r3, [r2, #8]
200003e6:	60d3      	str	r3, [r2, #12]
200003e8:	4a16      	ldr	r2, [pc, #88]	; (20000444 <reset_non_control_endpoints+0xa0>)
200003ea:	6093      	str	r3, [r2, #8]
200003ec:	60d3      	str	r3, [r2, #12]
200003ee:	4a16      	ldr	r2, [pc, #88]	; (20000448 <reset_non_control_endpoints+0xa4>)
200003f0:	6093      	str	r3, [r2, #8]
200003f2:	60d3      	str	r3, [r2, #12]
200003f4:	4a15      	ldr	r2, [pc, #84]	; (2000044c <reset_non_control_endpoints+0xa8>)
200003f6:	6093      	str	r3, [r2, #8]
200003f8:	60d3      	str	r3, [r2, #12]
200003fa:	4a15      	ldr	r2, [pc, #84]	; (20000450 <reset_non_control_endpoints+0xac>)
200003fc:	6093      	str	r3, [r2, #8]
200003fe:	60d3      	str	r3, [r2, #12]
20000400:	4a14      	ldr	r2, [pc, #80]	; (20000454 <reset_non_control_endpoints+0xb0>)
20000402:	6093      	str	r3, [r2, #8]
20000404:	60d3      	str	r3, [r2, #12]
20000406:	22f0      	movs	r2, #240	; 0xf0
20000408:	0092      	lsls	r2, r2, #2
2000040a:	f000 fdc5 	bl	20000f98 <____wrap_memset_veneer>
2000040e:	4b12      	ldr	r3, [pc, #72]	; (20000458 <reset_non_control_endpoints+0xb4>)
20000410:	4a12      	ldr	r2, [pc, #72]	; (2000045c <reset_non_control_endpoints+0xb8>)
20000412:	601a      	str	r2, [r3, #0]
20000414:	bd10      	pop	{r4, pc}
20000416:	46c0      	nop			; (mov r8, r8)
20000418:	50100000 	.word	0x50100000
2000041c:	50100008 	.word	0x50100008
20000420:	50100010 	.word	0x50100010
20000424:	200018b0 	.word	0x200018b0
20000428:	50100018 	.word	0x50100018
2000042c:	50100020 	.word	0x50100020
20000430:	50100028 	.word	0x50100028
20000434:	50100030 	.word	0x50100030
20000438:	50100038 	.word	0x50100038
2000043c:	50100040 	.word	0x50100040
20000440:	50100048 	.word	0x50100048
20000444:	50100050 	.word	0x50100050
20000448:	50100058 	.word	0x50100058
2000044c:	50100060 	.word	0x50100060
20000450:	50100068 	.word	0x50100068
20000454:	50100070 	.word	0x50100070
20000458:	20001c78 	.word	0x20001c78
2000045c:	50100180 	.word	0x50100180

20000460 <hw_handle_buff_status>:
20000460:	b5f0      	push	{r4, r5, r6, r7, lr}
20000462:	464f      	mov	r7, r9
20000464:	46d6      	mov	lr, sl
20000466:	4646      	mov	r6, r8
20000468:	b5c0      	push	{r6, r7, lr}
2000046a:	4b20      	ldr	r3, [pc, #128]	; (200004ec <hw_handle_buff_status+0x8c>)
2000046c:	b084      	sub	sp, #16
2000046e:	6d9f      	ldr	r7, [r3, #88]	; 0x58
20000470:	2f00      	cmp	r7, #0
20000472:	d023      	beq.n	200004bc <hw_handle_buff_status+0x5c>
20000474:	4b1e      	ldr	r3, [pc, #120]	; (200004f0 <hw_handle_buff_status+0x90>)
20000476:	2400      	movs	r4, #0
20000478:	469a      	mov	sl, r3
2000047a:	2301      	movs	r3, #1
2000047c:	4699      	mov	r9, r3
2000047e:	4b1d      	ldr	r3, [pc, #116]	; (200004f4 <hw_handle_buff_status+0x94>)
20000480:	2601      	movs	r6, #1
20000482:	4698      	mov	r8, r3
20000484:	e004      	b.n	20000490 <hw_handle_buff_status+0x30>
20000486:	3401      	adds	r4, #1
20000488:	0076      	lsls	r6, r6, #1
2000048a:	b2e4      	uxtb	r4, r4
2000048c:	2c20      	cmp	r4, #32
2000048e:	d015      	beq.n	200004bc <hw_handle_buff_status+0x5c>
20000490:	423e      	tst	r6, r7
20000492:	d0f8      	beq.n	20000486 <hw_handle_buff_status+0x26>
20000494:	4653      	mov	r3, sl
20000496:	659e      	str	r6, [r3, #88]	; 0x58
20000498:	464b      	mov	r3, r9
2000049a:	0865      	lsrs	r5, r4, #1
2000049c:	006d      	lsls	r5, r5, #1
2000049e:	43a3      	bics	r3, r4
200004a0:	18ed      	adds	r5, r5, r3
200004a2:	016d      	lsls	r5, r5, #5
200004a4:	4445      	add	r5, r8
200004a6:	0028      	movs	r0, r5
200004a8:	f000 fc38 	bl	20000d1c <hw_endpoint_xfer_continue>
200004ac:	2800      	cmp	r0, #0
200004ae:	d10b      	bne.n	200004c8 <hw_handle_buff_status+0x68>
200004b0:	3401      	adds	r4, #1
200004b2:	43b7      	bics	r7, r6
200004b4:	b2e4      	uxtb	r4, r4
200004b6:	0076      	lsls	r6, r6, #1
200004b8:	2f00      	cmp	r7, #0
200004ba:	d1e7      	bne.n	2000048c <hw_handle_buff_status+0x2c>
200004bc:	b004      	add	sp, #16
200004be:	bce0      	pop	{r5, r6, r7}
200004c0:	46ba      	mov	sl, r7
200004c2:	46b1      	mov	r9, r6
200004c4:	46a8      	mov	r8, r5
200004c6:	bdf0      	pop	{r4, r5, r6, r7, pc}
200004c8:	8aeb      	ldrh	r3, [r5, #22]
200004ca:	21e0      	movs	r1, #224	; 0xe0
200004cc:	9303      	str	r3, [sp, #12]
200004ce:	2300      	movs	r3, #0
200004d0:	a801      	add	r0, sp, #4
200004d2:	78aa      	ldrb	r2, [r5, #2]
200004d4:	00c9      	lsls	r1, r1, #3
200004d6:	8001      	strh	r1, [r0, #0]
200004d8:	2101      	movs	r1, #1
200004da:	7102      	strb	r2, [r0, #4]
200004dc:	7143      	strb	r3, [r0, #5]
200004de:	f000 fc3d 	bl	20000d5c <dcd_event_handler>
200004e2:	0028      	movs	r0, r5
200004e4:	f000 fbb6 	bl	20000c54 <hw_endpoint_reset_transfer>
200004e8:	e7e2      	b.n	200004b0 <hw_handle_buff_status+0x50>
200004ea:	46c0      	nop			; (mov r8, r8)
200004ec:	50110000 	.word	0x50110000
200004f0:	50113000 	.word	0x50113000
200004f4:	20001870 	.word	0x20001870

200004f8 <dcd_rp2040_irq>:
200004f8:	2398      	movs	r3, #152	; 0x98
200004fa:	b5f0      	push	{r4, r5, r6, r7, lr}
200004fc:	4646      	mov	r6, r8
200004fe:	46d6      	mov	lr, sl
20000500:	464f      	mov	r7, r9
20000502:	4acd      	ldr	r2, [pc, #820]	; (20000838 <dcd_rp2040_irq+0x340>)
20000504:	b5c0      	push	{r6, r7, lr}
20000506:	58d5      	ldr	r5, [r2, r3]
20000508:	2380      	movs	r3, #128	; 0x80
2000050a:	002c      	movs	r4, r5
2000050c:	029b      	lsls	r3, r3, #10
2000050e:	2610      	movs	r6, #16
20000510:	b084      	sub	sp, #16
20000512:	401c      	ands	r4, r3
20000514:	421d      	tst	r5, r3
20000516:	d073      	beq.n	20000600 <dcd_rp2040_irq+0x108>
20000518:	4bc8      	ldr	r3, [pc, #800]	; (2000083c <dcd_rp2040_irq+0x344>)
2000051a:	4cc9      	ldr	r4, [pc, #804]	; (20000840 <dcd_rp2040_irq+0x348>)
2000051c:	6a9a      	ldr	r2, [r3, #40]	; 0x28
2000051e:	4bc9      	ldr	r3, [pc, #804]	; (20000844 <dcd_rp2040_irq+0x34c>)
20000520:	2600      	movs	r6, #0
20000522:	601a      	str	r2, [r3, #0]
20000524:	233b      	movs	r3, #59	; 0x3b
20000526:	5ce3      	ldrb	r3, [r4, r3]
20000528:	2b02      	cmp	r3, #2
2000052a:	d100      	bne.n	2000052e <dcd_rp2040_irq+0x36>
2000052c:	e0fe      	b.n	2000072c <dcd_rp2040_irq+0x234>
2000052e:	237b      	movs	r3, #123	; 0x7b
20000530:	5ce3      	ldrb	r3, [r4, r3]
20000532:	2b02      	cmp	r3, #2
20000534:	d100      	bne.n	20000538 <dcd_rp2040_irq+0x40>
20000536:	e11c      	b.n	20000772 <dcd_rp2040_irq+0x27a>
20000538:	23bb      	movs	r3, #187	; 0xbb
2000053a:	5ce3      	ldrb	r3, [r4, r3]
2000053c:	2b02      	cmp	r3, #2
2000053e:	d100      	bne.n	20000542 <dcd_rp2040_irq+0x4a>
20000540:	e105      	b.n	2000074e <dcd_rp2040_irq+0x256>
20000542:	23fb      	movs	r3, #251	; 0xfb
20000544:	5ce3      	ldrb	r3, [r4, r3]
20000546:	2b02      	cmp	r3, #2
20000548:	d100      	bne.n	2000054c <dcd_rp2040_irq+0x54>
2000054a:	e163      	b.n	20000814 <dcd_rp2040_irq+0x31c>
2000054c:	233c      	movs	r3, #60	; 0x3c
2000054e:	33ff      	adds	r3, #255	; 0xff
20000550:	5ce3      	ldrb	r3, [r4, r3]
20000552:	2b02      	cmp	r3, #2
20000554:	d100      	bne.n	20000558 <dcd_rp2040_irq+0x60>
20000556:	e148      	b.n	200007ea <dcd_rp2040_irq+0x2f2>
20000558:	237c      	movs	r3, #124	; 0x7c
2000055a:	33ff      	adds	r3, #255	; 0xff
2000055c:	5ce3      	ldrb	r3, [r4, r3]
2000055e:	2b02      	cmp	r3, #2
20000560:	d100      	bne.n	20000564 <dcd_rp2040_irq+0x6c>
20000562:	e12d      	b.n	200007c0 <dcd_rp2040_irq+0x2c8>
20000564:	23bc      	movs	r3, #188	; 0xbc
20000566:	33ff      	adds	r3, #255	; 0xff
20000568:	5ce3      	ldrb	r3, [r4, r3]
2000056a:	2b02      	cmp	r3, #2
2000056c:	d100      	bne.n	20000570 <dcd_rp2040_irq+0x78>
2000056e:	e112      	b.n	20000796 <dcd_rp2040_irq+0x29e>
20000570:	23fc      	movs	r3, #252	; 0xfc
20000572:	33ff      	adds	r3, #255	; 0xff
20000574:	5ce3      	ldrb	r3, [r4, r3]
20000576:	2b02      	cmp	r3, #2
20000578:	d100      	bne.n	2000057c <dcd_rp2040_irq+0x84>
2000057a:	e20d      	b.n	20000998 <dcd_rp2040_irq+0x4a0>
2000057c:	4bb2      	ldr	r3, [pc, #712]	; (20000848 <dcd_rp2040_irq+0x350>)
2000057e:	5ce3      	ldrb	r3, [r4, r3]
20000580:	2b02      	cmp	r3, #2
20000582:	d100      	bne.n	20000586 <dcd_rp2040_irq+0x8e>
20000584:	e1f4      	b.n	20000970 <dcd_rp2040_irq+0x478>
20000586:	4bb1      	ldr	r3, [pc, #708]	; (2000084c <dcd_rp2040_irq+0x354>)
20000588:	5ce3      	ldrb	r3, [r4, r3]
2000058a:	2b02      	cmp	r3, #2
2000058c:	d100      	bne.n	20000590 <dcd_rp2040_irq+0x98>
2000058e:	e1db      	b.n	20000948 <dcd_rp2040_irq+0x450>
20000590:	4baf      	ldr	r3, [pc, #700]	; (20000850 <dcd_rp2040_irq+0x358>)
20000592:	5ce3      	ldrb	r3, [r4, r3]
20000594:	2b02      	cmp	r3, #2
20000596:	d100      	bne.n	2000059a <dcd_rp2040_irq+0xa2>
20000598:	e1c2      	b.n	20000920 <dcd_rp2040_irq+0x428>
2000059a:	4bae      	ldr	r3, [pc, #696]	; (20000854 <dcd_rp2040_irq+0x35c>)
2000059c:	5ce3      	ldrb	r3, [r4, r3]
2000059e:	2b02      	cmp	r3, #2
200005a0:	d100      	bne.n	200005a4 <dcd_rp2040_irq+0xac>
200005a2:	e1a9      	b.n	200008f8 <dcd_rp2040_irq+0x400>
200005a4:	4bac      	ldr	r3, [pc, #688]	; (20000858 <dcd_rp2040_irq+0x360>)
200005a6:	5ce3      	ldrb	r3, [r4, r3]
200005a8:	2b02      	cmp	r3, #2
200005aa:	d100      	bne.n	200005ae <dcd_rp2040_irq+0xb6>
200005ac:	e190      	b.n	200008d0 <dcd_rp2040_irq+0x3d8>
200005ae:	4bab      	ldr	r3, [pc, #684]	; (2000085c <dcd_rp2040_irq+0x364>)
200005b0:	5ce3      	ldrb	r3, [r4, r3]
200005b2:	2b02      	cmp	r3, #2
200005b4:	d100      	bne.n	200005b8 <dcd_rp2040_irq+0xc0>
200005b6:	e177      	b.n	200008a8 <dcd_rp2040_irq+0x3b0>
200005b8:	4ba9      	ldr	r3, [pc, #676]	; (20000860 <dcd_rp2040_irq+0x368>)
200005ba:	5ce3      	ldrb	r3, [r4, r3]
200005bc:	2b02      	cmp	r3, #2
200005be:	d100      	bne.n	200005c2 <dcd_rp2040_irq+0xca>
200005c0:	e15c      	b.n	2000087c <dcd_rp2040_irq+0x384>
200005c2:	4ba8      	ldr	r3, [pc, #672]	; (20000864 <dcd_rp2040_irq+0x36c>)
200005c4:	5ce3      	ldrb	r3, [r4, r3]
200005c6:	2b02      	cmp	r3, #2
200005c8:	d100      	bne.n	200005cc <dcd_rp2040_irq+0xd4>
200005ca:	e1fa      	b.n	200009c2 <dcd_rp2040_irq+0x4ca>
200005cc:	2e00      	cmp	r6, #0
200005ce:	d108      	bne.n	200005e2 <dcd_rp2040_irq+0xea>
200005d0:	4ba5      	ldr	r3, [pc, #660]	; (20000868 <dcd_rp2040_irq+0x370>)
200005d2:	781b      	ldrb	r3, [r3, #0]
200005d4:	2b00      	cmp	r3, #0
200005d6:	d104      	bne.n	200005e2 <dcd_rp2040_irq+0xea>
200005d8:	2180      	movs	r1, #128	; 0x80
200005da:	4aa4      	ldr	r2, [pc, #656]	; (2000086c <dcd_rp2040_irq+0x374>)
200005dc:	3390      	adds	r3, #144	; 0x90
200005de:	0289      	lsls	r1, r1, #10
200005e0:	50d1      	str	r1, [r2, r3]
200005e2:	22c0      	movs	r2, #192	; 0xc0
200005e4:	4b94      	ldr	r3, [pc, #592]	; (20000838 <dcd_rp2040_irq+0x340>)
200005e6:	a801      	add	r0, sp, #4
200005e8:	6c9b      	ldr	r3, [r3, #72]	; 0x48
200005ea:	0092      	lsls	r2, r2, #2
200005ec:	055b      	lsls	r3, r3, #21
200005ee:	0d5b      	lsrs	r3, r3, #21
200005f0:	2101      	movs	r1, #1
200005f2:	2480      	movs	r4, #128	; 0x80
200005f4:	8002      	strh	r2, [r0, #0]
200005f6:	6043      	str	r3, [r0, #4]
200005f8:	f000 fbb0 	bl	20000d5c <dcd_event_handler>
200005fc:	4e9c      	ldr	r6, [pc, #624]	; (20000870 <dcd_rp2040_irq+0x378>)
200005fe:	02a4      	lsls	r4, r4, #10
20000600:	06eb      	lsls	r3, r5, #27
20000602:	d500      	bpl.n	20000606 <dcd_rp2040_irq+0x10e>
20000604:	e086      	b.n	20000714 <dcd_rp2040_irq+0x21c>
20000606:	2380      	movs	r3, #128	; 0x80
20000608:	025b      	lsls	r3, r3, #9
2000060a:	421d      	tst	r5, r3
2000060c:	d037      	beq.n	2000067e <dcd_rp2040_irq+0x186>
2000060e:	431c      	orrs	r4, r3
20000610:	2300      	movs	r3, #0
20000612:	4698      	mov	r8, r3
20000614:	3302      	adds	r3, #2
20000616:	4699      	mov	r9, r3
20000618:	4b96      	ldr	r3, [pc, #600]	; (20000874 <dcd_rp2040_irq+0x37c>)
2000061a:	4e89      	ldr	r6, [pc, #548]	; (20000840 <dcd_rp2040_irq+0x348>)
2000061c:	469a      	mov	sl, r3
2000061e:	7eb3      	ldrb	r3, [r6, #26]
20000620:	2b00      	cmp	r3, #0
20000622:	d017      	beq.n	20000654 <dcd_rp2040_irq+0x15c>
20000624:	464b      	mov	r3, r9
20000626:	4642      	mov	r2, r8
20000628:	1a9f      	subs	r7, r3, r2
2000062a:	f000 fca5 	bl	20000f78 <__rp2040_chip_version_veneer>
2000062e:	2801      	cmp	r0, #1
20000630:	d900      	bls.n	20000634 <dcd_rp2040_irq+0x13c>
20000632:	e073      	b.n	2000071c <dcd_rp2040_irq+0x224>
20000634:	22c0      	movs	r2, #192	; 0xc0
20000636:	2100      	movs	r1, #0
20000638:	0030      	movs	r0, r6
2000063a:	0192      	lsls	r2, r2, #6
2000063c:	f000 fb10 	bl	20000c60 <_hw_endpoint_buffer_control_update32>
20000640:	0030      	movs	r0, r6
20000642:	f000 fb07 	bl	20000c54 <hw_endpoint_reset_transfer>
20000646:	f000 fc97 	bl	20000f78 <__rp2040_chip_version_veneer>
2000064a:	2801      	cmp	r0, #1
2000064c:	d902      	bls.n	20000654 <dcd_rp2040_irq+0x15c>
2000064e:	4b87      	ldr	r3, [pc, #540]	; (2000086c <dcd_rp2040_irq+0x374>)
20000650:	665f      	str	r7, [r3, #100]	; 0x64
20000652:	661f      	str	r7, [r3, #96]	; 0x60
20000654:	2301      	movs	r3, #1
20000656:	70f3      	strb	r3, [r6, #3]
20000658:	4643      	mov	r3, r8
2000065a:	3620      	adds	r6, #32
2000065c:	2b01      	cmp	r3, #1
2000065e:	d123      	bne.n	200006a8 <dcd_rp2040_irq+0x1b0>
20000660:	23c0      	movs	r3, #192	; 0xc0
20000662:	a801      	add	r0, sp, #4
20000664:	00db      	lsls	r3, r3, #3
20000666:	4a84      	ldr	r2, [pc, #528]	; (20000878 <dcd_rp2040_irq+0x380>)
20000668:	8003      	strh	r3, [r0, #0]
2000066a:	ab02      	add	r3, sp, #8
2000066c:	ca42      	ldmia	r2!, {r1, r6}
2000066e:	c342      	stmia	r3!, {r1, r6}
20000670:	2101      	movs	r1, #1
20000672:	f000 fb73 	bl	20000d5c <dcd_event_handler>
20000676:	2280      	movs	r2, #128	; 0x80
20000678:	4b7c      	ldr	r3, [pc, #496]	; (2000086c <dcd_rp2040_irq+0x374>)
2000067a:	0292      	lsls	r2, r2, #10
2000067c:	651a      	str	r2, [r3, #80]	; 0x50
2000067e:	2380      	movs	r3, #128	; 0x80
20000680:	015b      	lsls	r3, r3, #5
20000682:	421d      	tst	r5, r3
20000684:	d113      	bne.n	200006ae <dcd_rp2040_irq+0x1b6>
20000686:	2380      	movs	r3, #128	; 0x80
20000688:	01db      	lsls	r3, r3, #7
2000068a:	421d      	tst	r5, r3
2000068c:	d126      	bne.n	200006dc <dcd_rp2040_irq+0x1e4>
2000068e:	2380      	movs	r3, #128	; 0x80
20000690:	021b      	lsls	r3, r3, #8
20000692:	421d      	tst	r5, r3
20000694:	d131      	bne.n	200006fa <dcd_rp2040_irq+0x202>
20000696:	42ac      	cmp	r4, r5
20000698:	d000      	beq.n	2000069c <dcd_rp2040_irq+0x1a4>
2000069a:	e1ac      	b.n	200009f6 <dcd_rp2040_irq+0x4fe>
2000069c:	b004      	add	sp, #16
2000069e:	bce0      	pop	{r5, r6, r7}
200006a0:	46ba      	mov	sl, r7
200006a2:	46b1      	mov	r9, r6
200006a4:	46a8      	mov	r8, r5
200006a6:	bdf0      	pop	{r4, r5, r6, r7, pc}
200006a8:	2301      	movs	r3, #1
200006aa:	4698      	mov	r8, r3
200006ac:	e7b7      	b.n	2000061e <dcd_rp2040_irq+0x126>
200006ae:	2600      	movs	r6, #0
200006b0:	431c      	orrs	r4, r3
200006b2:	4b61      	ldr	r3, [pc, #388]	; (20000838 <dcd_rp2040_irq+0x340>)
200006b4:	601e      	str	r6, [r3, #0]
200006b6:	f7ff fe75 	bl	200003a4 <reset_non_control_endpoints>
200006ba:	2380      	movs	r3, #128	; 0x80
200006bc:	466a      	mov	r2, sp
200006be:	005b      	lsls	r3, r3, #1
200006c0:	8093      	strh	r3, [r2, #4]
200006c2:	7216      	strb	r6, [r2, #8]
200006c4:	2101      	movs	r1, #1
200006c6:	a801      	add	r0, sp, #4
200006c8:	f000 fb48 	bl	20000d5c <dcd_event_handler>
200006cc:	2280      	movs	r2, #128	; 0x80
200006ce:	4b67      	ldr	r3, [pc, #412]	; (2000086c <dcd_rp2040_irq+0x374>)
200006d0:	0312      	lsls	r2, r2, #12
200006d2:	651a      	str	r2, [r3, #80]	; 0x50
200006d4:	2380      	movs	r3, #128	; 0x80
200006d6:	01db      	lsls	r3, r3, #7
200006d8:	421d      	tst	r5, r3
200006da:	d0d8      	beq.n	2000068e <dcd_rp2040_irq+0x196>
200006dc:	431c      	orrs	r4, r3
200006de:	2380      	movs	r3, #128	; 0x80
200006e0:	a801      	add	r0, sp, #4
200006e2:	00db      	lsls	r3, r3, #3
200006e4:	8003      	strh	r3, [r0, #0]
200006e6:	2101      	movs	r1, #1
200006e8:	f000 fb38 	bl	20000d5c <dcd_event_handler>
200006ec:	2210      	movs	r2, #16
200006ee:	4b5f      	ldr	r3, [pc, #380]	; (2000086c <dcd_rp2040_irq+0x374>)
200006f0:	651a      	str	r2, [r3, #80]	; 0x50
200006f2:	2380      	movs	r3, #128	; 0x80
200006f4:	021b      	lsls	r3, r3, #8
200006f6:	421d      	tst	r5, r3
200006f8:	d0cd      	beq.n	20000696 <dcd_rp2040_irq+0x19e>
200006fa:	431c      	orrs	r4, r3
200006fc:	23a0      	movs	r3, #160	; 0xa0
200006fe:	a801      	add	r0, sp, #4
20000700:	00db      	lsls	r3, r3, #3
20000702:	8003      	strh	r3, [r0, #0]
20000704:	2101      	movs	r1, #1
20000706:	f000 fb29 	bl	20000d5c <dcd_event_handler>
2000070a:	2280      	movs	r2, #128	; 0x80
2000070c:	4b57      	ldr	r3, [pc, #348]	; (2000086c <dcd_rp2040_irq+0x374>)
2000070e:	0112      	lsls	r2, r2, #4
20000710:	651a      	str	r2, [r3, #80]	; 0x50
20000712:	e7c0      	b.n	20000696 <dcd_rp2040_irq+0x19e>
20000714:	f7ff fea4 	bl	20000460 <hw_handle_buff_status>
20000718:	0034      	movs	r4, r6
2000071a:	e774      	b.n	20000606 <dcd_rp2040_irq+0x10e>
2000071c:	4653      	mov	r3, sl
2000071e:	4a46      	ldr	r2, [pc, #280]	; (20000838 <dcd_rp2040_irq+0x340>)
20000720:	661f      	str	r7, [r3, #96]	; 0x60
20000722:	6e53      	ldr	r3, [r2, #100]	; 0x64
20000724:	403b      	ands	r3, r7
20000726:	42bb      	cmp	r3, r7
20000728:	d1fb      	bne.n	20000722 <dcd_rp2040_irq+0x22a>
2000072a:	e783      	b.n	20000634 <dcd_rp2040_irq+0x13c>
2000072c:	3338      	adds	r3, #56	; 0x38
2000072e:	5ce6      	ldrb	r6, [r4, r3]
20000730:	2e00      	cmp	r6, #0
20000732:	d100      	bne.n	20000736 <dcd_rp2040_irq+0x23e>
20000734:	e6fb      	b.n	2000052e <dcd_rp2040_irq+0x36>
20000736:	3302      	adds	r3, #2
20000738:	5ce2      	ldrb	r2, [r4, r3]
2000073a:	2a00      	cmp	r2, #0
2000073c:	d100      	bne.n	20000740 <dcd_rp2040_irq+0x248>
2000073e:	e6f6      	b.n	2000052e <dcd_rp2040_irq+0x36>
20000740:	2200      	movs	r2, #0
20000742:	0020      	movs	r0, r4
20000744:	54e2      	strb	r2, [r4, r3]
20000746:	3020      	adds	r0, #32
20000748:	f000 fab2 	bl	20000cb0 <hw_endpoint_start_next_buffer>
2000074c:	e6ef      	b.n	2000052e <dcd_rp2040_irq+0x36>
2000074e:	33b8      	adds	r3, #184	; 0xb8
20000750:	5ce3      	ldrb	r3, [r4, r3]
20000752:	2b00      	cmp	r3, #0
20000754:	d100      	bne.n	20000758 <dcd_rp2040_irq+0x260>
20000756:	e6f4      	b.n	20000542 <dcd_rp2040_irq+0x4a>
20000758:	22bc      	movs	r2, #188	; 0xbc
2000075a:	5ca1      	ldrb	r1, [r4, r2]
2000075c:	001e      	movs	r6, r3
2000075e:	2900      	cmp	r1, #0
20000760:	d100      	bne.n	20000764 <dcd_rp2040_irq+0x26c>
20000762:	e6ee      	b.n	20000542 <dcd_rp2040_irq+0x4a>
20000764:	2300      	movs	r3, #0
20000766:	0020      	movs	r0, r4
20000768:	54a3      	strb	r3, [r4, r2]
2000076a:	30a0      	adds	r0, #160	; 0xa0
2000076c:	f000 faa0 	bl	20000cb0 <hw_endpoint_start_next_buffer>
20000770:	e6e7      	b.n	20000542 <dcd_rp2040_irq+0x4a>
20000772:	3378      	adds	r3, #120	; 0x78
20000774:	5ce3      	ldrb	r3, [r4, r3]
20000776:	2b00      	cmp	r3, #0
20000778:	d100      	bne.n	2000077c <dcd_rp2040_irq+0x284>
2000077a:	e6dd      	b.n	20000538 <dcd_rp2040_irq+0x40>
2000077c:	227c      	movs	r2, #124	; 0x7c
2000077e:	5ca1      	ldrb	r1, [r4, r2]
20000780:	001e      	movs	r6, r3
20000782:	2900      	cmp	r1, #0
20000784:	d100      	bne.n	20000788 <dcd_rp2040_irq+0x290>
20000786:	e6d7      	b.n	20000538 <dcd_rp2040_irq+0x40>
20000788:	2300      	movs	r3, #0
2000078a:	0020      	movs	r0, r4
2000078c:	54a3      	strb	r3, [r4, r2]
2000078e:	3060      	adds	r0, #96	; 0x60
20000790:	f000 fa8e 	bl	20000cb0 <hw_endpoint_start_next_buffer>
20000794:	e6d0      	b.n	20000538 <dcd_rp2040_irq+0x40>
20000796:	33b9      	adds	r3, #185	; 0xb9
20000798:	33ff      	adds	r3, #255	; 0xff
2000079a:	5ce3      	ldrb	r3, [r4, r3]
2000079c:	2b00      	cmp	r3, #0
2000079e:	d100      	bne.n	200007a2 <dcd_rp2040_irq+0x2aa>
200007a0:	e6e6      	b.n	20000570 <dcd_rp2040_irq+0x78>
200007a2:	22de      	movs	r2, #222	; 0xde
200007a4:	0052      	lsls	r2, r2, #1
200007a6:	5ca1      	ldrb	r1, [r4, r2]
200007a8:	001e      	movs	r6, r3
200007aa:	2900      	cmp	r1, #0
200007ac:	d100      	bne.n	200007b0 <dcd_rp2040_irq+0x2b8>
200007ae:	e6df      	b.n	20000570 <dcd_rp2040_irq+0x78>
200007b0:	0020      	movs	r0, r4
200007b2:	2300      	movs	r3, #0
200007b4:	30a1      	adds	r0, #161	; 0xa1
200007b6:	54a3      	strb	r3, [r4, r2]
200007b8:	30ff      	adds	r0, #255	; 0xff
200007ba:	f000 fa79 	bl	20000cb0 <hw_endpoint_start_next_buffer>
200007be:	e6d7      	b.n	20000570 <dcd_rp2040_irq+0x78>
200007c0:	3379      	adds	r3, #121	; 0x79
200007c2:	33ff      	adds	r3, #255	; 0xff
200007c4:	5ce3      	ldrb	r3, [r4, r3]
200007c6:	2b00      	cmp	r3, #0
200007c8:	d100      	bne.n	200007cc <dcd_rp2040_irq+0x2d4>
200007ca:	e6cb      	b.n	20000564 <dcd_rp2040_irq+0x6c>
200007cc:	22be      	movs	r2, #190	; 0xbe
200007ce:	0052      	lsls	r2, r2, #1
200007d0:	5ca1      	ldrb	r1, [r4, r2]
200007d2:	001e      	movs	r6, r3
200007d4:	2900      	cmp	r1, #0
200007d6:	d100      	bne.n	200007da <dcd_rp2040_irq+0x2e2>
200007d8:	e6c4      	b.n	20000564 <dcd_rp2040_irq+0x6c>
200007da:	0020      	movs	r0, r4
200007dc:	2300      	movs	r3, #0
200007de:	3061      	adds	r0, #97	; 0x61
200007e0:	54a3      	strb	r3, [r4, r2]
200007e2:	30ff      	adds	r0, #255	; 0xff
200007e4:	f000 fa64 	bl	20000cb0 <hw_endpoint_start_next_buffer>
200007e8:	e6bc      	b.n	20000564 <dcd_rp2040_irq+0x6c>
200007ea:	3339      	adds	r3, #57	; 0x39
200007ec:	33ff      	adds	r3, #255	; 0xff
200007ee:	5ce3      	ldrb	r3, [r4, r3]
200007f0:	2b00      	cmp	r3, #0
200007f2:	d100      	bne.n	200007f6 <dcd_rp2040_irq+0x2fe>
200007f4:	e6b0      	b.n	20000558 <dcd_rp2040_irq+0x60>
200007f6:	229e      	movs	r2, #158	; 0x9e
200007f8:	0052      	lsls	r2, r2, #1
200007fa:	5ca1      	ldrb	r1, [r4, r2]
200007fc:	001e      	movs	r6, r3
200007fe:	2900      	cmp	r1, #0
20000800:	d100      	bne.n	20000804 <dcd_rp2040_irq+0x30c>
20000802:	e6a9      	b.n	20000558 <dcd_rp2040_irq+0x60>
20000804:	0020      	movs	r0, r4
20000806:	2300      	movs	r3, #0
20000808:	3021      	adds	r0, #33	; 0x21
2000080a:	54a3      	strb	r3, [r4, r2]
2000080c:	30ff      	adds	r0, #255	; 0xff
2000080e:	f000 fa4f 	bl	20000cb0 <hw_endpoint_start_next_buffer>
20000812:	e6a1      	b.n	20000558 <dcd_rp2040_irq+0x60>
20000814:	33f8      	adds	r3, #248	; 0xf8
20000816:	5ce3      	ldrb	r3, [r4, r3]
20000818:	2b00      	cmp	r3, #0
2000081a:	d100      	bne.n	2000081e <dcd_rp2040_irq+0x326>
2000081c:	e696      	b.n	2000054c <dcd_rp2040_irq+0x54>
2000081e:	22fc      	movs	r2, #252	; 0xfc
20000820:	5ca1      	ldrb	r1, [r4, r2]
20000822:	001e      	movs	r6, r3
20000824:	2900      	cmp	r1, #0
20000826:	d100      	bne.n	2000082a <dcd_rp2040_irq+0x332>
20000828:	e690      	b.n	2000054c <dcd_rp2040_irq+0x54>
2000082a:	2300      	movs	r3, #0
2000082c:	0020      	movs	r0, r4
2000082e:	54a3      	strb	r3, [r4, r2]
20000830:	30e0      	adds	r0, #224	; 0xe0
20000832:	f000 fa3d 	bl	20000cb0 <hw_endpoint_start_next_buffer>
20000836:	e689      	b.n	2000054c <dcd_rp2040_irq+0x54>
20000838:	50110000 	.word	0x50110000
2000083c:	40054000 	.word	0x40054000
20000840:	20001870 	.word	0x20001870
20000844:	20001868 	.word	0x20001868
20000848:	0000023b 	.word	0x0000023b
2000084c:	0000027b 	.word	0x0000027b
20000850:	000002bb 	.word	0x000002bb
20000854:	000002fb 	.word	0x000002fb
20000858:	0000033b 	.word	0x0000033b
2000085c:	0000037b 	.word	0x0000037b
20000860:	000003bb 	.word	0x000003bb
20000864:	000003fb 	.word	0x000003fb
20000868:	20001cbe 	.word	0x20001cbe
2000086c:	50113000 	.word	0x50113000
20000870:	00020010 	.word	0x00020010
20000874:	50112000 	.word	0x50112000
20000878:	50100000 	.word	0x50100000
2000087c:	4b60      	ldr	r3, [pc, #384]	; (20000a00 <dcd_rp2040_irq+0x508>)
2000087e:	5ce3      	ldrb	r3, [r4, r3]
20000880:	2b00      	cmp	r3, #0
20000882:	d100      	bne.n	20000886 <dcd_rp2040_irq+0x38e>
20000884:	e69d      	b.n	200005c2 <dcd_rp2040_irq+0xca>
20000886:	23ef      	movs	r3, #239	; 0xef
20000888:	009b      	lsls	r3, r3, #2
2000088a:	5ce2      	ldrb	r2, [r4, r3]
2000088c:	2a00      	cmp	r2, #0
2000088e:	d000      	beq.n	20000892 <dcd_rp2040_irq+0x39a>
20000890:	e0a9      	b.n	200009e6 <dcd_rp2040_irq+0x4ee>
20000892:	4b5c      	ldr	r3, [pc, #368]	; (20000a04 <dcd_rp2040_irq+0x50c>)
20000894:	5ce3      	ldrb	r3, [r4, r3]
20000896:	2b02      	cmp	r3, #2
20000898:	d000      	beq.n	2000089c <dcd_rp2040_irq+0x3a4>
2000089a:	e6a2      	b.n	200005e2 <dcd_rp2040_irq+0xea>
2000089c:	4b5a      	ldr	r3, [pc, #360]	; (20000a08 <dcd_rp2040_irq+0x510>)
2000089e:	5ce3      	ldrb	r3, [r4, r3]
200008a0:	2b00      	cmp	r3, #0
200008a2:	d000      	beq.n	200008a6 <dcd_rp2040_irq+0x3ae>
200008a4:	e092      	b.n	200009cc <dcd_rp2040_irq+0x4d4>
200008a6:	e69c      	b.n	200005e2 <dcd_rp2040_irq+0xea>
200008a8:	4b58      	ldr	r3, [pc, #352]	; (20000a0c <dcd_rp2040_irq+0x514>)
200008aa:	5ce3      	ldrb	r3, [r4, r3]
200008ac:	2b00      	cmp	r3, #0
200008ae:	d100      	bne.n	200008b2 <dcd_rp2040_irq+0x3ba>
200008b0:	e682      	b.n	200005b8 <dcd_rp2040_irq+0xc0>
200008b2:	22df      	movs	r2, #223	; 0xdf
200008b4:	0092      	lsls	r2, r2, #2
200008b6:	5ca1      	ldrb	r1, [r4, r2]
200008b8:	001e      	movs	r6, r3
200008ba:	2900      	cmp	r1, #0
200008bc:	d100      	bne.n	200008c0 <dcd_rp2040_irq+0x3c8>
200008be:	e67b      	b.n	200005b8 <dcd_rp2040_irq+0xc0>
200008c0:	2300      	movs	r3, #0
200008c2:	54a3      	strb	r3, [r4, r2]
200008c4:	23d8      	movs	r3, #216	; 0xd8
200008c6:	009b      	lsls	r3, r3, #2
200008c8:	18e0      	adds	r0, r4, r3
200008ca:	f000 f9f1 	bl	20000cb0 <hw_endpoint_start_next_buffer>
200008ce:	e673      	b.n	200005b8 <dcd_rp2040_irq+0xc0>
200008d0:	4b4f      	ldr	r3, [pc, #316]	; (20000a10 <dcd_rp2040_irq+0x518>)
200008d2:	5ce3      	ldrb	r3, [r4, r3]
200008d4:	2b00      	cmp	r3, #0
200008d6:	d100      	bne.n	200008da <dcd_rp2040_irq+0x3e2>
200008d8:	e669      	b.n	200005ae <dcd_rp2040_irq+0xb6>
200008da:	22cf      	movs	r2, #207	; 0xcf
200008dc:	0092      	lsls	r2, r2, #2
200008de:	5ca1      	ldrb	r1, [r4, r2]
200008e0:	001e      	movs	r6, r3
200008e2:	2900      	cmp	r1, #0
200008e4:	d100      	bne.n	200008e8 <dcd_rp2040_irq+0x3f0>
200008e6:	e662      	b.n	200005ae <dcd_rp2040_irq+0xb6>
200008e8:	2300      	movs	r3, #0
200008ea:	54a3      	strb	r3, [r4, r2]
200008ec:	23c8      	movs	r3, #200	; 0xc8
200008ee:	009b      	lsls	r3, r3, #2
200008f0:	18e0      	adds	r0, r4, r3
200008f2:	f000 f9dd 	bl	20000cb0 <hw_endpoint_start_next_buffer>
200008f6:	e65a      	b.n	200005ae <dcd_rp2040_irq+0xb6>
200008f8:	4b46      	ldr	r3, [pc, #280]	; (20000a14 <dcd_rp2040_irq+0x51c>)
200008fa:	5ce3      	ldrb	r3, [r4, r3]
200008fc:	2b00      	cmp	r3, #0
200008fe:	d100      	bne.n	20000902 <dcd_rp2040_irq+0x40a>
20000900:	e650      	b.n	200005a4 <dcd_rp2040_irq+0xac>
20000902:	22bf      	movs	r2, #191	; 0xbf
20000904:	0092      	lsls	r2, r2, #2
20000906:	5ca1      	ldrb	r1, [r4, r2]
20000908:	001e      	movs	r6, r3
2000090a:	2900      	cmp	r1, #0
2000090c:	d100      	bne.n	20000910 <dcd_rp2040_irq+0x418>
2000090e:	e649      	b.n	200005a4 <dcd_rp2040_irq+0xac>
20000910:	2300      	movs	r3, #0
20000912:	54a3      	strb	r3, [r4, r2]
20000914:	23b8      	movs	r3, #184	; 0xb8
20000916:	009b      	lsls	r3, r3, #2
20000918:	18e0      	adds	r0, r4, r3
2000091a:	f000 f9c9 	bl	20000cb0 <hw_endpoint_start_next_buffer>
2000091e:	e641      	b.n	200005a4 <dcd_rp2040_irq+0xac>
20000920:	4b3d      	ldr	r3, [pc, #244]	; (20000a18 <dcd_rp2040_irq+0x520>)
20000922:	5ce3      	ldrb	r3, [r4, r3]
20000924:	2b00      	cmp	r3, #0
20000926:	d100      	bne.n	2000092a <dcd_rp2040_irq+0x432>
20000928:	e637      	b.n	2000059a <dcd_rp2040_irq+0xa2>
2000092a:	22af      	movs	r2, #175	; 0xaf
2000092c:	0092      	lsls	r2, r2, #2
2000092e:	5ca1      	ldrb	r1, [r4, r2]
20000930:	001e      	movs	r6, r3
20000932:	2900      	cmp	r1, #0
20000934:	d100      	bne.n	20000938 <dcd_rp2040_irq+0x440>
20000936:	e630      	b.n	2000059a <dcd_rp2040_irq+0xa2>
20000938:	2300      	movs	r3, #0
2000093a:	54a3      	strb	r3, [r4, r2]
2000093c:	23a8      	movs	r3, #168	; 0xa8
2000093e:	009b      	lsls	r3, r3, #2
20000940:	18e0      	adds	r0, r4, r3
20000942:	f000 f9b5 	bl	20000cb0 <hw_endpoint_start_next_buffer>
20000946:	e628      	b.n	2000059a <dcd_rp2040_irq+0xa2>
20000948:	4b34      	ldr	r3, [pc, #208]	; (20000a1c <dcd_rp2040_irq+0x524>)
2000094a:	5ce3      	ldrb	r3, [r4, r3]
2000094c:	2b00      	cmp	r3, #0
2000094e:	d100      	bne.n	20000952 <dcd_rp2040_irq+0x45a>
20000950:	e61e      	b.n	20000590 <dcd_rp2040_irq+0x98>
20000952:	229f      	movs	r2, #159	; 0x9f
20000954:	0092      	lsls	r2, r2, #2
20000956:	5ca1      	ldrb	r1, [r4, r2]
20000958:	001e      	movs	r6, r3
2000095a:	2900      	cmp	r1, #0
2000095c:	d100      	bne.n	20000960 <dcd_rp2040_irq+0x468>
2000095e:	e617      	b.n	20000590 <dcd_rp2040_irq+0x98>
20000960:	2300      	movs	r3, #0
20000962:	54a3      	strb	r3, [r4, r2]
20000964:	2398      	movs	r3, #152	; 0x98
20000966:	009b      	lsls	r3, r3, #2
20000968:	18e0      	adds	r0, r4, r3
2000096a:	f000 f9a1 	bl	20000cb0 <hw_endpoint_start_next_buffer>
2000096e:	e60f      	b.n	20000590 <dcd_rp2040_irq+0x98>
20000970:	4b2b      	ldr	r3, [pc, #172]	; (20000a20 <dcd_rp2040_irq+0x528>)
20000972:	5ce3      	ldrb	r3, [r4, r3]
20000974:	2b00      	cmp	r3, #0
20000976:	d100      	bne.n	2000097a <dcd_rp2040_irq+0x482>
20000978:	e605      	b.n	20000586 <dcd_rp2040_irq+0x8e>
2000097a:	228f      	movs	r2, #143	; 0x8f
2000097c:	0092      	lsls	r2, r2, #2
2000097e:	5ca1      	ldrb	r1, [r4, r2]
20000980:	001e      	movs	r6, r3
20000982:	2900      	cmp	r1, #0
20000984:	d100      	bne.n	20000988 <dcd_rp2040_irq+0x490>
20000986:	e5fe      	b.n	20000586 <dcd_rp2040_irq+0x8e>
20000988:	2300      	movs	r3, #0
2000098a:	54a3      	strb	r3, [r4, r2]
2000098c:	2388      	movs	r3, #136	; 0x88
2000098e:	009b      	lsls	r3, r3, #2
20000990:	18e0      	adds	r0, r4, r3
20000992:	f000 f98d 	bl	20000cb0 <hw_endpoint_start_next_buffer>
20000996:	e5f6      	b.n	20000586 <dcd_rp2040_irq+0x8e>
20000998:	33f9      	adds	r3, #249	; 0xf9
2000099a:	33ff      	adds	r3, #255	; 0xff
2000099c:	5ce3      	ldrb	r3, [r4, r3]
2000099e:	2b00      	cmp	r3, #0
200009a0:	d100      	bne.n	200009a4 <dcd_rp2040_irq+0x4ac>
200009a2:	e5eb      	b.n	2000057c <dcd_rp2040_irq+0x84>
200009a4:	22fe      	movs	r2, #254	; 0xfe
200009a6:	0052      	lsls	r2, r2, #1
200009a8:	5ca1      	ldrb	r1, [r4, r2]
200009aa:	001e      	movs	r6, r3
200009ac:	2900      	cmp	r1, #0
200009ae:	d100      	bne.n	200009b2 <dcd_rp2040_irq+0x4ba>
200009b0:	e5e4      	b.n	2000057c <dcd_rp2040_irq+0x84>
200009b2:	0020      	movs	r0, r4
200009b4:	2300      	movs	r3, #0
200009b6:	30e1      	adds	r0, #225	; 0xe1
200009b8:	54a3      	strb	r3, [r4, r2]
200009ba:	30ff      	adds	r0, #255	; 0xff
200009bc:	f000 f978 	bl	20000cb0 <hw_endpoint_start_next_buffer>
200009c0:	e5dc      	b.n	2000057c <dcd_rp2040_irq+0x84>
200009c2:	4b11      	ldr	r3, [pc, #68]	; (20000a08 <dcd_rp2040_irq+0x510>)
200009c4:	5ce3      	ldrb	r3, [r4, r3]
200009c6:	2b00      	cmp	r3, #0
200009c8:	d100      	bne.n	200009cc <dcd_rp2040_irq+0x4d4>
200009ca:	e5ff      	b.n	200005cc <dcd_rp2040_irq+0xd4>
200009cc:	23ff      	movs	r3, #255	; 0xff
200009ce:	009b      	lsls	r3, r3, #2
200009d0:	5ce2      	ldrb	r2, [r4, r3]
200009d2:	2a00      	cmp	r2, #0
200009d4:	d100      	bne.n	200009d8 <dcd_rp2040_irq+0x4e0>
200009d6:	e604      	b.n	200005e2 <dcd_rp2040_irq+0xea>
200009d8:	2200      	movs	r2, #0
200009da:	54e2      	strb	r2, [r4, r3]
200009dc:	3b1c      	subs	r3, #28
200009de:	18e0      	adds	r0, r4, r3
200009e0:	f000 f966 	bl	20000cb0 <hw_endpoint_start_next_buffer>
200009e4:	e5fd      	b.n	200005e2 <dcd_rp2040_irq+0xea>
200009e6:	2200      	movs	r2, #0
200009e8:	54e2      	strb	r2, [r4, r3]
200009ea:	23e8      	movs	r3, #232	; 0xe8
200009ec:	009b      	lsls	r3, r3, #2
200009ee:	18e0      	adds	r0, r4, r3
200009f0:	f000 f95e 	bl	20000cb0 <hw_endpoint_start_next_buffer>
200009f4:	e74d      	b.n	20000892 <dcd_rp2040_irq+0x39a>
200009f6:	0021      	movs	r1, r4
200009f8:	480a      	ldr	r0, [pc, #40]	; (20000a24 <dcd_rp2040_irq+0x52c>)
200009fa:	4069      	eors	r1, r5
200009fc:	f000 fab4 	bl	20000f68 <__panic_veneer>
20000a00:	000003ba 	.word	0x000003ba
20000a04:	000003fb 	.word	0x000003fb
20000a08:	000003fa 	.word	0x000003fa
20000a0c:	0000037a 	.word	0x0000037a
20000a10:	0000033a 	.word	0x0000033a
20000a14:	000002fa 	.word	0x000002fa
20000a18:	000002ba 	.word	0x000002ba
20000a1c:	0000027a 	.word	0x0000027a
20000a20:	0000023a 	.word	0x0000023a
20000a24:	10006944 	.word	0x10006944

20000a28 <prepare_ep_buffer>:
20000a28:	b5f0      	push	{r4, r5, r6, r7, lr}
20000a2a:	46d6      	mov	lr, sl
20000a2c:	464f      	mov	r7, r9
20000a2e:	4646      	mov	r6, r8
20000a30:	0003      	movs	r3, r0
20000a32:	b5c0      	push	{r6, r7, lr}
20000a34:	8b1c      	ldrh	r4, [r3, #24]
20000a36:	8a80      	ldrh	r0, [r0, #20]
20000a38:	468a      	mov	sl, r1
20000a3a:	1c22      	adds	r2, r4, #0
20000a3c:	4284      	cmp	r4, r0
20000a3e:	d900      	bls.n	20000a42 <prepare_ep_buffer+0x1a>
20000a40:	1c02      	adds	r2, r0, #0
20000a42:	2680      	movs	r6, #128	; 0x80
20000a44:	b292      	uxth	r2, r2
20000a46:	1a80      	subs	r0, r0, r2
20000a48:	78dd      	ldrb	r5, [r3, #3]
20000a4a:	b284      	uxth	r4, r0
20000a4c:	00f6      	lsls	r6, r6, #3
20000a4e:	829c      	strh	r4, [r3, #20]
20000a50:	4316      	orrs	r6, r2
20000a52:	2d00      	cmp	r5, #0
20000a54:	d002      	beq.n	20000a5c <prepare_ep_buffer+0x34>
20000a56:	2690      	movs	r6, #144	; 0x90
20000a58:	01b6      	lsls	r6, r6, #6
20000a5a:	4316      	orrs	r6, r2
20000a5c:	2701      	movs	r7, #1
20000a5e:	407d      	eors	r5, r7
20000a60:	70dd      	strb	r5, [r3, #3]
20000a62:	785d      	ldrb	r5, [r3, #1]
20000a64:	0030      	movs	r0, r6
20000a66:	2d00      	cmp	r5, #0
20000a68:	d141      	bne.n	20000aee <prepare_ep_buffer+0xc6>
20000a6a:	4651      	mov	r1, sl
20000a6c:	0188      	lsls	r0, r1, #6
20000a6e:	68d9      	ldr	r1, [r3, #12]
20000a70:	691f      	ldr	r7, [r3, #16]
20000a72:	468c      	mov	ip, r1
20000a74:	1e51      	subs	r1, r2, #1
20000a76:	4688      	mov	r8, r1
20000a78:	4484      	add	ip, r0
20000a7a:	2a00      	cmp	r2, #0
20000a7c:	d032      	beq.n	20000ae4 <prepare_ep_buffer+0xbc>
20000a7e:	4661      	mov	r1, ip
20000a80:	2002      	movs	r0, #2
20000a82:	1c7c      	adds	r4, r7, #1
20000a84:	1b0c      	subs	r4, r1, r4
20000a86:	42a0      	cmp	r0, r4
20000a88:	4180      	sbcs	r0, r0
20000a8a:	2408      	movs	r4, #8
20000a8c:	4544      	cmp	r4, r8
20000a8e:	41a4      	sbcs	r4, r4
20000a90:	4240      	negs	r0, r0
20000a92:	4264      	negs	r4, r4
20000a94:	4204      	tst	r4, r0
20000a96:	d038      	beq.n	20000b0a <prepare_ep_buffer+0xe2>
20000a98:	4660      	mov	r0, ip
20000a9a:	4338      	orrs	r0, r7
20000a9c:	0781      	lsls	r1, r0, #30
20000a9e:	d134      	bne.n	20000b0a <prepare_ep_buffer+0xe2>
20000aa0:	1f15      	subs	r5, r2, #4
20000aa2:	08ad      	lsrs	r5, r5, #2
20000aa4:	1c69      	adds	r1, r5, #1
20000aa6:	4689      	mov	r9, r1
20000aa8:	2000      	movs	r0, #0
20000aaa:	2400      	movs	r4, #0
20000aac:	4661      	mov	r1, ip
20000aae:	583d      	ldr	r5, [r7, r0]
20000ab0:	3401      	adds	r4, #1
20000ab2:	500d      	str	r5, [r1, r0]
20000ab4:	3004      	adds	r0, #4
20000ab6:	45a1      	cmp	r9, r4
20000ab8:	d8f8      	bhi.n	20000aac <prepare_ep_buffer+0x84>
20000aba:	4649      	mov	r1, r9
20000abc:	008d      	lsls	r5, r1, #2
20000abe:	4661      	mov	r1, ip
20000ac0:	194c      	adds	r4, r1, r5
20000ac2:	4641      	mov	r1, r8
20000ac4:	197f      	adds	r7, r7, r5
20000ac6:	1b48      	subs	r0, r1, r5
20000ac8:	42aa      	cmp	r2, r5
20000aca:	d009      	beq.n	20000ae0 <prepare_ep_buffer+0xb8>
20000acc:	783d      	ldrb	r5, [r7, #0]
20000ace:	7025      	strb	r5, [r4, #0]
20000ad0:	2800      	cmp	r0, #0
20000ad2:	d005      	beq.n	20000ae0 <prepare_ep_buffer+0xb8>
20000ad4:	787d      	ldrb	r5, [r7, #1]
20000ad6:	7065      	strb	r5, [r4, #1]
20000ad8:	2801      	cmp	r0, #1
20000ada:	d001      	beq.n	20000ae0 <prepare_ep_buffer+0xb8>
20000adc:	78b8      	ldrb	r0, [r7, #2]
20000ade:	70a0      	strb	r0, [r4, #2]
20000ae0:	691f      	ldr	r7, [r3, #16]
20000ae2:	8a9c      	ldrh	r4, [r3, #20]
20000ae4:	2080      	movs	r0, #128	; 0x80
20000ae6:	18ba      	adds	r2, r7, r2
20000ae8:	0200      	lsls	r0, r0, #8
20000aea:	611a      	str	r2, [r3, #16]
20000aec:	4330      	orrs	r0, r6
20000aee:	2c00      	cmp	r4, #0
20000af0:	d102      	bne.n	20000af8 <prepare_ep_buffer+0xd0>
20000af2:	2380      	movs	r3, #128	; 0x80
20000af4:	01db      	lsls	r3, r3, #7
20000af6:	4318      	orrs	r0, r3
20000af8:	4653      	mov	r3, sl
20000afa:	2b00      	cmp	r3, #0
20000afc:	d000      	beq.n	20000b00 <prepare_ep_buffer+0xd8>
20000afe:	0400      	lsls	r0, r0, #16
20000b00:	bce0      	pop	{r5, r6, r7}
20000b02:	46ba      	mov	sl, r7
20000b04:	46b1      	mov	r9, r6
20000b06:	46a8      	mov	r8, r5
20000b08:	bdf0      	pop	{r4, r5, r6, r7, pc}
20000b0a:	2000      	movs	r0, #0
20000b0c:	4661      	mov	r1, ip
20000b0e:	5c3c      	ldrb	r4, [r7, r0]
20000b10:	540c      	strb	r4, [r1, r0]
20000b12:	3001      	adds	r0, #1
20000b14:	4282      	cmp	r2, r0
20000b16:	d1f9      	bne.n	20000b0c <prepare_ep_buffer+0xe4>
20000b18:	e7e2      	b.n	20000ae0 <prepare_ep_buffer+0xb8>
20000b1a:	46c0      	nop			; (mov r8, r8)

20000b1c <sync_ep_buffer>:
20000b1c:	6882      	ldr	r2, [r0, #8]
20000b1e:	0003      	movs	r3, r0
20000b20:	b5f0      	push	{r4, r5, r6, r7, lr}
20000b22:	6810      	ldr	r0, [r2, #0]
20000b24:	2900      	cmp	r1, #0
20000b26:	d000      	beq.n	20000b2a <sync_ep_buffer+0xe>
20000b28:	0c00      	lsrs	r0, r0, #16
20000b2a:	785a      	ldrb	r2, [r3, #1]
20000b2c:	0580      	lsls	r0, r0, #22
20000b2e:	0d80      	lsrs	r0, r0, #22
20000b30:	2a00      	cmp	r2, #0
20000b32:	d108      	bne.n	20000b46 <sync_ep_buffer+0x2a>
20000b34:	8ada      	ldrh	r2, [r3, #22]
20000b36:	1882      	adds	r2, r0, r2
20000b38:	82da      	strh	r2, [r3, #22]
20000b3a:	8b1a      	ldrh	r2, [r3, #24]
20000b3c:	4282      	cmp	r2, r0
20000b3e:	d901      	bls.n	20000b44 <sync_ep_buffer+0x28>
20000b40:	2200      	movs	r2, #0
20000b42:	829a      	strh	r2, [r3, #20]
20000b44:	bdf0      	pop	{r4, r5, r6, r7, pc}
20000b46:	68da      	ldr	r2, [r3, #12]
20000b48:	0189      	lsls	r1, r1, #6
20000b4a:	1e45      	subs	r5, r0, #1
20000b4c:	46ac      	mov	ip, r5
20000b4e:	691c      	ldr	r4, [r3, #16]
20000b50:	1856      	adds	r6, r2, r1
20000b52:	2800      	cmp	r0, #0
20000b54:	d02e      	beq.n	20000bb4 <sync_ep_buffer+0x98>
20000b56:	3101      	adds	r1, #1
20000b58:	1851      	adds	r1, r2, r1
20000b5a:	0025      	movs	r5, r4
20000b5c:	2202      	movs	r2, #2
20000b5e:	1a61      	subs	r1, r4, r1
20000b60:	428a      	cmp	r2, r1
20000b62:	4189      	sbcs	r1, r1
20000b64:	4335      	orrs	r5, r6
20000b66:	3201      	adds	r2, #1
20000b68:	402a      	ands	r2, r5
20000b6a:	4255      	negs	r5, r2
20000b6c:	416a      	adcs	r2, r5
20000b6e:	4249      	negs	r1, r1
20000b70:	420a      	tst	r2, r1
20000b72:	d025      	beq.n	20000bc0 <sync_ep_buffer+0xa4>
20000b74:	4662      	mov	r2, ip
20000b76:	2a08      	cmp	r2, #8
20000b78:	d922      	bls.n	20000bc0 <sync_ep_buffer+0xa4>
20000b7a:	2200      	movs	r2, #0
20000b7c:	2100      	movs	r1, #0
20000b7e:	1f05      	subs	r5, r0, #4
20000b80:	08ad      	lsrs	r5, r5, #2
20000b82:	3501      	adds	r5, #1
20000b84:	58b7      	ldr	r7, [r6, r2]
20000b86:	3101      	adds	r1, #1
20000b88:	50a7      	str	r7, [r4, r2]
20000b8a:	3204      	adds	r2, #4
20000b8c:	428d      	cmp	r5, r1
20000b8e:	d8f9      	bhi.n	20000b84 <sync_ep_buffer+0x68>
20000b90:	4662      	mov	r2, ip
20000b92:	00ad      	lsls	r5, r5, #2
20000b94:	1976      	adds	r6, r6, r5
20000b96:	1964      	adds	r4, r4, r5
20000b98:	1b57      	subs	r7, r2, r5
20000b9a:	42a8      	cmp	r0, r5
20000b9c:	d009      	beq.n	20000bb2 <sync_ep_buffer+0x96>
20000b9e:	7832      	ldrb	r2, [r6, #0]
20000ba0:	7022      	strb	r2, [r4, #0]
20000ba2:	2f00      	cmp	r7, #0
20000ba4:	d005      	beq.n	20000bb2 <sync_ep_buffer+0x96>
20000ba6:	7872      	ldrb	r2, [r6, #1]
20000ba8:	7062      	strb	r2, [r4, #1]
20000baa:	2f01      	cmp	r7, #1
20000bac:	d001      	beq.n	20000bb2 <sync_ep_buffer+0x96>
20000bae:	78b2      	ldrb	r2, [r6, #2]
20000bb0:	70a2      	strb	r2, [r4, #2]
20000bb2:	691c      	ldr	r4, [r3, #16]
20000bb4:	8ada      	ldrh	r2, [r3, #22]
20000bb6:	1824      	adds	r4, r4, r0
20000bb8:	1882      	adds	r2, r0, r2
20000bba:	82da      	strh	r2, [r3, #22]
20000bbc:	611c      	str	r4, [r3, #16]
20000bbe:	e7bc      	b.n	20000b3a <sync_ep_buffer+0x1e>
20000bc0:	2200      	movs	r2, #0
20000bc2:	5cb1      	ldrb	r1, [r6, r2]
20000bc4:	54a1      	strb	r1, [r4, r2]
20000bc6:	3201      	adds	r2, #1
20000bc8:	4290      	cmp	r0, r2
20000bca:	d1fa      	bne.n	20000bc2 <sync_ep_buffer+0xa6>
20000bcc:	691c      	ldr	r4, [r3, #16]
20000bce:	e7f1      	b.n	20000bb4 <sync_ep_buffer+0x98>

20000bd0 <_hw_endpoint_xfer_sync>:
20000bd0:	b510      	push	{r4, lr}
20000bd2:	0004      	movs	r4, r0
20000bd4:	6883      	ldr	r3, [r0, #8]
20000bd6:	2100      	movs	r1, #0
20000bd8:	681b      	ldr	r3, [r3, #0]
20000bda:	f7ff ff9f 	bl	20000b1c <sync_ep_buffer>
20000bde:	6863      	ldr	r3, [r4, #4]
20000be0:	681b      	ldr	r3, [r3, #0]
20000be2:	005b      	lsls	r3, r3, #1
20000be4:	d502      	bpl.n	20000bec <_hw_endpoint_xfer_sync+0x1c>
20000be6:	8b23      	ldrh	r3, [r4, #24]
20000be8:	4283      	cmp	r3, r0
20000bea:	d000      	beq.n	20000bee <_hw_endpoint_xfer_sync+0x1e>
20000bec:	bd10      	pop	{r4, pc}
20000bee:	2101      	movs	r1, #1
20000bf0:	0020      	movs	r0, r4
20000bf2:	f7ff ff93 	bl	20000b1c <sync_ep_buffer>
20000bf6:	e7f9      	b.n	20000bec <_hw_endpoint_xfer_sync+0x1c>

20000bf8 <e15_is_bulkin_ep>:
20000bf8:	4a08      	ldr	r2, [pc, #32]	; (20000c1c <e15_is_bulkin_ep+0x24>)
20000bfa:	0003      	movs	r3, r0
20000bfc:	6c12      	ldr	r2, [r2, #64]	; 0x40
20000bfe:	2000      	movs	r0, #0
20000c00:	0792      	lsls	r2, r2, #30
20000c02:	d403      	bmi.n	20000c0c <e15_is_bulkin_ep+0x14>
20000c04:	789a      	ldrb	r2, [r3, #2]
20000c06:	09d2      	lsrs	r2, r2, #7
20000c08:	2a01      	cmp	r2, #1
20000c0a:	d000      	beq.n	20000c0e <e15_is_bulkin_ep+0x16>
20000c0c:	4770      	bx	lr
20000c0e:	7ed8      	ldrb	r0, [r3, #27]
20000c10:	3802      	subs	r0, #2
20000c12:	4243      	negs	r3, r0
20000c14:	4158      	adcs	r0, r3
20000c16:	b2c0      	uxtb	r0, r0
20000c18:	e7f8      	b.n	20000c0c <e15_is_bulkin_ep+0x14>
20000c1a:	46c0      	nop			; (mov r8, r8)
20000c1c:	50110000 	.word	0x50110000

20000c20 <e15_is_critical_frame_period>:
20000c20:	b510      	push	{r4, lr}
20000c22:	f7ff ffe9 	bl	20000bf8 <e15_is_bulkin_ep>
20000c26:	2800      	cmp	r0, #0
20000c28:	d00c      	beq.n	20000c44 <e15_is_critical_frame_period+0x24>
20000c2a:	4907      	ldr	r1, [pc, #28]	; (20000c48 <e15_is_critical_frame_period+0x28>)
20000c2c:	4b07      	ldr	r3, [pc, #28]	; (20000c4c <e15_is_critical_frame_period+0x2c>)
20000c2e:	468c      	mov	ip, r1
20000c30:	4a07      	ldr	r2, [pc, #28]	; (20000c50 <e15_is_critical_frame_period+0x30>)
20000c32:	6a9b      	ldr	r3, [r3, #40]	; 0x28
20000c34:	6812      	ldr	r2, [r2, #0]
20000c36:	4463      	add	r3, ip
20000c38:	1a9b      	subs	r3, r3, r2
20000c3a:	2000      	movs	r0, #0
20000c3c:	22c6      	movs	r2, #198	; 0xc6
20000c3e:	429a      	cmp	r2, r3
20000c40:	4140      	adcs	r0, r0
20000c42:	b2c0      	uxtb	r0, r0
20000c44:	bd10      	pop	{r4, pc}
20000c46:	46c0      	nop			; (mov r8, r8)
20000c48:	fffffce0 	.word	0xfffffce0
20000c4c:	40054000 	.word	0x40054000
20000c50:	20001868 	.word	0x20001868

20000c54 <hw_endpoint_reset_transfer>:
20000c54:	2300      	movs	r3, #0
20000c56:	7683      	strb	r3, [r0, #26]
20000c58:	6143      	str	r3, [r0, #20]
20000c5a:	6103      	str	r3, [r0, #16]
20000c5c:	4770      	bx	lr
20000c5e:	46c0      	nop			; (mov r8, r8)

20000c60 <_hw_endpoint_buffer_control_update32>:
20000c60:	b510      	push	{r4, lr}
20000c62:	6883      	ldr	r3, [r0, #8]
20000c64:	2900      	cmp	r1, #0
20000c66:	d001      	beq.n	20000c6c <_hw_endpoint_buffer_control_update32+0xc>
20000c68:	681c      	ldr	r4, [r3, #0]
20000c6a:	4021      	ands	r1, r4
20000c6c:	2a00      	cmp	r2, #0
20000c6e:	d012      	beq.n	20000c96 <_hw_endpoint_buffer_control_update32+0x36>
20000c70:	2480      	movs	r4, #128	; 0x80
20000c72:	00e4      	lsls	r4, r4, #3
20000c74:	4311      	orrs	r1, r2
20000c76:	4222      	tst	r2, r4
20000c78:	d00d      	beq.n	20000c96 <_hw_endpoint_buffer_control_update32+0x36>
20000c7a:	681a      	ldr	r2, [r3, #0]
20000c7c:	4222      	tst	r2, r4
20000c7e:	d10c      	bne.n	20000c9a <_hw_endpoint_buffer_control_update32+0x3a>
20000c80:	4a08      	ldr	r2, [pc, #32]	; (20000ca4 <_hw_endpoint_buffer_control_update32+0x44>)
20000c82:	400a      	ands	r2, r1
20000c84:	601a      	str	r2, [r3, #0]
20000c86:	4a08      	ldr	r2, [pc, #32]	; (20000ca8 <_hw_endpoint_buffer_control_update32+0x48>)
20000c88:	6c12      	ldr	r2, [r2, #64]	; 0x40
20000c8a:	0792      	lsls	r2, r2, #30
20000c8c:	d403      	bmi.n	20000c96 <_hw_endpoint_buffer_control_update32+0x36>
20000c8e:	230c      	movs	r3, #12
20000c90:	3b03      	subs	r3, #3
20000c92:	d2fd      	bcs.n	20000c90 <_hw_endpoint_buffer_control_update32+0x30>
20000c94:	6883      	ldr	r3, [r0, #8]
20000c96:	6019      	str	r1, [r3, #0]
20000c98:	bd10      	pop	{r4, pc}
20000c9a:	7881      	ldrb	r1, [r0, #2]
20000c9c:	4803      	ldr	r0, [pc, #12]	; (20000cac <_hw_endpoint_buffer_control_update32+0x4c>)
20000c9e:	f000 f963 	bl	20000f68 <__panic_veneer>
20000ca2:	46c0      	nop			; (mov r8, r8)
20000ca4:	fffffbff 	.word	0xfffffbff
20000ca8:	50110000 	.word	0x50110000
20000cac:	10006958 	.word	0x10006958

20000cb0 <hw_endpoint_start_next_buffer>:
20000cb0:	6843      	ldr	r3, [r0, #4]
20000cb2:	b570      	push	{r4, r5, r6, lr}
20000cb4:	2100      	movs	r1, #0
20000cb6:	2580      	movs	r5, #128	; 0x80
20000cb8:	681e      	ldr	r6, [r3, #0]
20000cba:	0004      	movs	r4, r0
20000cbc:	f7ff feb4 	bl	20000a28 <prepare_ep_buffer>
20000cc0:	4b13      	ldr	r3, [pc, #76]	; (20000d10 <hw_endpoint_start_next_buffer+0x60>)
20000cc2:	016d      	lsls	r5, r5, #5
20000cc4:	6c1b      	ldr	r3, [r3, #64]	; 0x40
20000cc6:	4305      	orrs	r5, r0
20000cc8:	079b      	lsls	r3, r3, #30
20000cca:	d50f      	bpl.n	20000cec <hw_endpoint_start_next_buffer+0x3c>
20000ccc:	78a3      	ldrb	r3, [r4, #2]
20000cce:	065b      	lsls	r3, r3, #25
20000cd0:	d00f      	beq.n	20000cf2 <hw_endpoint_start_next_buffer+0x42>
20000cd2:	4b10      	ldr	r3, [pc, #64]	; (20000d14 <hw_endpoint_start_next_buffer+0x64>)
20000cd4:	401e      	ands	r6, r3
20000cd6:	2380      	movs	r3, #128	; 0x80
20000cd8:	059b      	lsls	r3, r3, #22
20000cda:	4333      	orrs	r3, r6
20000cdc:	6862      	ldr	r2, [r4, #4]
20000cde:	2100      	movs	r1, #0
20000ce0:	6013      	str	r3, [r2, #0]
20000ce2:	0020      	movs	r0, r4
20000ce4:	002a      	movs	r2, r5
20000ce6:	f7ff ffbb 	bl	20000c60 <_hw_endpoint_buffer_control_update32>
20000cea:	bd70      	pop	{r4, r5, r6, pc}
20000cec:	78a3      	ldrb	r3, [r4, #2]
20000cee:	09db      	lsrs	r3, r3, #7
20000cf0:	d0ef      	beq.n	20000cd2 <hw_endpoint_start_next_buffer+0x22>
20000cf2:	8aa3      	ldrh	r3, [r4, #20]
20000cf4:	2b00      	cmp	r3, #0
20000cf6:	d0ec      	beq.n	20000cd2 <hw_endpoint_start_next_buffer+0x22>
20000cf8:	2101      	movs	r1, #1
20000cfa:	0020      	movs	r0, r4
20000cfc:	f7ff fe94 	bl	20000a28 <prepare_ep_buffer>
20000d00:	23a0      	movs	r3, #160	; 0xa0
20000d02:	4a05      	ldr	r2, [pc, #20]	; (20000d18 <hw_endpoint_start_next_buffer+0x68>)
20000d04:	05db      	lsls	r3, r3, #23
20000d06:	4032      	ands	r2, r6
20000d08:	4305      	orrs	r5, r0
20000d0a:	4313      	orrs	r3, r2
20000d0c:	e7e6      	b.n	20000cdc <hw_endpoint_start_next_buffer+0x2c>
20000d0e:	46c0      	nop			; (mov r8, r8)
20000d10:	50110000 	.word	0x50110000
20000d14:	afffffff 	.word	0xafffffff
20000d18:	dfffffff 	.word	0xdfffffff

20000d1c <hw_endpoint_xfer_continue>:
20000d1c:	b570      	push	{r4, r5, r6, lr}
20000d1e:	7e85      	ldrb	r5, [r0, #26]
20000d20:	0004      	movs	r4, r0
20000d22:	2d00      	cmp	r5, #0
20000d24:	d013      	beq.n	20000d4e <hw_endpoint_xfer_continue+0x32>
20000d26:	f7ff ff53 	bl	20000bd0 <_hw_endpoint_xfer_sync>
20000d2a:	8aa3      	ldrh	r3, [r4, #20]
20000d2c:	2b00      	cmp	r3, #0
20000d2e:	d101      	bne.n	20000d34 <hw_endpoint_xfer_continue+0x18>
20000d30:	0028      	movs	r0, r5
20000d32:	bd70      	pop	{r4, r5, r6, pc}
20000d34:	0020      	movs	r0, r4
20000d36:	f7ff ff73 	bl	20000c20 <e15_is_critical_frame_period>
20000d3a:	1e05      	subs	r5, r0, #0
20000d3c:	d003      	beq.n	20000d46 <hw_endpoint_xfer_continue+0x2a>
20000d3e:	2301      	movs	r3, #1
20000d40:	2500      	movs	r5, #0
20000d42:	7723      	strb	r3, [r4, #28]
20000d44:	e7f4      	b.n	20000d30 <hw_endpoint_xfer_continue+0x14>
20000d46:	0020      	movs	r0, r4
20000d48:	f7ff ffb2 	bl	20000cb0 <hw_endpoint_start_next_buffer>
20000d4c:	e7f0      	b.n	20000d30 <hw_endpoint_xfer_continue+0x14>
20000d4e:	7881      	ldrb	r1, [r0, #2]
20000d50:	4801      	ldr	r0, [pc, #4]	; (20000d58 <hw_endpoint_xfer_continue+0x3c>)
20000d52:	f000 f909 	bl	20000f68 <__panic_veneer>
20000d56:	46c0      	nop			; (mov r8, r8)
20000d58:	10006978 	.word	0x10006978

20000d5c <dcd_event_handler>:
20000d5c:	b5f0      	push	{r4, r5, r6, r7, lr}
20000d5e:	46ce      	mov	lr, r9
20000d60:	4647      	mov	r7, r8
20000d62:	b580      	push	{r7, lr}
20000d64:	7843      	ldrb	r3, [r0, #1]
20000d66:	0005      	movs	r5, r0
20000d68:	000e      	movs	r6, r1
20000d6a:	b085      	sub	sp, #20
20000d6c:	2b06      	cmp	r3, #6
20000d6e:	d812      	bhi.n	20000d96 <dcd_event_handler+0x3a>
20000d70:	4a6d      	ldr	r2, [pc, #436]	; (20000f28 <dcd_event_handler+0x1cc>)
20000d72:	009b      	lsls	r3, r3, #2
20000d74:	58d3      	ldr	r3, [r2, r3]
20000d76:	469f      	mov	pc, r3
20000d78:	2101      	movs	r1, #1
20000d7a:	4b6c      	ldr	r3, [pc, #432]	; (20000f2c <dcd_event_handler+0x1d0>)
20000d7c:	781a      	ldrb	r2, [r3, #0]
20000d7e:	438a      	bics	r2, r1
20000d80:	701a      	strb	r2, [r3, #0]
20000d82:	781a      	ldrb	r2, [r3, #0]
20000d84:	3101      	adds	r1, #1
20000d86:	438a      	bics	r2, r1
20000d88:	701a      	strb	r2, [r3, #0]
20000d8a:	2200      	movs	r2, #0
20000d8c:	705a      	strb	r2, [r3, #1]
20000d8e:	781a      	ldrb	r2, [r3, #0]
20000d90:	3102      	adds	r1, #2
20000d92:	438a      	bics	r2, r1
20000d94:	701a      	strb	r2, [r3, #0]
20000d96:	4b66      	ldr	r3, [pc, #408]	; (20000f30 <dcd_event_handler+0x1d4>)
20000d98:	681c      	ldr	r4, [r3, #0]
20000d9a:	6962      	ldr	r2, [r4, #20]
20000d9c:	f3ef 8110 	mrs	r1, PRIMASK
20000da0:	b672      	cpsid	i
20000da2:	6813      	ldr	r3, [r2, #0]
20000da4:	2b00      	cmp	r3, #0
20000da6:	d0fc      	beq.n	20000da2 <dcd_event_handler+0x46>
20000da8:	f3bf 8f5f 	dmb	sy
20000dac:	61a1      	str	r1, [r4, #24]
20000dae:	0020      	movs	r0, r4
20000db0:	0029      	movs	r1, r5
20000db2:	f000 f901 	bl	20000fb8 <__tu_fifo_write_veneer>
20000db6:	6962      	ldr	r2, [r4, #20]
20000db8:	69a3      	ldr	r3, [r4, #24]
20000dba:	f3bf 8f5f 	dmb	sy
20000dbe:	2100      	movs	r1, #0
20000dc0:	6011      	str	r1, [r2, #0]
20000dc2:	f383 8810 	msr	PRIMASK, r3
20000dc6:	2800      	cmp	r0, #0
20000dc8:	d104      	bne.n	20000dd4 <dcd_event_handler+0x78>
20000dca:	b005      	add	sp, #20
20000dcc:	bcc0      	pop	{r6, r7}
20000dce:	46b9      	mov	r9, r7
20000dd0:	46b0      	mov	r8, r6
20000dd2:	bdf0      	pop	{r4, r5, r6, r7, pc}
20000dd4:	0032      	movs	r2, r6
20000dd6:	7869      	ldrb	r1, [r5, #1]
20000dd8:	7828      	ldrb	r0, [r5, #0]
20000dda:	f000 f8b5 	bl	20000f48 <__tud_event_hook_cb_veneer>
20000dde:	e7f4      	b.n	20000dca <dcd_event_handler+0x6e>
20000de0:	4a54      	ldr	r2, [pc, #336]	; (20000f34 <dcd_event_handler+0x1d8>)
20000de2:	7813      	ldrb	r3, [r2, #0]
20000de4:	3301      	adds	r3, #1
20000de6:	b2db      	uxtb	r3, r3
20000de8:	7013      	strb	r3, [r2, #0]
20000dea:	e7d4      	b.n	20000d96 <dcd_event_handler+0x3a>
20000dec:	4b52      	ldr	r3, [pc, #328]	; (20000f38 <dcd_event_handler+0x1dc>)
20000dee:	4f53      	ldr	r7, [pc, #332]	; (20000f3c <dcd_event_handler+0x1e0>)
20000df0:	4699      	mov	r9, r3
20000df2:	4b53      	ldr	r3, [pc, #332]	; (20000f40 <dcd_event_handler+0x1e4>)
20000df4:	2400      	movs	r4, #0
20000df6:	4698      	mov	r8, r3
20000df8:	783a      	ldrb	r2, [r7, #0]
20000dfa:	e00a      	b.n	20000e12 <dcd_event_handler+0xb6>
20000dfc:	4641      	mov	r1, r8
20000dfe:	6809      	ldr	r1, [r1, #0]
20000e00:	0163      	lsls	r3, r4, #5
20000e02:	468c      	mov	ip, r1
20000e04:	4463      	add	r3, ip
20000e06:	2b00      	cmp	r3, #0
20000e08:	d108      	bne.n	20000e1c <dcd_event_handler+0xc0>
20000e0a:	3401      	adds	r4, #1
20000e0c:	b2e4      	uxtb	r4, r4
20000e0e:	4294      	cmp	r4, r2
20000e10:	d80f      	bhi.n	20000e32 <dcd_event_handler+0xd6>
20000e12:	42a2      	cmp	r2, r4
20000e14:	d8f2      	bhi.n	20000dfc <dcd_event_handler+0xa0>
20000e16:	1aa3      	subs	r3, r4, r2
20000e18:	015b      	lsls	r3, r3, #5
20000e1a:	444b      	add	r3, r9
20000e1c:	69db      	ldr	r3, [r3, #28]
20000e1e:	2b00      	cmp	r3, #0
20000e20:	d0f3      	beq.n	20000e0a <dcd_event_handler+0xae>
20000e22:	7828      	ldrb	r0, [r5, #0]
20000e24:	6869      	ldr	r1, [r5, #4]
20000e26:	4798      	blx	r3
20000e28:	3401      	adds	r4, #1
20000e2a:	783a      	ldrb	r2, [r7, #0]
20000e2c:	b2e4      	uxtb	r4, r4
20000e2e:	4294      	cmp	r4, r2
20000e30:	d9ef      	bls.n	20000e12 <dcd_event_handler+0xb6>
20000e32:	4f3e      	ldr	r7, [pc, #248]	; (20000f2c <dcd_event_handler+0x1d0>)
20000e34:	783b      	ldrb	r3, [r7, #0]
20000e36:	075b      	lsls	r3, r3, #29
20000e38:	d52a      	bpl.n	20000e90 <dcd_event_handler+0x134>
20000e3a:	2204      	movs	r2, #4
20000e3c:	783b      	ldrb	r3, [r7, #0]
20000e3e:	ac01      	add	r4, sp, #4
20000e40:	4393      	bics	r3, r2
20000e42:	2100      	movs	r1, #0
20000e44:	0020      	movs	r0, r4
20000e46:	3208      	adds	r2, #8
20000e48:	703b      	strb	r3, [r7, #0]
20000e4a:	f000 f8a5 	bl	20000f98 <____wrap_memset_veneer>
20000e4e:	782b      	ldrb	r3, [r5, #0]
20000e50:	7023      	strb	r3, [r4, #0]
20000e52:	2305      	movs	r3, #5
20000e54:	7063      	strb	r3, [r4, #1]
20000e56:	4b36      	ldr	r3, [pc, #216]	; (20000f30 <dcd_event_handler+0x1d4>)
20000e58:	681b      	ldr	r3, [r3, #0]
20000e5a:	4698      	mov	r8, r3
20000e5c:	695a      	ldr	r2, [r3, #20]
20000e5e:	f3ef 8110 	mrs	r1, PRIMASK
20000e62:	b672      	cpsid	i
20000e64:	6813      	ldr	r3, [r2, #0]
20000e66:	2b00      	cmp	r3, #0
20000e68:	d0fc      	beq.n	20000e64 <dcd_event_handler+0x108>
20000e6a:	f3bf 8f5f 	dmb	sy
20000e6e:	4643      	mov	r3, r8
20000e70:	4640      	mov	r0, r8
20000e72:	6199      	str	r1, [r3, #24]
20000e74:	0021      	movs	r1, r4
20000e76:	f000 f89f 	bl	20000fb8 <__tu_fifo_write_veneer>
20000e7a:	4643      	mov	r3, r8
20000e7c:	695a      	ldr	r2, [r3, #20]
20000e7e:	699b      	ldr	r3, [r3, #24]
20000e80:	f3bf 8f5f 	dmb	sy
20000e84:	2100      	movs	r1, #0
20000e86:	6011      	str	r1, [r2, #0]
20000e88:	f383 8810 	msr	PRIMASK, r3
20000e8c:	2800      	cmp	r0, #0
20000e8e:	d144      	bne.n	20000f1a <dcd_event_handler+0x1be>
20000e90:	78fb      	ldrb	r3, [r7, #3]
20000e92:	07db      	lsls	r3, r3, #31
20000e94:	d400      	bmi.n	20000e98 <dcd_event_handler+0x13c>
20000e96:	e798      	b.n	20000dca <dcd_event_handler+0x6e>
20000e98:	ac01      	add	r4, sp, #4
20000e9a:	220c      	movs	r2, #12
20000e9c:	2100      	movs	r1, #0
20000e9e:	0020      	movs	r0, r4
20000ea0:	f000 f87a 	bl	20000f98 <____wrap_memset_veneer>
20000ea4:	782b      	ldrb	r3, [r5, #0]
20000ea6:	7023      	strb	r3, [r4, #0]
20000ea8:	2303      	movs	r3, #3
20000eaa:	7063      	strb	r3, [r4, #1]
20000eac:	686b      	ldr	r3, [r5, #4]
20000eae:	6063      	str	r3, [r4, #4]
20000eb0:	4b1f      	ldr	r3, [pc, #124]	; (20000f30 <dcd_event_handler+0x1d4>)
20000eb2:	681d      	ldr	r5, [r3, #0]
20000eb4:	696a      	ldr	r2, [r5, #20]
20000eb6:	f3ef 8110 	mrs	r1, PRIMASK
20000eba:	b672      	cpsid	i
20000ebc:	6813      	ldr	r3, [r2, #0]
20000ebe:	2b00      	cmp	r3, #0
20000ec0:	d0fc      	beq.n	20000ebc <dcd_event_handler+0x160>
20000ec2:	f3bf 8f5f 	dmb	sy
20000ec6:	61a9      	str	r1, [r5, #24]
20000ec8:	0028      	movs	r0, r5
20000eca:	0021      	movs	r1, r4
20000ecc:	f000 f874 	bl	20000fb8 <__tu_fifo_write_veneer>
20000ed0:	696a      	ldr	r2, [r5, #20]
20000ed2:	69ab      	ldr	r3, [r5, #24]
20000ed4:	f3bf 8f5f 	dmb	sy
20000ed8:	2100      	movs	r1, #0
20000eda:	6011      	str	r1, [r2, #0]
20000edc:	f383 8810 	msr	PRIMASK, r3
20000ee0:	2800      	cmp	r0, #0
20000ee2:	d100      	bne.n	20000ee6 <dcd_event_handler+0x18a>
20000ee4:	e771      	b.n	20000dca <dcd_event_handler+0x6e>
20000ee6:	0032      	movs	r2, r6
20000ee8:	7861      	ldrb	r1, [r4, #1]
20000eea:	7820      	ldrb	r0, [r4, #0]
20000eec:	f000 f82c 	bl	20000f48 <__tud_event_hook_cb_veneer>
20000ef0:	e76b      	b.n	20000dca <dcd_event_handler+0x6e>
20000ef2:	4b0e      	ldr	r3, [pc, #56]	; (20000f2c <dcd_event_handler+0x1d0>)
20000ef4:	781a      	ldrb	r2, [r3, #0]
20000ef6:	07d2      	lsls	r2, r2, #31
20000ef8:	d400      	bmi.n	20000efc <dcd_event_handler+0x1a0>
20000efa:	e766      	b.n	20000dca <dcd_event_handler+0x6e>
20000efc:	2104      	movs	r1, #4
20000efe:	781a      	ldrb	r2, [r3, #0]
20000f00:	430a      	orrs	r2, r1
20000f02:	701a      	strb	r2, [r3, #0]
20000f04:	e747      	b.n	20000d96 <dcd_event_handler+0x3a>
20000f06:	4b09      	ldr	r3, [pc, #36]	; (20000f2c <dcd_event_handler+0x1d0>)
20000f08:	781a      	ldrb	r2, [r3, #0]
20000f0a:	07d2      	lsls	r2, r2, #31
20000f0c:	d400      	bmi.n	20000f10 <dcd_event_handler+0x1b4>
20000f0e:	e75c      	b.n	20000dca <dcd_event_handler+0x6e>
20000f10:	2104      	movs	r1, #4
20000f12:	781a      	ldrb	r2, [r3, #0]
20000f14:	438a      	bics	r2, r1
20000f16:	701a      	strb	r2, [r3, #0]
20000f18:	e73d      	b.n	20000d96 <dcd_event_handler+0x3a>
20000f1a:	0032      	movs	r2, r6
20000f1c:	7861      	ldrb	r1, [r4, #1]
20000f1e:	7820      	ldrb	r0, [r4, #0]
20000f20:	f000 f812 	bl	20000f48 <__tud_event_hook_cb_veneer>
20000f24:	e7b4      	b.n	20000e90 <dcd_event_handler+0x134>
20000f26:	46c0      	nop			; (mov r8, r8)
20000f28:	10006a2c 	.word	0x10006a2c
20000f2c:	200015e8 	.word	0x200015e8
20000f30:	20001640 	.word	0x20001640
20000f34:	20001cbf 	.word	0x20001cbf
20000f38:	10006a48 	.word	0x10006a48
20000f3c:	20001cbd 	.word	0x20001cbd
20000f40:	20001438 	.word	0x20001438

20000f44 <__aeabi_idiv0>:
20000f44:	4770      	bx	lr
20000f46:	46c0      	nop			; (mov r8, r8)

20000f48 <__tud_event_hook_cb_veneer>:
20000f48:	b401      	push	{r0}
20000f4a:	4802      	ldr	r0, [pc, #8]	; (20000f54 <__tud_event_hook_cb_veneer+0xc>)
20000f4c:	4684      	mov	ip, r0
20000f4e:	bc01      	pop	{r0}
20000f50:	4760      	bx	ip
20000f52:	bf00      	nop
20000f54:	10004a59 	.word	0x10004a59

20000f58 <__best_effort_wfe_or_timeout_veneer>:
20000f58:	b401      	push	{r0}
20000f5a:	4802      	ldr	r0, [pc, #8]	; (20000f64 <__best_effort_wfe_or_timeout_veneer+0xc>)
20000f5c:	4684      	mov	ip, r0
20000f5e:	bc01      	pop	{r0}
20000f60:	4760      	bx	ip
20000f62:	bf00      	nop
20000f64:	10001061 	.word	0x10001061

20000f68 <__panic_veneer>:
20000f68:	b401      	push	{r0}
20000f6a:	4802      	ldr	r0, [pc, #8]	; (20000f74 <__panic_veneer+0xc>)
20000f6c:	4684      	mov	ip, r0
20000f6e:	bc01      	pop	{r0}
20000f70:	4760      	bx	ip
20000f72:	bf00      	nop
20000f74:	100003a1 	.word	0x100003a1

20000f78 <__rp2040_chip_version_veneer>:
20000f78:	b401      	push	{r0}
20000f7a:	4802      	ldr	r0, [pc, #8]	; (20000f84 <__rp2040_chip_version_veneer+0xc>)
20000f7c:	4684      	mov	ip, r0
20000f7e:	bc01      	pop	{r0}
20000f80:	4760      	bx	ip
20000f82:	bf00      	nop
20000f84:	10000395 	.word	0x10000395

20000f88 <____wrap___aeabi_lmul_veneer>:
20000f88:	b401      	push	{r0}
20000f8a:	4802      	ldr	r0, [pc, #8]	; (20000f94 <____wrap___aeabi_lmul_veneer+0xc>)
20000f8c:	4684      	mov	ip, r0
20000f8e:	bc01      	pop	{r0}
20000f90:	4760      	bx	ip
20000f92:	bf00      	nop
20000f94:	100024a5 	.word	0x100024a5

20000f98 <____wrap_memset_veneer>:
20000f98:	b401      	push	{r0}
20000f9a:	4802      	ldr	r0, [pc, #8]	; (20000fa4 <____wrap_memset_veneer+0xc>)
20000f9c:	4684      	mov	ip, r0
20000f9e:	bc01      	pop	{r0}
20000fa0:	4760      	bx	ip
20000fa2:	bf00      	nop
20000fa4:	10002579 	.word	0x10002579

20000fa8 <__time_us_64_veneer>:
20000fa8:	b401      	push	{r0}
20000faa:	4802      	ldr	r0, [pc, #8]	; (20000fb4 <__time_us_64_veneer+0xc>)
20000fac:	4684      	mov	ip, r0
20000fae:	bc01      	pop	{r0}
20000fb0:	4760      	bx	ip
20000fb2:	bf00      	nop
20000fb4:	100011a1 	.word	0x100011a1

20000fb8 <__tu_fifo_write_veneer>:
20000fb8:	b401      	push	{r0}
20000fba:	4802      	ldr	r0, [pc, #8]	; (20000fc4 <__tu_fifo_write_veneer+0xc>)
20000fbc:	4684      	mov	ip, r0
20000fbe:	bc01      	pop	{r0}
20000fc0:	4760      	bx	ip
20000fc2:	bf00      	nop
20000fc4:	1000602d 	.word	0x1000602d

20000fc8 <striped_spin_lock_num>:
20000fc8:	00000010                                ....

20000fcc <irq_handler_chain_slots>:
20000fcc:	00000000 	.word	0x00000000
20000fd0:	00010000 	.word	0x00010000
	...
20000fdc:	00020000 	.word	0x00020000
	...
20000fe8:	00030000 	.word	0x00030000
	...
20000ff4:	00040000 	.word	0x00040000
	...
20001000:	00050000 	.word	0x00050000
	...
2000100c:	00ff0000 	.word	0x00ff0000
20001010:	00000000 	.word	0x00000000

20001014 <irq_handler_chain_first_slot>:
20001014:	b501      	push	{r0, lr}
20001016:	6848      	ldr	r0, [r1, #4]
20001018:	3101      	adds	r1, #1
2000101a:	468e      	mov	lr, r1
2000101c:	4700      	bx	r0

2000101e <irq_handler_chain_remove_tail>:
2000101e:	4670      	mov	r0, lr
20001020:	3809      	subs	r0, #9
20001022:	4901      	ldr	r1, [pc, #4]	; (20001028 <irq_handler_chain_remove_tail+0xa>)
20001024:	4788      	blx	r1
20001026:	bd01      	pop	{r0, pc}
20001028:	1000079d 	.word	0x1000079d

2000102c <default_alarm_pool>:
	...
20001040:	200010b0 00000000                       ... ....

20001048 <last_added.0>:
20001048:	ffffffff 7fffffff                       ........

20001050 <aeabi_bits_funcs>:
20001050:	00003350 	.word	0x00003350
20001054:	0000334c 	.word	0x0000334c
20001058:	00003354 	.word	0x00003354
2000105c:	00003352 	.word	0x00003352

20001060 <aeabi_bits_funcs_end>:
20001060:	0000534d 	.word	0x0000534d
20001064:	0000434d 	.word	0x0000434d
20001068:	00003453 	.word	0x00003453
2000106c:	00003443 	.word	0x00003443

20001070 <stdio_usb>:
20001070:	10004111 100040c1 10004031 10003fa9     .A...@..1@...?..
20001080:	00000000 00000100                       ........

20001088 <_usbd_qdef>:
20001088:	20001644 000c0010 00000000 00000000     D.. ............
	...

200010a4 <_usbd_rhport>:
200010a4:	000000ff                                ....

200010a8 <print_mutex>:
	...
